영업일자,느티나무 셀프BBQ_1인 수저세트,느티나무 셀프BBQ_BBQ55(단체),"느티나무 셀프BBQ_대여료 30,000원","느티나무 셀프BBQ_대여료 60,000원","느티나무 셀프BBQ_대여료 90,000원","느티나무 셀프BBQ_본삼겹 (단품,실내)",느티나무 셀프BBQ_스프라이트 (단체),느티나무 셀프BBQ_신라면,느티나무 셀프BBQ_쌈야채세트,느티나무 셀프BBQ_쌈장,느티나무 셀프BBQ_육개장 사발면,느티나무 셀프BBQ_일회용 소주컵,느티나무 셀프BBQ_일회용 종이컵,느티나무 셀프BBQ_잔디그늘집 대여료 (12인석),느티나무 셀프BBQ_잔디그늘집 대여료 (6인석),느티나무 셀프BBQ_잔디그늘집 의자 추가,느티나무 셀프BBQ_참이슬 (단체),느티나무 셀프BBQ_친환경 접시 14cm,느티나무 셀프BBQ_친환경 접시 23cm,느티나무 셀프BBQ_카스 병(단체),느티나무 셀프BBQ_콜라 (단체),느티나무 셀프BBQ_햇반,느티나무 셀프BBQ_허브솔트,담하_(단체) 공깃밥,담하_(단체) 생목살 김치전골 2.0,담하_(단체) 은이버섯 갈비탕,담하_(단체) 한우 우거지 국밥,담하_(단체) 황태해장국 3/27까지,담하_(정식) 된장찌개,담하_(정식) 물냉면 ,담하_(정식) 비빔냉면,담하_(후식) 된장찌개,담하_(후식) 물냉면,담하_(후식) 비빔냉면,담하_갑오징어 비빔밥,담하_갱시기,담하_공깃밥,담하_꼬막 비빔밥,담하_느린마을 막걸리,담하_담하 한우 불고기,담하_담하 한우 불고기 정식,담하_더덕 한우 지짐,담하_들깨 양지탕,담하_라면사리,담하_룸 이용료,담하_메밀면 사리,담하_명인안동소주,담하_명태회 비빔냉면,담하_문막 복분자 칵테일,담하_봉평메밀 물냉면,담하_생목살 김치찌개,담하_스프라이트,담하_은이버섯 갈비탕,담하_제로콜라,담하_참이슬,담하_처음처럼,담하_카스,담하_콜라,담하_테라,담하_하동 매실 칵테일,담하_한우 떡갈비 정식,담하_한우 미역국 정식,담하_한우 우거지 국밥,담하_한우 차돌박이 된장찌개,담하_황태해장국,라그로타_AUS (200g),라그로타_G-Charge(3),라그로타_Gls.Sileni,라그로타_Gls.미션 서드,라그로타_Open Food,라그로타_그릴드 비프 샐러드,라그로타_까르보나라,라그로타_모둠 해산물 플래터,라그로타_미션 서드 카베르네 쉬라,라그로타_버섯 크림 리조또,라그로타_빵 추가 (1인),라그로타_스프라이트,라그로타_시저 샐러드 ,라그로타_아메리카노,라그로타_알리오 에 올리오 ,라그로타_양갈비 (4ps),라그로타_자몽리치에이드,라그로타_제로콜라,라그로타_카스,라그로타_콜라,라그로타_하이네켄(생),라그로타_한우 (200g),라그로타_해산물 토마토 리조또,라그로타_해산물 토마토 스튜 파스타,라그로타_해산물 토마토 스파게티,"미라시아_(단체)브런치주중 36,000",미라시아_(오븐) 하와이안 쉬림프 피자,미라시아_(화덕) 불고기 페퍼로니 반반피자,미라시아_BBQ Platter,미라시아_BBQ 고기추가,미라시아_공깃밥,미라시아_글라스와인 (레드),미라시아_레인보우칵테일(알코올),미라시아_미라시아 브런치 (패키지),미라시아_버드와이저(무제한),미라시아_보일링 랍스타 플래터,미라시아_보일링 랍스타 플래터(덜매운맛),미라시아_브런치 2인 패키지 ,미라시아_브런치 4인 패키지 ,미라시아_브런치(대인) 주말,미라시아_브런치(대인) 주중,미라시아_브런치(어린이),미라시아_쉬림프 투움바 파스타,미라시아_스텔라(무제한),미라시아_스프라이트,미라시아_애플망고 에이드,미라시아_얼그레이 하이볼,미라시아_오븐구이 윙과 킬바사소세지,미라시아_유자 하이볼,미라시아_잭 애플 토닉,미라시아_칠리 치즈 프라이,미라시아_코카콜라,미라시아_코카콜라(제로),미라시아_콥 샐러드,미라시아_파스타면 추가(150g),미라시아_핑크레몬에이드,연회장_Cass Beer,연회장_Conference L1,연회장_Conference L2,연회장_Conference L3,연회장_Conference M1,연회장_Conference M8,연회장_Conference M9,연회장_Convention Hall,연회장_Cookie Platter,연회장_Grand Ballroom,연회장_OPUS 2,연회장_Regular Coffee,연회장_골뱅이무침,연회장_공깃밥,연회장_돈목살 김치찌개 (밥포함),연회장_로제 치즈떡볶이,연회장_마라샹궈,연회장_매콤 무뼈닭발&계란찜,연회장_모둠 돈육구이(3인),연회장_삼겹살추가 (200g),연회장_야채추가,연회장_왕갈비치킨,연회장_주먹밥 (2ea),카페테리아_공깃밥(추가),카페테리아_구슬아이스크림,카페테리아_단체식 13000(신),카페테리아_단체식 18000(신),카페테리아_돼지고기 김치찌개,카페테리아_복숭아 아이스티,카페테리아_새우 볶음밥,카페테리아_새우튀김 우동,카페테리아_샷 추가,카페테리아_수제 등심 돈까스,카페테리아_아메리카노(HOT),카페테리아_아메리카노(ICE),카페테리아_약 고추장 돌솥비빔밥,카페테리아_어린이 돈까스,카페테리아_오픈푸드,카페테리아_진사골 설렁탕,카페테리아_짜장면,카페테리아_짜장밥,카페테리아_짬뽕,카페테리아_짬뽕밥,카페테리아_치즈돈까스,카페테리아_카페라떼(HOT),카페테리아_카페라떼(ICE),카페테리아_한상 삼겹구이 정식(2인) 소요시간 약 15~20분,포레스트릿_꼬치어묵,포레스트릿_떡볶이,포레스트릿_복숭아 아이스티,포레스트릿_생수,포레스트릿_스프라이트,포레스트릿_아메리카노(HOT),포레스트릿_아메리카노(ICE),포레스트릿_치즈 핫도그,포레스트릿_카페라떼(HOT),포레스트릿_카페라떼(ICE),포레스트릿_코카콜라,포레스트릿_페스츄리 소시지,화담숲주막_느린마을 막걸리,화담숲주막_단호박 식혜 ,화담숲주막_병천순대,화담숲주막_스프라이트,화담숲주막_참살이 막걸리,화담숲주막_찹쌀식혜,화담숲주막_콜라,화담숲주막_해물파전,화담숲카페_메밀미숫가루,화담숲카페_아메리카노 HOT,화담숲카페_아메리카노 ICE,화담숲카페_카페라떼 ICE,화담숲카페_현미뻥스크림
TEST_00+1일,6.550272782708826,11.001837026938276,6.250326779536492,3.832833084418061,0.6383077099963473,0.8889215790370103,5.678904654406396,3.6540968272204313,2.6830594952122664,0.5660214061439708,1.0248101951000232,0.47227848350567875,0.9040846402324805,3.95471221609782,21.79574171633356,1.8965583440591038,10.839006098168499,0.6659498225775091,1.5191430007413675,13.349859518185488,5.830881513768031,1.4184368271962833,0.5619054885564402,0.6680394891014687,9.154349020212674,7.620612410726571,5.890762887628499,18.919661353921494,6.186648556543144,3.2625662069630224,2.4343956238126574,2.6871519954640015,2.043928342752391,1.2658450024254961,0.6604241846683303,0.037856298259080476,29.949841859729133,0.06797424693810675,1.321922366871644,24.331289269057564,13.107594117695342,1.114881081630517,0.10363312340250251,1.3121805355881277,0.4974169848516272,2.3169945153081777,0.317838181355183,3.802241790702941,0.540945677927141,3.384526373353975,10.866394621954687,0.7166440399568217,5.636009834028461,0.6117657312347808,1.9015664238433077,0.4862894505373692,1.347320281521017,0.5475924745340213,1.2576103343231873,0.764064124358609,7.437934585755803,7.188559652009864,12.15573163996999,8.550095804581002,6.87602291142865,2.7843565482229824,0.7579339136173859,0.6884080323702197,2.2849162346490846,1.5514057844484714,1.8111436670002041,3.5389809965774526,0.3159909215566786,0.5994491467730196,3.0374698027093103,1.0481299766314724,0.5339315683725674,1.8207318628410076,0.8911293128845998,3.2060082773320904,1.9599737241861324,0.9655532828676164,0.6021014541938977,1.0258583033336692,1.3657824295766734,1.9772289596685653,1.733794344806077,1.1743016138277806,2.3724643063637707,4.345869238713991,14.606216318415193,1.223985979252141,2.6052968839419215,7.4819934626311,0.6413268267834902,0.605712878076205,0.33951940359484917,0.5777380205529685,17.53591419971951,6.127966406152493,1.1948542823016899,0.42487867515327293,4.632824204024438,0.2357163778181233,160.37920269145584,25.389714555955976,30.295600089921596,3.2903857433541703,3.497272002279239,0.9816362775122839,2.524365585858806,0.8450711195235927,1.50070743339605,0.8413916501920773,0.5820905706895475,0.8191210266544194,1.2235136187376527,1.278028366915764,2.4053902895008163,0.8740749987735802,0.08973830641624472,12.813853779936512,0.40773315072039357,0.47979316655120635,0.1416113014799574,0.3493240406549739,0.37726971191249664,0.21056727679041068,0.5114749827522111,1.6870235924480559,0.4441934259740336,0.18319650725066283,20.6386948232748,1.61216653075122,1.6020250077020168,1.3494549906951114,0.6980673113021442,0.28852075174612474,0.5273578544774707,2.4824412295884706,0.7720053183403195,0.44491539442867734,2.2886110365995247,0.6480095310064212,5.655365321074245,0.0346787121770632,41.94002455706347,43.127404154604555,12.640676370243305,0.08789945142992998,6.327090096189054,0.18867882876872988,0.01891069888856281,16.34737577992063,0.12983618825953427,0.2506871943664933,26.374407810469595,6.084696411931665,5.700803925841726,0.2653806754827982,8.82442147200511,0.6020745304818536,5.52594352050936,2.49669611011902,6.5314615573139445,0.08654953860107861,0.06585630557684895,6.460940957316169,0.27659045994901205,2.2841756389411296,0.5207816254095413,16.96717685854976,2.669144196946271,0.5430769096818658,20.480002070551112,3.421862221281314,0.4213899314125015,2.1585636048121746,3.7418378005648867,1.9044762684987662,17.938605586328475,7.73073941024482,17.280751729121462,7.635981728234351,12.699932331523401,16.550209215320283,7.499671847341413,55.64011103531276,45.88900574913963,3.7991308274189137,52.74826045659447,9.633959060405848,18.65317792858962
TEST_00+2일,5.004256545682411,16.05346165339211,2.754345520126486,1.2078276355177202,0.4305909035018334,1.0551399360126839,6.259774251627596,2.693930049581712,2.214952433340859,0.40472541437342296,0.919066885827273,0.47368192145093446,0.7800427867660233,2.455488601304345,11.706929941409872,0.9792322178395422,16.600129348782623,0.6602699472455136,1.1083307389709653,19.57062559611177,6.955153317227947,1.080287686456838,0.42280353210057,0.6099143326262572,9.696334482831107,7.88883912100194,5.3840633619738005,19.45935055547214,6.1224997081503325,3.3180112364608045,2.4013718445341135,2.9742570307109273,1.6530885447126782,1.219402292237171,0.6563021405036628,0.04881214202081411,19.241592444954605,0.0824559513700665,1.271047411283661,18.353397832750762,12.631537430781218,1.183488638099241,0.12820602957679333,1.3724802949517945,0.5440774420838433,1.7222702265357628,0.2868270916052332,3.499447014293702,0.5070515186828063,3.0471031747752835,10.841159522382487,0.9260936021426757,5.470854531432116,0.5104140602194729,1.8325090383617337,0.523594544496432,1.1581234496447643,0.562894784671294,1.163388951344799,0.6538017830947008,6.037215621284797,5.164148314701915,9.206064567965594,8.506251525710201,5.909080420460004,2.4661269645049653,0.5751655495083804,0.6945408361507821,2.0887235806278714,1.435268296859031,1.6633025488004596,3.2671422632769924,0.28465360485902547,0.629033126630602,2.6722421280836106,1.165425387879692,0.4581069054203088,1.659790078441281,0.9062596612392294,2.8999213006986695,1.7808244794193242,0.7706795262339472,0.5504124398056298,0.9503202176241704,1.3200674250470135,1.685308795746163,1.6565776992625956,1.1233228427749493,2.206970630983159,3.2854039528054275,24.49078249651123,1.1142444988383542,1.9146275266093398,4.870005861968307,0.5407199592747751,0.5693767975369995,0.3281671984273524,0.5505086564373406,15.157477309978512,4.888384346678638,1.1354533984723552,0.4461906374835628,4.817593571393998,0.2564134640993315,37.36978315481653,61.80987249179254,21.1556860833994,2.6421278271596886,3.0392314522668706,0.8862956337815494,1.852275677584893,0.7408763720304941,1.4720413994520354,0.7897407303964427,0.6208896199746852,0.7205932860010765,1.0735056858848695,1.1590497443861763,2.260805575449707,0.8311249897677817,0.06930184405136135,12.847958140668167,0.28647667087016765,0.37401363702009915,0.20131881288679299,0.29951692805930286,0.30978996628294264,0.27893354457110975,0.4952774875047744,2.0885323289375006,0.43115114609861166,0.23400779946351707,24.18318878127265,0.5797767312876312,0.9909044695172864,0.6681396042677192,0.3520292625563048,0.2588805582254114,0.24196881415108332,1.1211060727118782,0.5036487809123452,0.19449120457408192,1.0978849375431692,0.5065637548298088,4.60176237343593,0.0848807684398541,30.778767492926633,61.74553344400644,10.892360643062863,0.11060948616127446,5.0728767964576145,0.2583673634361039,0.022751172907304454,11.73993946997464,0.1611294633820458,0.31140117751989693,23.44462904428869,3.3958655118368237,6.267221446988327,0.3253341398308466,5.081420048806852,0.5512079380637511,4.091878215610024,2.486887668075521,5.67733405959418,0.11190511168555227,0.08452559148740177,5.432484418443474,0.39112033446543676,4.298117280827667,0.9269860774614527,17.265645613273833,3.366524004914926,0.5749903983319062,23.54391251295793,5.391874184118887,0.5031865043016763,2.0657606489658393,6.586980352204283,2.9592988393093265,14.359522534908455,7.081396090666316,14.868011419047454,6.9664983611688704,11.920949030624488,13.992650703422592,6.7684827871259685,47.78764686739738,37.0595501210439,3.65519956484727,45.275803823423814,8.471063962399517,14.892381706594882
TEST_00+3일,4.821066136363944,19.070938932993272,2.7892288685621573,1.2090512845880987,0.30786484083841886,0.8954424622165078,6.938603451501325,2.4953537622326087,2.0895796968958846,0.36737495428943334,1.003051051486059,0.4380041012874609,0.744203784158992,1.87150325938324,9.777219834950712,0.7760967704082327,17.0794099708028,0.7229556077021463,0.9722286179104925,20.96688174087682,7.037933791471861,1.092061695830772,0.4939514661582998,0.616227119062252,10.019442528003175,8.527914510237764,5.807195434393808,31.985266757215133,6.146229517580249,3.1345845821842655,2.210607310367716,3.070995599356656,1.8169408315352797,1.166714784197485,0.6598895307950863,0.059176573726641,16.488448449271136,0.0979369825528733,1.1979528122574,16.76789813631999,12.319625855702665,1.023974710059824,0.16569566672921537,1.334655720395876,0.6079533280914684,1.6549391151102735,0.3066788001002047,3.4152093387182108,0.49170044710153854,2.9689642808660732,10.396149116464269,0.6696941289968794,5.177728375073692,0.5969403913773403,1.7708253145220498,0.5017451925277622,1.0698008054296226,0.5719552177234513,1.287157990257092,0.5372298356777088,4.632906332730242,3.8634526150780464,7.535789031034437,8.565034735132942,5.443336570416197,2.48399416801804,0.7269474540089258,0.7509308022807363,2.0681648171825247,1.316532937041109,1.5432867058420292,3.280863216574764,0.2542028720210316,0.6793735878382378,2.771627058313684,1.1868039006319757,0.45759604880617316,1.7508984655915567,0.9176285081735726,3.0665557873123217,1.6676860318298252,0.7950813078721418,0.574154025991735,0.8752304167250721,1.346756392292375,1.8905587743761416,1.6734851030240734,1.1953040178053762,2.2756967393648835,3.882044388326224,39.517760178325176,1.0132792096504217,1.5268156640477766,4.0836189620555725,0.45803232819689715,0.5794036676299267,0.3505146686217862,0.448856761674163,15.168091230958254,4.428115324173826,1.111445987343822,0.520347997400741,4.512487225305708,0.29747378367901783,12.228266643897824,60.20943219751228,16.572576100248973,2.5217573149828807,2.9867410535214316,0.8321289452569184,1.8324659141641182,0.675843329810999,1.4092917155916047,0.8376156190670501,0.6899251674104268,0.761547329894692,0.9145564554005334,1.0131228483306682,2.2585601878909425,0.7857154869275748,0.08244330296620814,12.451642805967468,0.3261246524610652,0.42929447782746144,0.26687505279659607,0.3596672496592949,0.25754080378913546,0.3264816712834322,0.5383521841742309,3.140816510861468,0.4628649457893627,0.2973763612539421,24.070875740503162,0.597533819474192,1.0725013456732013,0.6803951634804819,0.301496777457704,0.2630550335647502,0.2762533032109362,1.0179761837623562,0.43601566940744585,0.26141072767898765,1.0078329408444027,0.5640814908618396,4.3891936960866795,0.10844126027564192,32.514744889595605,74.62034466504002,9.87797395433975,0.1443581326717183,4.763450543363558,0.3410219258946745,0.02547830647474593,10.677766064576831,0.18881409997439164,0.3654437207565613,22.100178528262777,2.977710067205544,6.559135268261712,0.3974839699638664,3.9660850893109347,0.48696037334582876,3.6110902828218996,2.570642752543996,4.998773257001979,0.13628992625466932,0.10856890647921948,4.83342887271716,0.39213030623681633,8.39810833747116,1.0862679728585747,18.342511436387802,3.970545302197594,0.5602555499597223,23.291167206588,7.268548676360154,0.5349106355216382,1.857455862447591,7.998094774167872,3.5059829781726357,11.604353605480009,6.569152604936772,12.589534913030684,6.031370632199661,11.203935332016778,11.79145109623296,6.122234859703058,41.699865405563955,36.73344161482682,3.7765128632966496,44.91349085335138,8.18119456871642,12.322145172517468
TEST_00+4일,5.325325641668153,23.94728471384584,2.988670060332075,1.4134051230050215,0.29047871957075394,0.854051511945795,8.91767961565182,3.038148148125515,2.023689550858165,0.30567610121324923,1.0928899278097928,0.41562306140843647,0.8589393511511354,1.8687292802997615,12.376166447615093,1.0116115819097067,19.701295687335318,0.7310368894932291,1.028911949179951,27.388578546307627,8.10757204989016,1.0720790237172606,0.49916526625778374,0.7772348200438587,14.358353658705443,7.566132179722027,6.255317850527444,31.68519599837445,6.341097213015895,3.207337832221551,2.1722523526068658,3.538727229188692,1.7011741203794113,1.295704353203883,0.6467958266417208,0.06498742091200813,18.78000382950701,0.10653058296994365,1.2367615063616348,19.194631218634967,12.870459699159339,1.0526617611853823,0.17193237734681585,1.3770199666824092,0.6274939473686,1.6399844252951172,0.2749052815970919,3.32502046746786,0.5325916575240265,2.8373170396644714,10.942011981098995,0.6382896200091682,5.092187261898196,0.4992508543071333,1.9846276478276565,0.5259614288106039,1.0870786977671212,0.6880150984996481,1.0735490925363496,0.5193153241577054,4.632018794171462,3.424100309510774,7.176099520039572,9.125385599175939,5.414648067257747,2.5296822737964715,0.6626329839682066,0.7180388341605155,1.9710206622235869,1.2352561737232644,1.7008107349298969,3.296817783260254,0.26454512255821583,0.786330603015264,2.8513246034841755,1.1398601121560523,0.4837313130022021,1.7417876022728407,0.9285249351857661,3.286604174726497,1.6880241788359998,0.8842974787797107,0.5899354261732148,0.9775923252496919,1.3519020915500188,1.936558847430693,1.6908122417685743,1.1676697355734023,2.366984718153159,4.352134154332775,42.500731055067234,1.041321158536987,1.469325941477277,4.222425101817363,0.6490178951206746,0.6125205946598701,0.37723376482356824,0.43384103502035676,16.145107367431628,4.143130938434507,1.035389629533873,0.5360580331732049,4.382153963173116,0.2921133479192407,14.223552475917685,58.080042637213595,16.69412472145433,2.844751256704511,2.771752003017461,0.9316148654349359,1.7511695857187315,0.6622458411864047,1.387364418263139,0.9483470419820144,0.7039740011639278,0.8348827748562602,1.0081471735797671,1.0257266336047297,2.1316830372250584,0.7500360939568659,0.09136994199695317,13.242998571867979,0.36353755993338477,0.3063347148259278,0.3590440761923979,0.3222094754869081,0.205974580740764,0.3769345903489898,0.5183111268868116,3.4299567476396255,0.4493305756503551,0.33631701625693605,21.0876640648492,0.8460983198086797,1.2102540187704653,0.8199652428798558,0.36459346444682506,0.276558499562959,0.3636022637033992,1.3731033453653205,0.47249577142414956,0.2769726867110408,1.154696919450339,0.6747956731442326,4.710717534771433,0.21965458913079,37.739821029784075,76.927016878893,9.866126052632003,0.1782543559105854,5.100930742170582,0.4175918086338686,0.02758440259547991,12.239967636958164,0.23749050940570376,0.5119097792224999,22.038091609294455,3.193401182327033,6.774584743570827,0.48907653692433556,3.956207394114261,0.4394937821524633,3.8426791146584036,2.489124413471105,5.07993999890521,0.16109742128555005,0.13991596054899774,5.1559867452943555,0.4058343532685872,9.635501901034116,0.8832390827638377,16.593322066710936,3.9050805517185276,0.5611425222374009,22.360819435078763,8.450302940180721,0.5369891119803907,1.9536025827497605,7.403470565505659,3.275798171512138,12.363120568367625,7.073213629787564,13.57555958098053,6.768692750638304,11.65531057316548,13.213974330540655,6.6415265963368695,43.54133112179207,37.12926400967136,4.099744601660452,46.882751306108865,8.744249447228215,13.125037207292872
TEST_00+5일,6.218853189838731,27.446994480650982,4.162113010445286,1.8237379361240225,0.3479492772193843,1.0473931801166214,10.274010716219017,3.858585431555295,2.1371807965719514,0.4798770034203162,0.9998158967073861,0.37791112387564063,0.9611655032358486,2.8951669092146517,18.8598419033826,1.3113168541437699,23.573340433100956,0.7116677930169323,1.248412037697693,34.37860845207282,9.515002146972195,1.1623867160910888,0.5331804000904222,0.8916291937737973,11.975583436925454,7.372068237353731,6.419046555137367,38.26874570180719,6.403232339333858,3.4321322920888298,2.1787427363559537,4.080186590932372,1.6874071532261201,1.3024040797714045,0.6696493052008893,0.0711928484890128,25.544829075295898,0.11658056701737063,1.2050210752845647,25.634329566391106,13.860825066625859,1.161253185257908,0.12465372175141758,1.3080790146197183,0.4963954441010462,2.0198484180535026,0.3311241725220319,3.148639499446388,0.5624741598395981,2.870852982360923,11.637141783286049,0.7321917671242448,5.148927702254666,0.574969498607381,2.2179145279679218,0.5331769433379351,1.1449844296277023,0.6776139739579089,1.170578779915061,0.6207039903818049,6.310435673098722,4.098219229435119,8.060432588170702,10.00353911842779,6.000662011659243,2.556562788320942,0.7647291335701101,0.7101783505590106,2.068159900870142,1.1887712277522433,1.79882001825381,3.449982207220318,0.27041814246067686,0.8114296933485218,2.8543772346520617,1.1735681024870652,0.5480041832897236,1.7516716068609242,1.1031597401071374,3.3998060339549903,1.6689522673415338,1.1313388011021666,0.731967507008403,0.933919877579376,1.4465954457352963,2.0261449320229605,1.6842558881245553,1.1754289479272302,2.4688045386473827,4.578133383098881,44.136296618088934,1.0599071342178754,1.8654674198182553,5.279452791147627,0.843118402215116,0.6807867283528424,0.4119469530400023,0.5282830205872937,16.84621653359443,4.49450202133862,1.0403427920640824,0.5632676856897942,4.872953159898044,0.2657646415658456,13.48545589917697,60.40337724971253,17.966456010975214,3.220558697631154,3.1898823869624526,0.9538313249716375,1.8857183796662196,0.7014161097745846,1.2973594635614125,0.953910317522174,0.7116529451581833,0.7721022647709564,1.055800689947782,1.1442037479460683,2.22770170872861,0.6473319314316127,0.11690946484368078,17.018881345689767,0.36228402893150724,0.2852968947875252,0.45030620419331385,0.2973948184123029,0.24255596952388656,0.4317052481731655,0.5657694898455321,3.915983006918905,0.45678352948228024,0.35503702181576435,21.238602824511258,1.0563832267569353,1.564133097038904,1.2102663163628706,0.6558803255131818,0.3391637922561981,0.6760766655158361,1.857108920354782,0.5497751161993643,0.21827207791691433,1.5767078469805327,0.7685018080929952,5.877904756098871,0.38506415205835576,48.19896185492125,71.57030116741086,10.710786163674213,0.2039410480488993,5.5114857712762495,0.46837569562416986,0.02914545675574982,14.712274335356362,0.30746578150733644,0.6638576485418748,23.44010621401455,3.7010897358924804,6.145668971639169,0.5664081399235038,5.274720515551999,0.5456427279971217,4.171210435740828,2.537493861957708,5.768979288740624,0.20809014379062546,0.1553722905776837,5.998701292573821,0.4009424994741206,8.653226766336106,0.7132669168358003,18.412332903656257,4.107800813676596,0.5006848776454282,23.365201209996364,8.445568547246967,0.5102323693677185,2.1207848063956996,7.673283140268782,3.2115988747681175,13.074075214911648,6.71791528905164,13.305948626987798,6.651692921237584,10.818249512670835,12.780236703152177,6.398277082329126,42.04363415026801,38.4598324312429,3.90074525059831,47.886876513259786,8.718105889373822,13.744477248892233
TEST_00+6일,8.126397275847028,20.927772541417184,7.633216926856398,3.9649535121106876,0.5729556389648789,0.9908359685653516,6.99795360383801,4.817651803516973,2.575077547331239,0.7504737625986825,1.0072157809077869,0.3840730887807882,1.1305904796063815,4.009351529825971,27.920090196023416,1.8344115143756237,18.61966297641352,0.8196486252012287,1.577454200244132,26.873908982568054,8.344279083733195,1.4157860731888767,0.5999146967544484,0.6409161682140185,12.408385466857766,7.889946430459041,6.659379584330366,47.31988151951606,6.724079429997209,3.612381927754523,2.4480047307080723,3.8942319013237205,1.863501005821903,1.4220364517931021,0.6075022171177972,0.07835862907230269,37.99117999074133,0.12987457561645832,1.2977458650988658,33.348314259915995,14.484151423892325,1.1781608273302788,0.11834752615789239,1.281075288386268,0.5744206535036717,2.4827417067236,0.31987820601723305,3.248714776201482,0.5574336104531705,3.0940633460619553,12.419867466903064,0.7387791428317365,5.338856083134052,0.7241860037537203,2.5030181901857866,0.6622927559886668,1.3001152626420687,0.7336760590794955,1.0955225499159622,0.5840889327417437,8.13436049591167,5.686884728722849,10.20843144336009,10.734116911073862,6.356482899034101,2.868891201705062,0.6856775774915373,0.9303404644129267,2.272319374675949,0.9885164500100295,1.805396744202568,3.526441907734008,0.3037275726462619,0.8036738353673397,3.0233960633803165,1.1059911867279637,0.559916103563548,1.764810759019207,1.1274307185388293,3.6101267320373425,2.1043571171927224,0.9826227466489306,0.6287952019226245,0.8603382521314094,1.426216912279363,1.7971686378524374,1.7679053652698,1.2412278016417704,2.44269082757804,5.06916941597448,39.95727262440595,1.0552379357457053,2.6044359816109255,7.481087001395033,1.1739137703322555,0.6439818542967012,0.34303820110626343,0.5685730341410259,20.115776882580818,5.998113284815898,1.1205480783715998,0.6283922559339533,5.39885592254928,0.2788300991236804,29.733697476147206,56.33270744855587,22.676890577609832,3.7171446821269747,3.465640041410103,1.0196485814567193,2.12421897256213,0.7750618067681824,1.3125226686302187,1.173365487271218,0.6919771422601338,0.8191138998591049,1.1732898397027527,1.1162595894484586,2.3169121686134755,0.9539405651981273,0.11325295731444027,21.215940837600034,0.4180196101207348,0.3981161731988518,0.42680032477827595,0.289703601698819,0.2933815939158503,0.3326870096214199,0.5557490040039712,2.9801866906125256,0.4577133928606599,0.3460782411757078,18.55084178958384,3.5595813643985434,2.5224553119387276,3.6768909984251725,1.765825211339545,0.4534046311905049,1.9045485399517454,6.712647532245986,0.8827254305029069,0.41402706172582493,3.2184397284985544,0.9508895617667446,8.198571841662751,0.4360499701333696,61.17359349059457,67.11912864376714,12.383381834333008,0.2380475208405283,7.394197343922986,0.5417426278543283,0.0349866488992005,19.48365076180713,0.36638418178756565,0.7291041402744947,25.43264893656209,5.623190875911233,7.002474618549471,0.6200311064688415,8.900962407819632,0.6654885260316399,5.139744425826867,2.7570224054622674,7.182418028396763,0.25678661382298745,0.17277994706630018,7.104592443706968,0.41708144329144187,11.034109969186602,0.789970313352126,21.79616366882691,4.628980881372243,0.5936166318508385,24.284832389361604,9.450517406348649,0.5700395749854545,2.5041075453506387,8.577428896813041,3.544518000821756,17.0373106418251,7.4432116842433995,15.612013658782269,7.9617252557334215,12.330675737881638,15.49990777249085,7.727322018402889,52.837258734837306,41.04028889988174,3.9599266778862003,50.94165601035559,9.250049126256455,17.54735508513769
TEST_00+7일,8.63690120000636,16.10589911665896,9.93179367518695,7.157775731107717,0.693166209418805,1.0919531185548013,5.343155167742878,4.879381756293498,2.7541491980813704,0.7774909567493091,1.0416743068916055,0.45657253755486293,1.1831790144069805,4.655155757164509,30.91284706006332,2.146411884112662,12.423772529370588,0.8474381112159224,1.7626285106727335,16.0127000365135,6.158042196378452,1.439095225708991,0.6447231021637511,0.6615155234561657,7.290368295861702,6.645086096119684,5.4901593869800385,34.325398209245975,6.337105914478576,3.819906496054129,2.6083867664725573,3.4715282155781932,1.8933284482553963,1.3041284824253925,0.5970977267438038,0.08551271597712262,43.73113830911694,0.14280246314708703,1.2747531102972731,35.71188031391595,14.50985118842051,1.1074986227769328,0.10779810969207625,1.6091221639807298,0.5388649700991012,2.7695869646384343,0.2888068355903864,3.3603859073689977,0.5846716055332734,3.404436720047544,12.955080637339307,0.8976405042306447,5.796037894438744,0.657533015460019,2.3474781302054186,0.5382319883880596,1.3766766923131388,0.7971883896168386,1.2295833930012572,0.7447250122909008,8.91062594770922,7.2155608626867105,12.560104793726776,10.915758525512588,7.0104020043863855,3.0816363894748187,0.5659358026412852,1.0423229263488383,2.3441239798834115,1.0022788987131688,1.8207909392291683,3.608168397694464,0.2738702672230289,0.7240636569610575,3.2957937083621354,1.1331557566753931,0.5732180976854689,1.7620795279789918,1.1793984217530402,3.6888850887863827,2.326653735249118,0.9459865420701884,0.6141601537493898,1.0011349394759876,1.4541420730600745,2.51673733622114,1.8007214514627292,1.403341818201127,2.5358516896246464,5.383088950774447,16.40257080879888,1.1737668115938882,3.469818869179666,10.147725439008324,1.0017898014437359,0.6436659635729118,0.3729038380018116,0.6412886341403704,15.134593974891107,7.546145678213339,1.1208361861625147,0.6309385827222087,5.645434156145488,0.3748678365410837,129.4973533362171,19.662942245784105,29.762827843863604,4.157433402070205,3.852424737414975,1.147796869370438,2.529601295540327,0.9532047489272026,1.370114732839089,1.090224727364362,0.683822616004742,0.883593402575093,1.2783658904163524,1.1507692690793518,2.3090990068177644,1.3962257913211265,0.13559237517529119,17.21986460673228,0.4208327994046763,0.414565049234737,0.258536879716317,0.32430571117622814,0.30727043152181477,0.218422855569473,0.4848066461814194,2.0186505495587888,0.42102837970663287,0.2719435741622589,15.973338877432022,5.042317472454069,2.8515415339614876,5.241774635741979,2.6220143046038262,0.4592840948162236,2.537598285057421,9.217213738194745,1.0980978880307597,0.7047072836285734,4.219395674282467,0.9715411275459894,8.571289553890711,0.4762638947614035,79.06473039693195,59.8264960617393,12.868728874630024,0.27826945066161174,8.95917486931967,0.6055476084842293,0.0414025202930852,22.9753006032641,0.43609401674477716,0.7853612359984479,27.14900406356005,7.853321672832312,7.199403881495081,0.6934577059874708,12.10719648068867,0.7969973060989323,6.541141069044503,2.9244826861067823,8.637547674467134,0.3069167887682333,0.1884271611990287,7.730314777391567,0.5113068026554237,14.679478878602929,0.8201183392668127,24.035173041908376,4.747137758292573,0.8889811545530334,26.709129224280804,10.45377811519319,0.7237977837442816,2.9203091538681965,8.956256099356553,3.868257825131429,20.26570581249653,8.742998437222553,19.490424640969643,9.685345841331745,14.118995969603082,17.92649854084458,9.29026204720772,67.45979291188193,47.90959001115197,4.3615154202049125,58.31996815137149,10.87630573913429,21.596536291025103
TEST_01+1일,4.432099134347499,6.505165841428804,6.836720084531845,3.449526200873051,0.593845178869618,1.2733355408702565,3.3119168695711245,4.316436669307759,3.172949028002491,0.5547371812462967,1.105752250903832,0.5285059899695512,0.8711891378328349,3.68923018928327,18.643002653183792,1.5968896992765989,7.64132422047325,0.4431406730739547,1.3913894350661027,9.677713334460352,3.357661160155303,1.0594379900943443,0.6108414009403705,0.8023078026394787,12.440787566901326,6.786693739326644,4.813727702485812,27.31619364040824,5.125502045157378,4.841352382106519,2.65468541685144,5.017565782497682,2.200109299732697,1.3637970810624411,0.8858622318703959,0.03785629825908047,42.72022888784747,0.06797424693810675,1.5680854795259556,34.490774508043756,14.334701378044318,1.1842477906904736,0.10363312340250251,0.5462723464097891,0.6397562656062767,3.2575356042012684,0.30036767230269146,3.955635763575996,0.6582058963937114,4.432139803088729,10.819261448008131,1.0951020122596506,5.27148401083587,0.5029042707662504,2.2197793497206346,1.112598239442952,1.6333233781719374,1.096964241092303,1.3038198997764705,1.1712620321316511,13.431824758753155,7.344762668642017,10.490168411162411,10.123673653434354,7.026675282416033,2.6883709948980905,0.5098901691139476,1.4248828153266129,2.7649743552521766,0.21804437073418276,1.6995526924676265,0.42377974418101494,0.5820377399688054,0.4773142659144751,3.1445983381644838,1.523656286246944,0.37230541843900183,1.6829663151887366,0.6774648228874061,3.0526502450180963,1.8514535143902013,1.015613626894755,1.0486378372708338,1.0059244236369027,1.0983807620478763,1.7842863903951898,1.404322682538813,1.4971765402159976,1.7510030637613183,4.742238906903419,8.104635854493738,1.5684812726364672,3.295292875046882,9.360698803276218,0.9257774107794948,0.7500395492085469,0.4361932890575598,0.6081771963325967,24.224276467575656,7.375814463985348,1.414425549124578,0.7848206128870274,6.928402602618284,0.5014954769824703,123.72901332310784,13.487829347905544,34.77733838506698,4.1483296234979825,4.114851820600309,1.2275337490785474,3.137657920493548,0.668016598435325,1.5216861875205507,0.7405449793682651,0.7871513190842012,1.122697647075087,3.0971242874715275,1.430320267120452,2.4557532287691046,1.1396746917506655,0.08973830641624474,10.803288309374857,0.24786401701731958,0.1258525164947623,0.23976629872880004,0.23462742611646517,0.2151472150712753,0.25787028642355353,0.2746312636785823,1.9022936613214954,0.27104556073406993,0.1589148322380485,14.659100294710495,3.9773494887977807,3.4728967310402394,4.037293121239665,2.406443062643257,0.9457968120437774,2.2140875736555445,6.766660594173146,0.8799318374075187,0.4550342929033505,4.0612527575610535,1.6731264832307242,6.7320790564601,0.0346787121770632,20.560910568573224,28.54358986549211,10.475013151502887,0.1908214548714591,8.109762775802935,0.1886788287687299,0.01891069888856281,18.072772581215848,0.12983618825953427,1.0587887489877086,17.637743958350864,6.680233990546007,8.870669892665948,0.2653806754827982,13.049540321867395,0.8249624333789328,6.873467975158272,2.8834151479497345,11.877334738397867,0.08594250172104469,0.28458368603894774,11.145275158615634,0.2765904599490121,2.1872449369631424,0.5207816254095413,11.386734875743272,1.8009740349284413,0.918687307972087,14.925095459147338,3.1012908369501977,0.42079435384766534,1.6834395151210069,3.30762640155075,1.9107469842779645,12.282256210058584,6.452131270580268,12.525327620640098,3.9212691160312905,11.238364331892939,10.590531715782326,4.6437528679713695,39.249123295517066,29.229808942342675,2.234080629916356,31.076692637735842,7.0426477620813035,22.49101941215129
TEST_01+2일,4.027718806151784,7.361647822470689,4.491367312198471,2.42657229373134,0.5640128152520342,1.174750123763236,3.5601838611585204,3.6418284537769647,2.8936966043249783,0.4427148435192152,0.8399991054349235,0.4010094522612245,1.02664228462292,2.881635892947619,15.310114842509817,1.0090081987787003,9.875134603484689,0.4724688282046501,1.2285469730060457,10.866983468733844,4.043366674637279,0.884593122198851,0.6000824721956707,0.9040377654004682,12.270945874846491,7.549361689446446,6.633156385187039,28.281342870611528,5.0222567569538885,4.400705966119739,2.502294850053002,4.399124669859679,2.0093251166676698,1.3555429720412648,0.8123875857501902,0.04881214202081411,36.50300840623949,0.0824559513700665,1.4447337316055366,32.477195370161716,13.270176218668773,1.1716058704624561,0.12820602957679333,0.5948325645820755,0.6763454324320729,2.8219005661914958,0.32793209796444495,3.8007069809618974,0.6143938940965604,4.26038609532287,10.853043698350064,1.2455987726368627,5.824974867491734,0.419749381269222,2.275724462837259,1.0575134466992897,1.7064040229929,1.0725641668724049,1.2980103260931293,0.8727853007795193,10.994675413527379,5.777061073537126,9.12567962580684,10.555839623503037,6.7611890203983025,2.632209652286265,0.4595278874114114,1.3787182045031097,3.0760717058807403,0.2209798646226704,1.6472954022177817,0.47150357305349083,0.6093562495994107,0.47394000723065305,2.7654326895693795,1.6190074095808817,0.40527754390304394,1.5328953649385912,0.6390750488998553,2.953545688097126,1.7886247453215764,0.9247858480984342,1.0177105066777519,0.9451508693094373,1.1780233790001533,1.6720227055939867,1.26934682611734,1.4964785094356494,1.5550079914454502,3.631538034850913,7.921152217081679,1.4294263200450532,2.916678266828298,7.757410497518248,0.9943104266188801,0.6948874008021382,0.4000171767479255,0.525375479205184,23.586365600599898,6.513911645622807,1.3953885521639962,0.6959614511284289,7.39765681788992,0.4485043708367826,37.79791407488753,14.164405970916194,33.29604828578062,3.976902628803068,3.9063999537328264,1.3598172532125261,2.9976863923890704,0.7571338972869889,1.6650601244107852,0.8227038814921778,0.6260063329059938,0.9821362545417739,3.0467982613551383,1.3527414523994932,2.491005829331209,1.0818754208919352,0.06930184405136136,10.873773211587839,0.3408871009668229,0.16944796730422756,0.2853969108392557,0.301653179294596,0.24826132549650295,0.34532204115016635,0.37260655322365777,2.335331802026849,0.331753680273433,0.1837818895495052,17.738600874563073,3.7533705272753908,3.289059495681346,3.929659998340791,2.0155673118220925,0.8233508352434624,2.2148418281603877,6.696002381882255,0.7848816930891382,0.43961306886281243,3.725918652163278,1.4602809293006762,5.951784567591288,0.08488076843985412,23.942143772481245,38.884937706530216,9.587851623511865,0.23940443661326608,7.620109899619871,0.2583673634361039,0.02275117290730445,16.84178982726314,0.16112946338204576,1.2307843953247077,16.988573169017158,5.661627497147316,14.58420685861144,0.32533413983084664,10.47662275693759,0.825168753942096,6.087735441275869,2.9905612534392727,10.441854352684057,0.11114683345412585,0.32265355444763205,10.19952970485343,0.3911203344654368,3.472593344484563,0.9269860774614528,7.258170879889827,1.972931837571471,0.9905241266227933,20.445504863957275,4.6238289381090505,0.5498332233239742,2.303333535088795,4.382511527216448,2.559674961292688,11.203990401716013,6.446400022466771,12.279512376179268,4.245544960155853,11.114134662738552,10.971642252442413,4.97979457557785,39.36775410946905,26.78311571220703,2.4450763374061477,30.31176572811278,6.700537084314675,18.856231170992274
TEST_01+3일,3.7753889954329067,7.2923294766374935,3.7386605395508914,1.6720008148678733,0.5386419241565172,1.1194537235059308,3.9451129306508266,2.819306226566277,2.5429497972287476,0.4490288364522034,0.8619035107519106,0.3574425237487843,0.8929353410848756,2.3472435689608395,13.400080314482043,0.826671868866965,10.173578597994624,0.42827901563915904,1.1474959401460105,11.952708631834456,4.296196476006827,0.9250050615729494,0.55874064669433,0.912597290699965,16.693137439404445,7.938304635430227,6.394229062021669,28.378870739004768,4.897468503303089,4.166638854926206,2.2893500006156926,4.003354020437373,2.0112786304417183,1.3950404890645292,0.8028825080450313,0.05917657372664101,32.202086937643784,0.09793698255287327,1.3741903304399092,30.193448897715566,12.112569610000087,1.0588055907722163,0.16569566672921535,0.6098602441034916,0.568099930260062,2.595125386834175,0.3656043308261266,3.951643968229017,0.5324345684077393,4.064661614627303,10.779659201708869,0.9881356528606837,5.699320758653938,0.5369033204614396,2.688226431211374,1.0497226155357124,1.4358337765270377,0.9089466004361083,1.2294175860408993,0.901573815611634,9.48396551149609,4.9300206677732294,8.272701081328504,10.0822776827643,6.494905450683282,2.6014724175584503,0.5359763390036446,1.3034571834361406,3.17400698260226,0.18514619218293288,1.6021199724882942,0.4693031307342274,0.5260449827341234,0.4204402450034268,2.867318099685943,1.3669145518641308,0.3995408898589478,1.6151064571543903,0.6853060293306285,2.7054159980689048,1.7134680287239459,0.9690998272557391,0.9779680892243591,1.0211553898872343,1.239635375164673,1.7970531121091557,1.2912583739902712,1.6365564191570237,1.5828848996368394,3.8887500906990233,8.44519913911126,1.4316635708143879,2.5478211662871586,6.631816868502795,0.9156486253676106,0.6280489042399866,0.37664015697773334,0.5073044825558228,25.195996668849197,6.639262469679766,1.3309956178198428,0.7150150384529304,7.026587354102624,0.4335006076540245,12.687671873404966,14.23131299222196,31.882255585376093,3.6939947755268663,3.674383014959464,1.219114933235969,2.7788568847117534,0.8342982023193891,1.3897473935299713,0.7790449369326935,0.6134381002973011,0.9336565849089229,2.865670450589515,1.1999904426361794,2.2457921616985295,0.9998089695128716,0.08244330296620814,11.882152499636643,0.3810171252545209,0.1888469687042606,0.2692991157264083,0.33011388994815677,0.28917346193329246,0.34309984810160815,0.34370025991233216,2.802111315048205,0.3380755426000989,0.17119419702790512,20.405853791455694,3.6543586352019237,3.1764608148934603,4.1008056215117845,1.9431406573937762,0.8623051648031276,2.227671862036327,7.2049423846031,0.7285602883971601,0.29657223838045355,3.5361332691976206,1.3633366787698458,5.936233165964529,0.10844126027564194,24.746034465481873,40.66036133170257,9.25677453808076,0.24763078888886558,7.0533236363651195,0.34102192589467456,0.025478306474745936,14.75772353015186,0.1888140999743916,1.3683925735762428,15.78964235337303,4.521423242877567,19.330888384310867,0.3974839699638664,9.248601466842526,0.8254585319646972,5.44799326466852,2.9048296819344004,8.540062221231544,0.13555031803307402,0.31998884267863303,9.995603461580332,0.39213030623681644,5.232760111083193,1.0862679728585747,6.276547413875361,2.0496519996152993,1.0375349459246883,21.88876534910115,5.662293270968936,0.6316649983037211,2.380617438147427,4.8642166363053,2.476462816561347,9.949775324328867,6.106559720945794,11.320589035763275,4.549998356218529,10.370715936604771,10.604608988814539,5.3647030272059295,36.96832893530366,26.775955514934346,2.516908253285565,28.492227484951066,6.635600529761263,17.108142972640838
TEST_01+4일,4.396508190038582,9.96761884581855,3.9301002956241886,1.559505521984424,0.434943545160529,1.1282276463946734,5.257365559332453,3.0479527202813634,2.623551084121619,0.39288203533422866,0.6052647664189719,0.34900402891589927,0.8133985616942745,2.273007790012957,15.167260924167941,1.0193300735689186,11.65840399639472,0.3967156409152407,1.205881115144998,13.676484590449665,4.495747353133776,0.9111607176047993,0.5418232897966196,0.5676142187164609,13.546233101042189,7.274607722653797,7.43857930869643,30.47066841081053,4.7911999587363505,4.412242076246155,2.4461005007223546,3.7955711637064042,2.097452580687542,1.3518312937291477,0.7808835268291192,0.06498742091200814,31.90501555090191,0.10653058296994365,1.3392061754419338,28.57830579987781,12.544761333204175,1.1404188017981263,0.17193237734681582,0.6512395506836992,0.5727147995156311,2.3188831701636397,0.35990245723915915,3.993871020796973,0.4779140715249218,4.124986403100533,11.102664052477333,0.9337499483816026,5.55670091311712,0.46745597076508427,2.8371572215551013,0.9901004785687164,1.5151906846166012,0.9087612705163187,1.278693654176982,0.9399009675512174,8.819636175917397,4.9927228611706935,8.252185386162202,10.286519766951736,6.11031111122133,2.603866867211903,0.44147956031198865,1.240108221245647,2.7065139982189965,0.2344865818791256,1.5730095040799044,0.5012703191284993,0.5874030531469675,0.42065775023921853,2.9159576199967643,1.6238510150137186,0.435054938435878,1.7394613310719345,0.7003887742065195,2.922188610539161,1.6875788249401074,0.9414019457266736,0.8964200015151377,0.9936128175694701,1.031950626398382,1.7105976170546926,1.288039852747528,1.4959854519231452,1.6137836666091643,4.480455045729559,9.4596859025806,1.3377868032590987,2.44720513081525,6.389400967158867,0.7549053472803299,0.6940510828952046,0.35476454218983045,0.57910316497134,22.8911079645368,6.923019739197052,1.3384235807711693,0.7288606756316554,7.356369475903102,0.4441458978212426,11.740007599211474,14.736045017381974,30.762875704840088,3.4720639471136674,3.4625330425134693,1.2456556802792653,2.5987102212154807,0.8221191681308382,1.4528051251009755,0.8169172754007222,0.5986372523312694,0.8892738918926688,2.9148907417014547,1.2474048115915972,1.963130681887996,0.9798775795876714,0.09136994199695316,11.022549033093968,0.3211170639459267,0.22658890873672502,0.2924013055226508,0.362290165750511,0.30438740616681265,0.35642468751412837,0.3483220792047011,2.896716205519469,0.3589869191273404,0.19512578030484656,17.08931939572707,3.6246542869405722,3.0024585736226856,3.919063485412683,1.8411905787519935,1.126218647715833,2.1519371572881814,7.58678352759238,0.7177611262227896,0.3372686596124695,3.5705986943452235,1.4097025649055746,6.575870285328943,0.21965458913079006,22.63781740866852,43.237546399028,9.349741088368306,0.2467518945724988,6.9484052409471575,0.4175918086338688,0.027584402595479902,13.84324297337813,0.23749050940570374,1.2977924232743294,15.260223160773453,4.332003995693119,20.04120235253183,0.4890765369243355,8.875745474497627,0.8732479276170193,5.224487432814641,2.948725272443597,8.488959459474987,0.1602989511758697,0.3082367138867243,10.057332852715655,0.4058343532685871,5.793111871551267,0.8832390827638377,6.68766065677943,1.8298726586968574,0.8621542305994023,21.487119076257592,5.880201339842915,0.6236721757952906,2.1434075701133235,4.652979944314799,1.9019343202399852,10.689534982649265,6.375683512176131,11.967844073821546,4.649353173722311,10.730428393337618,10.838284166589204,5.32677163607302,38.29886599458134,28.05900745133199,2.6264290615074732,31.17192388104091,6.919285040869849,17.46342822425473
TEST_01+5일,3.964929580801836,11.498009234730686,4.485762581416887,2.1350832133481994,0.4179595514615239,1.1153729978845432,5.686686968029701,3.2633321043852934,2.8986136221321246,0.35629176325059037,0.560125892353263,0.4124277443305826,0.6860099519915805,2.882557544436563,19.260693697707175,1.3761851241603023,12.368022707073921,0.45108104913241936,1.4183169725266116,14.956843116129205,5.094414591828547,0.8931312500285573,0.5722329361278318,0.5592638775886828,14.374923461756083,7.199996989548428,7.128280267534553,27.32792198659092,4.987421014092185,4.5132789287403785,2.5428046617631384,3.8781858799906406,1.9610901914302363,1.4395887703265247,0.7964630761400868,0.0711928484890128,33.567288398656096,0.11658056701737061,1.3628091277840764,28.642960392165104,13.349316247824577,1.2146184495211985,0.12465372175141758,0.7006960752476097,0.5264698824609726,2.214909571587456,0.2814291588067403,3.993236534104494,0.6039054895912114,4.4764529247652085,11.459096928870997,1.068493602699204,5.245343331517385,0.518121571782456,2.755457800919649,1.063120069056278,1.6276526268392044,1.0129967689061699,1.19065580824494,0.82839502350044,9.196225361760733,5.824405335198205,8.686928108667464,10.331305959081865,6.142822142183951,2.7235465767953784,0.5708715859550161,1.2612131776076752,2.757199561640856,0.494452103943168,1.5949202327484613,0.535396545826206,0.5865505272754006,0.45945003249582517,2.806290075843658,1.671523875792908,0.42035358831077724,1.8344331398623632,0.7147989270014942,3.0142920836290044,1.7342811652169725,0.9618871565495167,0.9477253492716201,1.140141016598685,1.024327993701765,1.688982938098945,1.3381021922020409,1.4235170500344911,1.7600637451230232,4.625331337100762,11.038977231330074,1.4113922613936807,2.788000503764587,7.207607267596107,0.8881528656145838,0.6807509587504844,0.3842662267983888,0.708171987855104,24.168787922693472,7.644747263428534,1.249319058361334,0.7251908813178432,7.025273632134288,0.4701877227874533,13.149968229580214,15.074344416359386,30.205818761389754,3.584383953715158,3.5985735071556233,1.2402313723107619,2.602461336291449,0.8038246514313432,1.4422931909259449,0.856359445547238,0.6218297677189799,0.9510149571325722,3.081242263765321,1.3424388653465587,2.0122610821934823,0.8890735249150534,0.1169094648436808,13.49263647225959,0.28477998286044076,0.26171892207004344,0.3082521827384266,0.3659728295632831,0.27160907085282254,0.36112725073232604,0.34332923412044936,2.9401374251702483,0.3705691650968471,0.19513098642320903,16.657034892850216,3.568449854149553,3.0237395129318934,3.8450088398734623,1.8723442303297126,1.2406636070408061,2.0600146190364947,7.2337618465152875,0.7768420401195364,0.41409087021913427,3.688368357392114,1.5587282319556235,7.962750995131912,0.38506415205835587,22.764418829396458,42.447644804389924,9.546533476945164,0.30834036159718736,7.1447731841395195,0.4683756956241698,0.029145456755749824,14.499170003854811,0.3074657815073364,1.2889110004152575,15.646128041445312,4.933382304652616,20.039093614556595,0.5664081399235039,9.750567933919385,0.8870340956348897,5.602088285129979,2.9286472313835437,8.585618337249208,0.20715861704645977,0.30870491168501707,10.267648144606312,0.4009424994741205,5.99229398340181,0.7132669168358003,8.069691132176787,1.7577991035338605,0.7302139487075111,21.085712804950337,5.594701243593551,0.5983169124848924,1.9736772147100528,4.828446940395954,1.6685465016272134,10.966598328854218,6.463601801981699,11.676982535354362,4.923496700256225,10.606416720792126,11.106197309275794,5.313182951303282,39.83564114907306,29.46462342087604,3.020719754890832,29.13223797545144,6.697572094825825,18.78403378085806
TEST_01+6일,5.133875834467928,10.473578916847964,6.0670232273515134,3.6589750458141514,0.4367796041750749,1.1976463766556997,4.486335656506082,3.9361932210132844,3.2245511564998526,0.4112420265788142,0.772062972914199,0.45231672754440727,0.8101053993235995,3.517270399652359,22.792347379920134,1.7517068388484522,12.793436904380082,0.48443948930974573,1.614305823193112,14.5334378531347,4.796643764069064,0.8977112656394848,0.5803348322503452,0.8085018711126846,11.616658982714469,6.570785075060764,5.424943229833036,27.528200332737345,5.078712359636803,4.621452876958576,2.816464317698388,4.48960475711769,2.141930990135471,1.3315759687122621,0.7622579981995796,0.07835862907230268,37.13211271274879,0.1298745756164583,1.236932733018513,30.053244478433324,14.776944332977035,1.2156382205607372,0.1183475261578924,0.7395608276698445,0.44590394208915535,2.619070928089752,0.3221756567948404,3.9211934551078915,0.6781999293679152,4.077047915723474,11.61153475038439,0.9182067325977437,5.461537985277959,0.5859015840322382,2.3499674528800965,1.034806797196947,1.6603100833728301,1.1111811175418806,1.141774397379233,1.005193183900949,10.734250569120297,7.013399275217884,9.648779245805525,10.348563566256997,6.22573024405501,2.9662397013887034,0.47321926530119746,1.4335081509604761,2.604015678999129,0.2587317187681933,1.6283922263544728,0.5620734818485342,0.5563196894423255,0.49579791310162613,2.8607115806154755,1.6909916271579373,0.3733766073473921,1.8490699742961834,0.722704983288905,3.4020103077315693,1.9978150833251522,1.1636565391376796,0.9674516188516731,0.9543479452586608,1.0803896386206535,2.150878085999802,1.392624584288253,1.6558163985382295,1.8529264536151158,5.0952702885935315,10.687494021637168,1.2909125500881757,2.998174771215085,8.637550686522468,0.7045518266277795,0.7131369135305495,0.34131287893165124,0.8353893149135884,24.28730649410846,7.8226662951185135,1.3888563062971224,0.6815806633656633,7.293325330945165,0.4764436061669325,24.016466253769348,15.779078506656036,30.283692342013165,3.7511372465745243,4.146494699535158,1.1654488656007764,2.7082958395571137,0.7629224804752396,1.3266530368547866,0.9370500650815013,0.6518261599575048,1.0680809634218196,2.973809797735705,1.461407012026058,2.13753789248816,1.01280498583732,0.1132529573144403,15.233301234234823,0.2506054059153548,0.2407669075983794,0.335096779562848,0.3555324125925684,0.208181815743687,0.3181599539539661,0.3317433758294536,2.4237056723104007,0.3584833325764319,0.1947613100442019,14.208914569389096,3.4172357566119014,3.1137215346685956,3.6736494035747835,2.119384552992876,1.047406262461907,1.9915184290711627,6.547507284645571,0.887143406854439,0.36566971369358137,3.714674899638702,1.75895147975447,7.712432732583956,0.43604997013336955,25.918897682229566,40.56788274111373,10.36375548518288,0.3628232379254042,7.308552643065624,0.5417426278543283,0.0349866488992005,16.268639214464443,0.3663841817875656,1.4277937967139587,17.27541783103551,5.715177999988299,20.199556635537743,0.6200311064688413,11.324176674518698,0.8440385883276407,6.323071040363909,2.930245170364456,9.472079205667665,0.25517028082725995,0.3245050048156628,10.51854684808759,0.41708144329144187,7.425427869008506,0.7899703133521259,10.350657532840112,1.6625039245099873,0.9381719921316296,20.166654136202055,6.256642271688231,0.6437982808368921,2.1706239289194658,5.579794916686259,2.2456665059238317,12.51191680564183,6.668808673413865,12.407603486055065,4.501338915969621,11.270430112968368,11.355589174870865,5.412038679911222,42.90241182466429,32.032072548401,3.21218929772803,30.08980046765482,7.033873579599004,21.963242509787523
TEST_01+7일,4.910439259188093,13.286078279165157,7.392397138437202,4.4450921611068726,0.47290354010411184,1.3610902426803377,4.446095397942381,4.690492732360816,3.43379460118946,0.5512713417357006,0.9715517789668379,0.5229288602038258,0.7826464083817708,4.016977161003221,21.636847956937476,1.833728610761635,12.954047265394468,0.48946583072008676,1.6164984649356477,12.80745666235148,4.609754438393424,0.9775228617612242,0.5934492814434018,0.631445313078528,12.93588076059529,5.389536158394161,4.724463154736071,27.894353467816966,5.630720339399885,4.481230565406864,2.708386606759881,4.747919712872081,1.910865838087302,1.3857337694582124,0.7806289737865721,0.08551271597712262,38.09975791335502,0.14280246314708706,1.3565534581722514,30.988084576428246,15.894356091853389,1.2286149642940587,0.10779810969207623,0.6294011965254169,0.43544630874673484,2.927711520945208,0.3638309870993126,3.80693587767472,0.5824483917751537,3.931710635478264,11.408079151862896,1.1508574026928506,5.315316078494086,0.49967860611584775,1.9496032897988096,0.9819818290211264,1.7172405316147674,0.9786027977328497,1.1449279995310826,1.142541129641843,11.626443997597073,7.205520648625071,9.661554857730676,10.180195050589129,6.748724122414948,2.9321154183566414,0.8008651870992892,1.4061251836221385,2.484857466063929,0.45140976602870453,1.6629983772915173,0.5684305567421879,0.5824649440621186,0.479554736391353,3.2152436893230703,1.7520686485963883,0.4411442815398166,1.8135150464678131,0.7142724241901995,3.6038146689480484,1.7413509507701135,1.1315837383919574,0.9646924086376084,1.0201046239389338,1.160261022544457,2.05719044458944,1.4117106585718684,1.8046034280967782,1.8529776956136494,5.364544227158077,11.000126557496493,1.4116606152402351,3.3361111645656996,9.511771685420737,0.8620375948947824,0.8102018506357055,0.4039849732311063,0.7990976262564713,20.580665999307552,7.883883839795587,1.3576947257543388,0.7241445474895205,6.940065130725856,0.44104397523399386,96.18079439354034,16.230206269211596,30.195881343412815,3.7350549790197407,4.226313736980281,1.1507987323753235,2.817692688039009,0.7224826991400919,1.5158051817129174,0.9442564736474574,0.7443887485082099,1.126647690269367,2.9016745840870843,1.3774619203772107,2.350607658035156,1.1003381504597085,0.13559237517529113,15.173022509826403,0.24568647445775396,0.23216004113192812,0.3344829652033372,0.31146787206914106,0.1970865835515735,0.3101206888786937,0.34036446496634015,2.05003593222837,0.2810304681718771,0.19407533520023598,11.361114920868738,3.3550766451576477,3.1282451861092695,3.5867998615227132,2.2442491527591097,1.0264913612607078,1.9032361780030862,5.8385373044812505,0.972624864933081,0.33722490366290064,3.6919783014193754,1.6699962643549968,7.5218545450088765,0.4762638947614034,25.836100462104373,41.49868054781142,10.467445978391764,0.40996487077361804,7.530929772684445,0.6055476084842292,0.04140252029308519,17.43455381928011,0.4360940167447772,1.561161875145796,17.954130074543745,6.227042345030462,20.150294816761736,0.6934577059874708,12.213319429890849,0.8119549246523775,6.864271417707783,3.120861186250657,10.192030905963003,0.3050024914879853,0.36614670177723435,10.470111100499738,0.5113068026554237,9.060597656025319,0.8201183392668125,12.491589813864797,1.7514081557129386,1.3185021678900295,19.326551653159093,6.804470838548017,0.8186153579621526,2.1553375490098223,5.895922342064027,2.8424020288395546,13.775392336082287,7.298102659199073,13.97436274922173,4.7041557322600065,12.262113979322354,11.442052053401795,6.156916275360992,47.40085988662382,34.29323963314527,3.689997873906061,35.6272091597436,7.876013123064364,25.96582816578663
TEST_02+1일,5.408540931260089,21.804352165551723,7.054286532811944,4.140088919988338,0.6749449613143654,1.3375837757057445,6.7017234421544565,0.7919821442501283,3.3877896541912746,0.5908458871058945,1.3727564689643517,0.4477652225697611,1.1461338527132585,4.072932517477199,23.485795562805468,1.347570796999099,18.233922668447608,0.8678194762879216,1.185023993497283,20.632418486838514,8.14653903439357,1.8057355521178529,0.7339227291020596,0.33544813573443677,8.108221477194439,5.398154777717043,2.438706961183185,15.199873100392885,13.400624390779791,5.158958450912252,4.965182261618006,4.0729114292974025,2.1080590385251767,1.3577749733330724,0.08006839761946852,3.0452274346135937,42.16686269907689,7.8894823804110334,1.634111775523586,32.768282406769785,20.214485482909787,1.441242433984354,0.10363312340250251,0.98577093572408,0.7180244371179232,2.523129751184711,0.29268232102282193,4.063739369743282,0.5577283917197363,4.724916790757184,17.382806340802045,0.8283227777496893,6.184660879953352,0.6753077118585498,2.385191648519036,1.1893929954001654,1.5560162282754908,1.1809757382971433,1.1279452484037216,0.724831792683409,10.855958285482915,11.145397707524282,15.03479469068452,16.71074727115854,10.461826874931617,2.475799058368249,0.509841277723655,1.238513424593107,2.450591231796468,0.19120065750659274,1.904900305350547,0.041130120020367124,0.7000736965464114,0.592150148692292,3.32980264876872,2.035960748971327,0.6846114725781234,1.9793461304266877,0.8482253414138713,3.7156455199302116,1.9394490699773457,0.972699956227549,0.777399548849928,0.9108596963559095,1.2339231944889264,1.469309442634436,1.5526758229594757,1.951890651166112,2.7663026760488068,4.70642955808583,8.169095124867766,1.464430883997633,3.834169696486928,3.8343541559751815,0.7430826549576741,0.7271219255508474,0.4565893733502648,0.6024462796974186,14.951893931507568,8.644882607448297,0.34506812069187237,0.14792828286204956,4.306575925588029,0.29541961186126064,127.1600022034604,33.878269424888785,33.204977998792636,4.892297988686537,4.611311475576754,1.4670209545014024,4.187262535563554,0.6460887070244369,1.5443060102773951,0.7608791635845445,0.7674310343252643,0.9424597455382829,2.959919896970223,1.4903459501917702,1.919306921477615,1.2258103807023943,0.632313518996823,11.00647754465066,0.1916663420983515,0.39460652667572704,0.25540995887367557,0.24337186866600014,0.11014869711330597,0.17208079094470105,0.16893926698734701,0.7467088104210953,0.3495311361354877,0.1650734589898271,6.884546171324121,1.9056638195534672,1.8576507108917173,3.3343876515122126,2.2325449541121754,0.5091724799702158,1.065121125532589,5.263581207829013,0.7117314849136075,0.2751807826178482,3.613108187532535,0.5318234796296246,8.153303579067874,0.0346787121770632,35.596413186177074,43.06904506418816,10.128746062615678,0.08789945142992998,7.42452155419867,0.18867882876872993,0.018910698888562807,20.149465387173535,0.5738471582067352,0.5918228358263561,21.018746698426263,6.005903379852557,6.28796541148636,0.2653806754827982,12.21366268816574,1.6047319552644668,6.420973008359013,2.910434901558018,7.918238966456959,0.0865495386010786,0.6003264297280083,10.702427409091888,3.8295562224958184,4.732121822940977,0.5207816254095414,11.979578139350965,4.3626799778036265,0.8949012084199897,17.69998102865921,4.001439132353542,0.4301368668368153,3.2400933159864076,5.133616911127942,2.083444146936972,39.690885697731986,25.027370111858914,47.18051592820329,15.74152348487007,23.349703550777004,44.62200418137744,26.75387651892859,147.26661702520258,55.421364761604345,8.57995045847685,79.15959074605196,20.90706636478284,51.24783319774599
TEST_02+2일,4.920974481785564,32.26636948366622,4.314062298411202,3.61148144583132,0.44748572763076994,1.1407807461049624,10.354366717598676,0.848494131549645,3.1673867127847193,0.4819212378913857,1.119113812586236,0.47113022868409504,1.1400939667435923,2.899230981122725,19.993363518209293,1.3597679259542252,29.480480007438512,0.8513900321129141,0.8363323215470612,31.832239215790846,10.751228412367603,1.7817027142379604,0.5921429272632658,0.2729496572909224,9.648527682961307,6.936965172434746,2.2101207564730667,13.287283229009013,13.518438520118272,4.960278443106141,4.833674296143918,3.527245708552871,1.974653852402768,1.1030811138543104,0.1030756631750641,3.2084287770600164,40.15389087984782,7.691977152184373,1.542697415667899,31.749270086562746,20.414698887606438,1.3969726587489808,0.12820602957679333,1.3771625862959043,0.8312106385425947,2.5392828032750363,0.3257333035586525,4.102220227346922,0.5949573691578445,5.2577885541697835,16.357481305774563,0.8674280131699718,6.4245996890059995,0.6458123275623837,1.9619096288229247,1.1475898001005524,1.5492468547707106,1.1769207170195337,1.2237942546142793,0.8191271540430497,11.221694738298359,11.472382379990856,15.847307485249743,15.361865387292628,10.12787882060659,2.5684748580754415,0.5476151731411985,1.2869092141044784,2.108482716513366,0.20896261946624384,1.950730268975491,0.0626341281645072,0.7018777344530055,0.684803363021818,3.18240529414653,1.9546457221239364,0.751086423409003,1.8050655919463658,0.8925936960584531,3.6922898846845715,1.7885845659969364,0.8204280205189842,0.7740976004863172,0.870897558112481,1.229656199447818,1.5310394334957012,1.4546389253781955,1.8247422703443883,2.633426777612361,4.777467507819162,8.532561502434225,1.4728925986675419,3.430236648850996,4.325438700843456,0.7168670545655668,0.7451874370890287,0.4315261758044754,0.5077419933285365,15.570398377347171,7.778591397925364,0.3204088825082959,0.1761787872687086,4.44637857142443,0.2698616208976565,68.34077096143072,49.070017938880724,30.64956494407248,4.617883725044447,4.086788700349445,1.3576103072740004,3.9044877721008637,0.7728603587458117,1.5212016823784922,0.9202100975589788,0.6297810852419132,1.031107796411483,2.9198135939988465,1.427778767959237,1.8291311295702868,1.086954365315812,0.7463557218828988,10.96652073995498,0.26983301055957254,0.27824547551458534,0.32616270406902803,0.3245954305819476,0.13481470358222902,0.21269227163915855,0.2571132804371574,0.9731939058579844,0.4828242605257717,0.1979974691423568,9.773097633091952,2.434544059664969,1.2598705875702805,2.9312918157150865,1.9945086814081099,0.5039477296468319,0.8745708200679865,4.461846324258478,0.5773405152674408,0.2419390225369255,3.1062984396659834,0.6170101620030759,7.814184664276645,0.08488076843985412,28.6464476723414,44.96965470643223,10.751344391541142,0.11060948616127446,7.457683909808988,0.25836736343610384,0.02275117290730445,18.83327636799841,0.6217881440663086,0.6581693569276154,21.414176382815732,6.543915443014816,8.595027349235352,0.32533413983084664,11.987884172440289,1.6327927405265983,7.215993392708862,2.7919710374264177,7.388929638593062,0.11190511168555227,0.6533116640437882,9.869337753072351,5.317457805540571,6.504365936564744,0.9269860774614527,10.670308563362225,4.257723127882774,0.9196768636378313,21.695593922916668,4.819422195689085,0.5935035049357406,3.2911054078989013,4.999714156815252,1.8835808146314843,40.97792753393231,24.930733223519375,48.79526844692735,16.82111229403689,23.266957636322182,45.09377734599109,28.068579964517696,151.66917199640295,55.01206951404297,8.698704985000823,79.98418317116678,20.241764704597966,50.21472493484491
TEST_02+3일,4.664082164388115,37.14307239044198,4.085732590899324,3.0280494225645764,0.35646083726677763,1.0564199197844548,9.979592784563145,0.9065140326373657,3.0873783333564533,0.5019144946522347,1.0798944147630767,0.4269333722320502,1.1386166266050683,2.014493143886068,16.99869430972462,1.2941220749844384,26.17680944913054,0.9128306363181199,0.72511421597184,28.89095107008753,10.792889952722966,1.751470835497885,0.5610052909759601,0.3946021198292994,11.2311933129483,8.412633472141145,2.831231560804907,21.16754224398715,13.5331573821311,4.894737330540228,4.820592038197745,3.290521565418682,1.809855742122991,1.0615785206862858,0.1135449005924128,3.354705988370227,36.38524123944612,7.584729060537778,1.5553307089176738,28.604283743595225,19.991185096346136,1.4790122430308192,0.16569566672921537,1.5249898518870886,0.6211922830369864,2.6952444500055646,0.35542075357853997,3.902025081097412,0.590599576461078,5.0866222438106075,16.293509367715792,0.7012426370786707,6.511586684666744,0.5939197418480453,1.8963113667532179,1.1168162572047218,1.483920915044878,1.1024836524989512,1.1466529865681152,0.7873325369568623,10.978651207097698,11.27427349761341,15.085023495869438,14.446253088259043,10.567466328581554,2.762463263315752,0.6551672187009265,1.2377925101901555,2.0726325718157943,0.29781056216374097,2.0246073273009966,0.07200336093716808,0.6441040982518453,0.6415366983279382,3.44788074979276,1.6809168206532756,0.7874476540129247,1.815834186037898,1.0213846634361432,3.488880698742265,1.7720894335473127,0.8346213793685081,0.7504286010812142,1.0505309098469002,1.3332450760731056,1.6577806063573972,1.5333578074118446,1.7792709310057444,2.773920777882942,4.893513206493455,8.376278004380385,1.2937061572551574,3.3253829483664332,4.51472401373738,0.6180230462728907,0.7021535471933555,0.4918856120938072,0.4381254868984631,15.089025716144416,7.280794170287695,0.312855867571956,0.1843186777087922,4.41642348676751,0.2633694942400818,43.80372648113889,47.698115996876254,27.66574598685413,4.413161376007106,3.9036901522124015,1.3607277055090943,3.8638587936311497,0.7679231189642772,1.525120097889373,0.8101844039766506,0.6402450551132093,1.0604442076274758,2.8779735896940326,1.311520144846203,1.9111101613530752,1.0773325515797136,0.6964450105839254,12.81576373190692,0.3007877464691575,0.35356555944205487,0.28249678571013803,0.3714562471466323,0.15015336928660833,0.23411886951172997,0.26324776050217186,1.1321445858322532,0.506600999045527,0.22926382416556257,15.495304412334097,2.61578590178369,1.2559074511130421,2.924761207009848,1.8839087039001878,0.48673587563310944,0.9107025158149501,4.55871067012179,0.5804383134897564,0.24244901980744532,2.892864693037608,0.9597361764019116,7.406500111641336,0.10844126027564194,33.304383510317074,49.49579240069847,10.314127901749972,0.14435813267171826,7.450202462997497,0.3410219258946745,0.025478306474745933,17.572844526814155,0.6072824502322803,0.7195935543477674,22.550334753742067,6.411806466345774,11.023616837107218,0.3974839699638664,10.727488181936366,1.5865014524744065,7.171430695817943,2.8294705848164727,6.961218093788196,0.13628992625466932,0.6439481127107897,9.292592379396567,5.558200060023489,6.327489879715502,1.0862679728585747,8.169593077722215,3.8096251153300034,1.004703418704613,22.14640668628315,4.341599479613605,0.649944605497426,2.8064716189486454,4.59731155542367,1.817488911483243,38.78746207180847,24.608488822182508,49.081470774510116,17.261119751827472,22.296141008537422,42.251231426652545,27.27310961998052,143.48563347309258,54.41318397513459,8.819953755269248,82.29016582391638,21.45107815723873,46.72222190842401
TEST_02+4일,4.682488848865629,43.081357722831385,3.815116522067861,1.977908838238632,0.33029899641063004,0.9530279161499855,10.559464207729496,0.8961072643604512,3.171788117720918,0.40169493848653587,0.9787949402247847,0.3752375071673248,1.1067087832888531,1.8879187501333716,16.37877486614573,1.1461508815354489,27.057053638263845,0.903917626237367,0.7664846706935408,32.43443274195515,10.860231228595216,1.6997604863111575,0.5364357055410744,0.38152155856930386,12.064922514839314,7.201622677500194,3.2520347852594846,24.685189787176963,13.369634717478895,4.537986690883956,4.475804163596183,3.3478197118750193,1.8483673833805092,1.1053736812782304,0.12799231408632666,3.405490166274822,32.7135386939061,7.449953090777873,1.4801330738908502,25.792535955669535,18.846531192404974,1.5313488960875552,0.17193237734681585,1.3124641562728154,0.4559870004307514,2.4869606118372936,0.3307913095240147,3.93845264994877,0.5378717330076823,4.637594840926006,15.438599404005906,0.7140529322172404,6.521050300026535,0.6320434278895676,1.8805069255344562,1.0818352276127268,1.4082137129388568,1.1258539287904685,0.926268164686842,0.6716684136295532,9.98706367731435,10.994178043572626,13.984046082742488,13.741595023184358,10.114800122546521,3.109795906512036,0.5460029405668546,1.1914637461943098,2.356284111852022,0.24781783738907676,1.9961794696017137,0.07591972374382032,0.6061512216526914,0.504766384185649,3.399911653003512,1.8324142806126402,0.8052577446749736,1.91807517142493,0.9460040256701373,3.3947787204123836,1.7315971633628329,0.8883868213023731,0.7648510776457875,0.9591562460720972,1.1701940675242486,1.6406330253138721,1.479639637204251,1.7004008970205116,2.842534807993825,4.394912492284954,10.07009318273218,1.2712956481468907,3.36986630129077,4.808033532729421,0.6149260907341192,0.7475975136874164,0.4458320151418637,0.538076406103494,17.01850139336736,7.188762392436886,0.3227925619066824,0.2017185077504058,4.409713827165992,0.2598245998108411,38.096813939520956,49.751824934176774,26.27456398373691,4.519580756265192,4.076347983448861,1.3759637740005495,3.830005751537473,0.7609291143969129,1.6141891196807279,0.8061926982335851,0.5872132699562599,0.9780789234134065,2.8445706305305296,1.2933142723827307,1.9506295482401637,0.9646752999700067,0.6319952707168988,14.858241659556771,0.3380751053329375,0.30546721577029606,0.2913663860799202,0.45035891436587716,0.15751943485675599,0.3265021864867126,0.2811522528494552,1.4629567725481027,0.5028383675803267,0.2916004514899063,20.690035863641008,2.2747231146175735,1.1988402433533742,3.043714023703246,1.8467555557370272,0.534576830143963,0.7571639112299816,4.234995181538168,0.5906104247257437,0.29056819264016337,2.9089825705784613,1.0667475863962856,6.544318981627624,0.21965458913079,34.49796088276458,58.98030353800495,9.646618835953907,0.17825435591058542,7.093604544399942,0.4175918086338688,0.02758440259547991,16.094822546590088,0.6851305604937324,0.8151135370407045,22.330857981749716,5.520068778273819,10.931532789593776,0.48907653692433545,9.280929367614585,1.5763768541325778,6.760019085031425,2.860675687739449,6.711213170989151,0.16109742128555002,0.5928473686395692,8.647328874691786,5.184584521470177,4.9231892060371365,0.8832390827638376,6.8374075458058865,3.795582180049206,0.9835557184040917,21.405072593879517,3.9094171514567146,0.6350420296059952,2.871237166008579,4.1669724282402,1.500214131118685,36.10292685483143,23.48042069146653,49.28421158096027,17.902882296566464,22.72508741585435,41.30872889289572,26.542246041253662,147.65703768228707,52.61472151048982,9.436644737578064,79.2712129584256,21.052969232590698,43.120169865059204
TEST_02+5일,4.477630223515029,53.37312928614947,3.813922336026661,1.5654121313152798,0.324848523684988,1.1276062219775969,14.291805201016999,0.887450854371801,3.3776660498783357,0.4246832346679259,1.0897712474323553,0.41353592075280654,1.0073474431236389,2.6124360338871795,17.29148016365425,1.1237669673793762,40.67128820562077,0.8006879953117875,0.8833503781920469,44.0891889162869,13.933695786118125,1.6668378651398033,0.6101194446971427,0.42249629295339697,9.421622049314768,6.955329707444029,3.1557213392590877,32.75782142776961,13.173367447441924,4.452860684508402,4.335375169787305,3.7891242646726124,1.9941212973665101,1.0539841997042285,0.14080151324315449,3.2410782292266815,32.03279611472206,7.426088808335023,1.590381717593313,26.161926545866702,17.909959038802036,1.4286304760250397,0.12465372175141758,1.3708785563535515,0.4691757635837039,2.485620808910709,0.2560462209159517,3.9330200368806034,0.48197479048279407,4.221296135379713,15.025763645164599,0.6853604442757367,6.52276854490484,0.639233888293663,2.0742404774352745,1.2425590963592525,1.5390959066039331,1.089206296940853,1.0034432097202788,0.7165946809034309,9.06907241961175,10.79780423615914,12.533486556271102,14.054712493773826,10.419147104364065,2.8989672864188907,0.6091457031080402,1.3382057804155487,2.347518116706053,0.22372094857453578,1.889119302156472,0.08136639287044381,0.5481342591587509,0.9250217604500558,3.3221236282020916,1.9989410006857284,0.741865946714607,1.9212929429036152,0.9090096338382768,3.2658819174725973,1.71959171622104,0.9354262428679531,0.6794047356312426,1.0133338808557089,1.0926591849003626,1.4010897986424775,1.5158156412908292,1.7632312978273295,2.6146900564692075,3.943054614340359,13.158793289465406,1.2264063995698267,3.7043300791003633,5.010509728994585,0.7053218659419543,0.7425117693017227,0.4064884258962028,0.6787148563691978,16.507948672322904,7.908569285893652,0.3353029973509994,0.21150383259012961,4.8994635031284215,0.30986274120969554,22.0852177336305,56.81232406578772,25.702822868682357,4.803602709274292,4.259973490603775,1.4383525775780492,4.007053594976257,0.6947224732117925,1.5030173632816926,0.8598902771808883,0.5856742892593161,1.057795904012072,2.9247737473929702,1.3384490354186833,2.011252073055919,0.9698740507469752,0.6693963734827196,14.523396091124816,0.38348032882434974,0.27741532440764244,0.2927639677243402,0.48606969402287215,0.1777771779816358,0.42521657804579893,0.3187902263515923,1.7422117568337496,0.5553933533257095,0.31111024052631564,20.363748797580815,2.4525188372139195,1.4063499380700877,3.1343936222606956,1.8069440610861365,0.7242342960273129,0.9257771842952675,3.9260813822322267,0.6339856306210149,0.5379528411272316,2.8434557115058965,0.748126860747524,7.260558844668063,0.3850641520583557,42.01967474734597,71.62377980323542,9.537130831467799,0.20394104804889926,6.663635717962935,0.46837569562416986,0.029145456755749824,15.279363811477067,0.7355346973257324,0.917309437332092,22.360805657635694,4.520860256172621,10.360550265530415,0.5664081399235039,8.32568971268013,1.6112519527804072,6.643882385862252,2.9665866631046387,6.811488610642256,0.20809014379062543,0.578047435508335,8.442759980590049,5.092424544105036,4.827647567579105,0.7132669168358002,6.190171176803253,3.9276713771731413,0.987561212800006,20.641822751558507,3.4685281261300935,0.5911710491628224,2.6645143933631554,3.731302985481212,1.3918332372885105,34.66003293344284,22.085662696891127,47.56186916918776,17.337992527692997,21.560435845599937,42.14980060563528,24.22129664279354,140.2946961831115,48.735961134228916,9.382775610877562,75.52400971682037,20.358950041348084,40.813014397720316
TEST_02+6일,5.587783344267399,42.38854548977446,5.978219290192124,2.3217677413422737,0.5348064734402783,1.184145537275219,11.663637322279477,0.8418735366763933,3.6800843169902264,0.5903821631638879,1.4035352684861144,0.4485724467023723,1.1348474448579975,3.6109749145716523,20.504540417294088,1.2227799152662449,37.103897968955685,0.8857450495902882,1.2038716739960384,39.33773557715395,13.153668963197275,1.7035831826707883,0.6568109124675567,0.41244679338988743,9.704951246602654,6.100489765620738,4.587837535412751,40.22876686203174,13.161632831538713,4.407527369703963,4.437745412835922,4.435994081640509,2.184291499405974,1.184144986004839,0.16211655133233485,3.09309603152479,32.75254300493612,7.51072214563957,1.5047364133963048,26.770572458094883,18.21624581837554,1.414840345143427,0.11834752615789239,1.2892899385285512,0.34103326905085,2.551084909489623,0.3263827265165635,4.024166451370598,0.5051765838735188,3.989283125741596,15.569958820086507,0.6864123171658536,6.633749076164352,0.6927399365187211,2.49208895073128,1.2133198821514797,1.6157695516507444,1.0816569010069468,1.1250400426109899,0.7149544728812445,8.860249013403957,10.468393511172293,11.828714730260852,15.203616584874796,10.198285555491706,2.7040428177987432,0.6418914446437205,1.3633901663031163,2.169345458971543,0.260865143571333,1.8704545394821483,0.09665260140495431,0.5990652628543328,0.7885958969835475,3.549391693765679,1.9841325075058913,0.7637635827457029,1.9366929818243233,0.9517432842691061,3.5870975920295605,2.0797376477758727,0.815360703823019,0.7029144321325513,0.8148416339965734,1.3781608965123386,1.5079350721843636,1.4733211023998172,1.8690282018039037,2.7062472255274113,4.221282359507355,13.385986034638496,1.3095788082833093,3.8104925681916497,5.107883980553882,0.687147487996506,0.6823064409498273,0.42790764741636567,0.7698588694445933,17.090740232054756,8.65327784070071,0.3513729691976922,0.228937199416203,5.024060129764729,0.3220081926835452,26.692056990122932,52.18974035494252,26.013542679778876,4.899054501877001,4.447494787059767,1.3766612702643304,4.259697204607764,0.7003829457279089,1.622280551551872,0.9236440832265487,0.5956285298312808,1.058777755566685,2.8505596831018902,1.363756850555089,2.062145407296641,1.0844266726082807,0.5789128053883611,14.813524676432163,0.3651790490897396,0.38985800227639267,0.2731008360922336,0.44977909434021773,0.16216260119431994,0.37903324579627434,0.3333475890300264,1.6305676630952406,0.4905233125221431,0.3278387343411147,15.266285321181616,2.46081400812993,2.1670045889348284,3.7894045337343223,1.963481623725572,0.6568523835518345,1.4543584961229246,5.717596706583476,0.7930266474700818,0.5857762775853224,3.119858747798891,0.8068368911543058,8.566181009630462,0.4360499701333695,58.423826070705765,79.19344993956865,9.734537945540303,0.2380475208405283,6.698672536698106,0.5417426278543283,0.03498664889920051,16.587023744460726,0.8192717540557285,0.9814018941296804,21.40057403629369,4.488852123462465,9.469218157723787,0.6200311064688413,8.592346727142957,1.5753245654279733,6.804648728204659,3.1766755066481465,7.3281216232272195,0.25678661382298745,0.6044196967077416,9.15111738628751,5.434569384163356,4.924067557197921,0.7899703133521261,7.017668033578861,4.012478907574801,1.1692179191284386,21.092915596007224,3.291207589510144,0.632933922177944,2.6868050708836773,4.033383926058768,1.942486479378114,35.98547009278815,21.654395881771404,47.32175075763541,16.055060127735732,22.061743127785547,40.084664589966565,23.856252453678724,144.21214133693485,48.66092622185662,10.111876857952078,73.59796576924815,19.619923534870793,39.829308404041804
TEST_02+7일,6.216198211229923,26.67651214404496,8.27970399311522,3.8426112151547533,0.9232742756340863,1.2062504564897754,6.61805534785011,0.9585707658679118,3.672819235079318,0.6907984657614865,1.6249540112561742,0.37159602016453624,1.2044630424809557,4.421820060613022,23.823242180709773,1.3123298268155072,22.36356673874819,0.8978166191841498,1.3558329551444903,23.6252474271653,8.755222733413136,2.00391249761426,0.6870185010999258,0.3370242359755118,7.993839577795638,5.293688295373317,4.620682822621027,33.919868613508115,13.342919618714362,4.285925732758961,4.637807468051264,4.426355245943856,2.1922354444892718,1.1652698145305243,0.18822848268104836,3.071509422796706,34.2810472850623,7.600193527100475,1.54471174451747,29.26770494119368,19.30855557621842,1.427297084440857,0.10779810969207625,1.4190710007789948,0.4000881964711082,2.5858274494977005,0.3940543409636706,3.994461164548184,0.48025112638662376,3.8711401325424784,16.353430552784424,0.6858444595596169,6.551660541861532,0.6547012608598753,2.8251474769116474,1.163239214645224,1.6303605513746255,1.088088447736209,1.18828946221935,0.7006361169897138,9.28364272932257,10.480195817155742,12.096602221148338,15.947592403103652,10.824143122569083,2.5186258596884077,0.8265249983483494,1.202200611634263,2.4781700947979948,0.2994314919413318,1.8462156466317667,0.10890130953300697,0.6427058958950947,0.9444114373758962,3.7383145726443527,2.161144230326437,0.7906266505039204,1.9384775911803507,0.9586897378161247,3.7309920647540356,2.1131791522090753,1.0367651891749012,0.7156690004890902,0.9008147440385246,1.5184830101782438,1.486793768263995,1.4737011036913417,2.039333863950463,2.8292632573052847,4.86766373351305,13.363453145152175,1.3639015850559404,3.9036978032487424,4.818645812588857,0.8001508737790759,0.651666984350829,0.49077541448008905,0.7892128146162602,14.13995479655495,8.569828012009575,0.3774068864782289,0.2309234118304483,5.069961169127691,0.33816906100234106,87.6422222710436,31.70605054744417,27.671303983523163,5.008097847594506,4.094836152814201,1.211316181159092,4.289508982142564,0.679081955179687,1.4753915550344094,0.8914663521900904,0.7759449550127162,1.081022140535837,2.9943311806545,1.2797547403311123,1.8901432220244432,1.1231515725002237,0.558162221804909,13.689762516355376,0.3189307506231002,0.43793974269889085,0.25360287339809534,0.33079092721463393,0.15417779653304214,0.26932821806997537,0.35377697770527133,1.2714138848708674,0.37274305714348727,0.258211587729162,10.922491596844555,1.7272501069728614,2.7001281884134407,3.899868687937287,2.1376665500366325,0.5634278257781636,1.6366852994580612,6.812076759490346,0.9006862516905151,0.3174068854144542,3.2749043130323297,0.603931996837849,9.182794100792533,0.47626389476140346,64.18144633663994,78.29403838466018,10.129259089953363,0.27826945066161163,7.103846823373949,0.6055476084842293,0.0414025202930852,18.613240719936666,0.893939263715374,1.0615757619140014,21.334855116120252,5.256361935856193,10.498436470285123,0.6934577059874708,9.899694949453282,1.5848950621553552,6.842807969415287,3.3274001764277505,8.085188580175334,0.3069167887682333,0.6388499243932646,9.67772902186193,5.764705366400795,4.876390539029979,0.8201183392668125,9.777358923555015,4.387003726960326,1.479394725666454,21.82774114132294,4.058762304168928,0.774835584967593,2.898552597711703,4.686155140083162,3.047677262795785,39.04874470250503,22.090644008899098,45.371788387920446,15.139929984382773,24.355764958432957,39.22186649535665,24.811751089533363,147.5867462083228,49.9763727227125,10.138224905918912,71.86747473705022,19.372449963444794,42.562893740681446
TEST_03+1일,4.850235349658361,23.45010766392314,6.763677991958558,4.466340249428812,0.5951382229193065,1.4761318168352204,10.74807284035672,2.4801069203997748,3.3556439337067094,0.5858993463873923,1.0924838334957283,0.3437193824546788,0.7218812923127458,2.980967884847023,23.601484716398673,1.6728540049493854,23.582611487700618,0.7324730025751856,1.0428292965957557,24.27422721684637,10.289739253658228,1.9460613002453475,0.5873655089855832,0.7879874418534469,8.326646833384622,8.722340116144101,5.619056410305286,26.60059975473997,14.493373147605713,4.641990948393725,4.884385877817816,3.6001433529576805,2.1804391426371055,1.1072368660817102,0.031733343123679855,3.0562025107398085,41.21543763241758,9.655997830797018,1.278680973564121,29.426385245667575,18.925995892513274,1.2495229079566965,0.10363312340250251,1.0352034541636754,0.8127204020233206,1.756726834314434,0.34221717672558477,3.690354801437064,0.610106342054944,2.490812501040517,15.468253790899933,1.0243051262892462,5.603532097288369,0.5729423279404872,2.8687790712519745,1.3329595511664687,1.7020466904326745,0.6458867609545271,1.0584285549567736,0.5689906889276826,8.532521615159764,7.991065265944634,16.709117797647043,12.95445827125145,11.78795566919711,2.5875237867742134,0.5068850663994273,1.493013001045283,2.2325531288756704,1.3045599848243616,2.7408792698380755,0.04113012002036712,0.7881589646392699,0.5426528240393835,3.9717843441757275,1.6293617806969654,0.46831001998858846,1.889412064151472,0.8261764488354052,3.9918580972281585,1.8389366036267965,1.0663555675693182,1.1451581079254032,0.9920193918138853,2.2543201407960725,1.486759903028305,1.9279309786701797,2.6820756574965525,2.754739851714299,5.3423164045772396,16.944388963811495,1.5114828898611967,3.2926655654743224,8.696575315752282,0.7427563716105934,0.6857211337129224,0.41660984695414593,0.6840832583504897,19.519673906443696,7.34183756988034,1.3080861339052137,0.9966980327888246,3.989304893993488,0.22483109438433113,150.6285865795651,31.549215933289283,24.677703732979868,4.09163369306014,3.230568434666724,1.265371681972898,3.8331410083303794,0.6200817711784115,1.5912545012054167,0.8378177023278148,0.6765869832960449,0.8904692699764463,2.5933385429262317,1.324247386836567,2.132782329783388,1.0689542385693407,0.5769310594003493,19.59855200864073,0.1880294361606377,0.22805199385694835,0.18335813867733372,0.43360381923439806,0.17668605642181895,0.19567558291663217,0.347273421052422,1.9721575362709083,0.3824135486536876,0.2813768831094782,23.71210811383058,1.5458043127379748,1.5765361577204557,1.3298103373209074,0.7047826623955588,0.8113510110663782,0.6423699021833572,2.8975161988878484,0.8556330719954324,0.39663790940586147,2.4253215444292917,0.8254944938548825,6.600264007072395,0.03467871217706319,60.34909366983986,44.32866502334966,9.867458346169666,0.08789945142992997,8.5066935917127,0.18867882876872993,0.018910698888562814,20.754063797238413,1.8345660932663386,1.1299853947541179,26.168307746280924,6.8333330311430815,7.39864241431893,0.2653806754827982,10.275202686948935,1.4770668731539918,6.221251566306501,2.979890462440208,6.971771000689631,1.6704373259246905,0.6967512587270471,11.644057910423847,11.377524262817587,19.9866171533191,0.5207816254095413,13.682886636303643,2.5591642018059924,10.240993751493852,23.938982898564678,16.287192992703233,5.15285141697501,3.421839121180998,5.954286461928978,4.697494131688438,104.64642488305144,55.40618467622733,99.33758810317444,46.219512063005254,73.77022217318815,89.3044596014876,74.59651487979555,470.7317228588498,78.87470275464919,70.68347449880197,94.43721943911446,23.409541611540867,73.12236455194203
TEST_03+2일,3.9205443804078253,26.367615656617907,3.3845174195336414,1.389589680769853,0.3338060956425205,1.109322868330407,10.72668375306613,2.897776402197558,3.0009797655742236,0.5418938669375768,0.8632617221091986,0.3238897169127222,0.6856217428010559,2.2539366375404066,13.829890402775845,0.9683761175659661,30.118991935794224,0.5464499707666809,0.9035482472278252,29.934826692760275,11.300538470184748,1.8896669854260804,0.7086380060021722,0.6937351108956611,9.499642494823066,8.807294668757853,5.100843208847375,23.286497199970746,14.304870995803242,4.320474524238356,4.588431070704203,3.284415462900365,2.0174147739664807,1.2007577032912917,0.055158539928385486,2.787781066988225,35.136035547478755,9.338345735479455,1.3591686313626998,26.222779007149285,18.471189276754444,1.380338220638025,0.12820602957679333,1.1373793608573992,0.8957652451215933,1.793132877197335,0.32360827053680297,3.4923467849164957,0.4893371801770599,2.5760669324553014,13.625625763684251,1.0788722081830247,5.465790166894366,0.481910718811312,2.5060795971838217,1.1104285872401147,1.744393978835747,0.7872410427687483,1.0946826302802526,0.4920189440182653,6.414159526402932,7.553338732762771,15.770597802414263,14.333745884618432,11.767693951313126,2.257055472317359,0.40239848274105844,1.3984558797394395,2.2324326576311124,1.1240670337160232,2.714797089944996,0.0626341281645072,0.7838981026175836,0.6284515021967094,3.6668742094718545,1.6693762904567186,0.4346921319225165,1.8162660698824709,0.8206835473300653,3.7277474881677546,1.5981449872882352,1.0694510265493484,1.1206137657540918,0.7449549195367787,2.2561869501982517,1.4846770284690212,1.8155439548515422,2.58932309139007,2.4486051748868807,3.8457959443241836,29.807741104873774,1.399560908293986,3.148944294048653,6.215653001503983,0.7465364158374945,0.64263939200828,0.42933163980555533,0.625092966412634,17.76761924325159,5.677475084891773,1.1957712441922814,0.9400036472996965,4.678773858161361,0.2670585032157206,36.92245588385972,79.30442988146763,22.428244538938802,3.5934407907347015,3.1919995986497285,1.1208457761483128,3.591933288682202,0.6662993974183062,1.3587489042256946,0.8964856610181315,0.6071888656323432,0.7738450637951562,2.442610729173146,1.3807271506324432,1.8872161284339708,0.9783949769641439,0.646360826497741,22.449550674397063,0.3040574563206602,0.36196026189448105,0.2509252512512309,0.2941473343981143,0.20843986103535014,0.2498488232732952,0.556307683649254,2.4185669926113236,0.5194633122609058,0.390459344910836,18.309717800501666,0.5992674006737606,0.9015875097877984,0.7311444771556416,0.37146249950769283,0.41228054893954696,0.3096630366824761,1.6529571096208486,0.6269093274255934,0.2565973104348019,1.2126731975613494,0.4625867829307215,5.786867958873269,0.08488076843985415,75.26941759384329,64.09326506937686,9.015282847683082,0.11060948616127446,7.702190690361335,0.2583673634361039,0.02275117290730445,19.378549183345545,1.9235426939102178,1.241004146987273,25.57992469634694,4.776037901129029,7.487530815940307,0.32533413983084664,8.185902693373764,1.4544802704363295,5.507177015325347,2.814469135958245,6.138871741242599,1.785951593687055,0.7678256468926716,10.777355253534125,12.87574184520921,21.06587890788831,0.9269860774614528,8.837860882425325,1.8168809091049196,10.095509682858646,16.399878078695743,12.53522921688101,4.9849938805405145,2.399076248420187,5.179998902784723,3.624285157757603,102.73642674913842,53.87628263423558,93.50035043448045,40.63643047339196,70.78552003898288,82.68209523591656,69.18613124896706,457.9666827813775,74.8414021596269,72.49697026827099,83.23875301091529,20.16416187596282,67.74581214775935
TEST_03+3일,3.4943000742346375,31.04304173327855,3.0426316403589007,1.1519886591456956,0.29957897718067317,1.093264146898909,10.770721794457796,3.452400418141146,2.914973333231706,0.4788712242093708,0.9747497414712922,0.30047291996160086,0.6259356952108626,2.311438706756695,11.213729443218766,0.7139853350169213,33.090966477561636,0.5192686387636128,0.8868691250897399,33.414931226256314,11.381703984321929,1.8341658459768198,0.6405930515320516,0.793342101854532,8.944350297699618,7.727738981334517,4.09818446381283,31.087392693422256,14.578741651802417,3.8089146333678023,4.62398872092505,3.5559169500686845,1.9175036009472133,1.4014859259708958,0.07216430746093865,2.68277768112512,31.66103459522567,9.19869234978586,1.40841326915528,25.234303366849034,18.12631189156411,1.2040988710861615,0.16569566672921537,0.6486986955934336,0.5946608206291124,2.234888600096606,0.32651214601789175,3.5091511910560733,0.5197692793598825,2.691894352653043,13.035437028321823,1.0027359661291955,5.51334909969359,0.49694740199507575,2.2998904395631192,0.9866664584996278,1.4650347659559584,0.7806765899369771,1.264075958486995,0.5057526960156901,4.916843040360226,7.112897600785983,15.338323924945646,15.006265404832716,11.47890871019425,2.5198986454865397,0.46993613511718735,1.3502757032687749,2.6592748062968132,1.2310634564805367,2.8537474952433053,0.07200336093716808,0.7382210885345972,0.5893457797328429,3.815002152543103,1.7308395929003586,0.3891758450816953,2.0322602765768907,0.8313205009840174,3.865516456440179,1.718664453830764,1.1206244982512337,1.0166090918004262,0.8838506547251197,2.3385798694810362,1.7133180321902228,1.840787303530081,2.7476958686943616,2.705136469294253,4.93226687517411,44.109426903530526,1.274899336964841,2.957513009953198,5.215188616835161,0.6776845823630282,0.6107073555947393,0.4207728327698877,0.5889445761041335,19.22839791370693,4.95663616273743,1.0833025056841152,0.8385706845270469,4.555855116114015,0.236700665690602,17.625442874461424,80.5005421842286,19.541988587891094,3.403747463585104,3.105051581501305,1.0874202741632444,3.3855341233185934,0.702847367960019,1.2937428276110328,0.8169932503644198,0.5822076388465687,0.7325888157946042,2.2894825089513993,1.413979886354562,1.9321753530676233,0.9663067006585081,0.6035598027531325,20.439399370799325,0.36093802613106923,0.3147545604098323,0.3286009941622124,0.28987596389449094,0.2020218747577001,0.2857524362059161,0.6192304117100412,3.3089199513143956,0.577006744416397,0.4686233651306852,17.804961578288427,0.6692372194822918,0.9141013602432926,0.8089239154758763,0.3695242519823767,0.43188204969187,0.3446260144215762,1.5003820189808876,0.5838900188666274,0.2904712746342374,1.1146428164357371,0.43074619917794715,5.443674797726919,0.10844126027564195,80.51241548245014,83.44655962666413,8.696333326462865,0.14435813267171824,6.877673290931958,0.3410219258946745,0.025478306474745933,18.53514150430928,2.0049387101913902,1.3757631037042128,24.580786604048967,3.6603620655352866,8.264584779540021,0.39748396996386653,7.344001020526454,1.381085964418727,5.325474731419291,2.718272458006997,5.787747028424063,1.892999984985495,0.7591610986803207,10.634500368587139,12.813886161670306,16.34635906125156,1.0862679728585747,6.873382847754701,1.525748926874343,9.835072542575224,13.77793236347805,10.211377921780802,4.817969940074724,2.0375275183787003,3.534122990619834,3.511741677162149,100.90271295132743,51.05038751970527,92.07268926556561,38.736374929874934,71.11666837199188,78.49497273974775,67.53007540703872,456.80521791803375,72.63077621910277,71.45790315286187,84.20976386955932,20.647258862529362,65.13062933594608
TEST_03+4일,3.588844819244241,32.49237549061051,3.262849932011885,1.3618250132052312,0.3236656168622901,1.1890440741471078,11.300346604329988,4.018486880220579,3.035683155286076,0.4938514517939646,0.9030148681372643,0.32604414515159863,0.6839069229311561,2.623246687922122,13.281218629110114,0.9093210111646531,36.32276599760828,0.5354968517288202,0.954163152921231,37.55530656626542,13.345883493539253,1.829000911758536,0.6229836649814482,0.762569336763905,9.431304926688657,8.916716710066956,6.184565000391234,28.01010212135704,14.328849140643053,4.117093917513994,4.946457276689449,3.7130282211302035,2.0345792292312157,1.2606033927770284,0.09100044440116829,2.6221817525119917,31.623933596765244,9.028804998624985,1.5837706684571466,25.495430589401924,17.99941388212143,1.1560049499387872,0.17193237734681585,0.9137751140838359,0.415333107855823,2.0505096260780133,0.30788673892194984,3.3613692711901946,0.5362528657650482,2.771990180016518,12.663172254381227,0.9065017087859422,5.66335254380725,0.4921794471136029,2.1555405584257947,0.9389522490265718,1.4564611770355447,0.723287621178349,0.9927414219354286,0.5188707825572991,4.901150653452786,7.34450858941799,15.147837888668123,14.88037539541768,11.658533405905107,2.669651381447122,0.41374944160947374,1.4464937553952113,2.9285115783408053,1.0959339178492937,2.756712316824035,0.0759197237438203,0.8199948862887223,0.5704326542567629,3.949652900276841,1.8383322625108958,0.40811122689663837,2.0709415541612,0.8101167661611062,3.968485670185615,1.7292348352137594,1.1532604481753992,1.0220874090733325,0.8262612225000823,2.3690691096366674,1.861846937733742,1.8714977425050348,2.894860423496543,2.6382779063275907,5.5279010672067885,46.50184100880662,1.2105262151150173,2.8755650264577057,4.7513761361682585,0.6208469100872754,0.6276081420136096,0.42870553007104856,0.6580257634204473,18.094654989207033,4.565419995876036,1.0636411177190517,0.7760775729470221,4.783828596939902,0.1948677186067701,21.98010259873975,76.44166939202863,19.708883501308755,3.4740335538273133,3.0633718729382298,1.1191879862337524,3.2412055176183805,0.6898254889105845,1.2900977201792574,0.8687796160043717,0.6454290989398136,0.7971371002288833,2.085569553112066,1.392512006002727,1.8518928602640548,0.96097549952243,0.52325409947923,21.44180475893233,0.390929597777919,0.4096879848487516,0.3671163868351352,0.29086616828020706,0.2395516171481052,0.2883843381731992,0.6126874646522968,3.6106745549930723,0.5081496709069059,0.4671779753560382,26.026197932502686,0.8815550166720472,1.0233857416045125,0.9239854358356634,0.5071446015634916,0.4925593025471509,0.40728047971478926,1.8077733462066774,0.615683999902065,0.31703352293290815,1.2533414416892308,0.4825131972054831,5.4738152840858465,0.21965458913079006,83.67946871348651,86.19945301435239,8.822604134733579,0.1782543559105854,6.652393183862037,0.41759180863386863,0.027584402595479902,18.465207126205158,2.0247737432198845,1.4029549822373137,24.341063149179536,3.4949363779775227,8.347213749527391,0.4890765369243355,6.922355057814263,1.3741272146211028,5.63803802521468,2.7519360689071917,5.988731483617695,1.9940096390152082,0.6750921898534407,10.605773077485905,12.02903209292821,11.023774823868376,0.8832390827638376,6.766873129359986,1.70934293818847,10.057907537259323,15.115489034221602,10.090161361220742,4.831967790347908,2.0647389644936975,2.6402769030194664,3.7861922760163464,100.18732882551595,51.86157792672785,94.28482548999979,38.81696331784544,71.32732442658104,79.43640475339714,68.86862910280395,456.79896309922754,72.28455745818601,69.22685711509736,87.14755080000653,21.13168225134976,64.30111167439759
TEST_03+5일,3.862153644009317,42.391532383792416,4.16247430943652,1.5515589174431814,0.4692678840331853,1.0631963680779488,14.47531765326717,3.953917029774466,3.1800483742592585,0.49016360202286074,1.0472374208399253,0.31242153847417936,0.7342645900552964,3.5918105486170915,18.352623483841768,1.3488408539169734,42.05294093923991,0.5180231589037867,1.0728840676000417,43.79721618317681,17.037043532472694,1.8201574058778964,0.5887455939476371,0.7523643837116506,10.103918295847002,7.240043130252335,6.995015811190311,27.42100641755953,14.486064316073648,4.033773316958106,4.725384889168772,3.76977415236093,1.9990508705037386,1.4478517723628264,0.10747035598479417,2.707487796154269,34.63502101291521,8.959597635236678,1.575545152851874,27.045894574864395,18.102606402826748,1.2168846175636707,0.12465372175141756,1.1933591121723162,0.4450520713408926,2.2128776955795995,0.29755296596309505,3.433390255378442,0.6497263834178981,2.774870063210219,13.19549116418528,0.7645210267615293,5.853930725799781,0.4893650873534504,2.3503936983837685,1.033243064627113,1.5357430460011856,0.8317520976986104,0.980862707144862,0.5512078510278334,6.337385074687938,7.394938135436218,14.670559410974553,13.949314537596198,11.933738693378606,2.7353010934163313,0.45341288428154425,1.4963002171225226,2.7160709928590085,1.1756410864145634,2.7162937910107328,0.08136639287044381,0.7079237351474335,0.7402893402539301,3.7692186586645993,1.803595002002947,0.4493916024691693,1.9675845648954045,0.9014198707786385,3.9329410026812384,1.712364095232911,1.0413456121216818,1.0101924193330232,0.8534227110544115,2.1953087176091133,1.660937367114252,1.909995266046538,2.9086835753266187,2.506798241789574,5.090911733485837,46.428889566997306,1.329571635061493,3.0829055794888434,5.33115945417487,0.5807867214554866,0.6258624396208333,0.38215866688486416,0.6052197426991324,17.007817693632994,5.076568524583758,1.1753439468859395,0.75547186050399,4.885526703375538,0.17489700601313135,20.64568099091723,77.40464499986527,20.602480842633636,3.6156635195519917,3.067190935650161,1.178485347604361,3.2936777072490213,0.6638860375167375,1.3475629141477927,0.9143681258269474,0.6285878777717253,0.773866238365082,2.355712253632683,1.3121662731813042,1.8760678708716498,0.8988148939804418,0.5474160783336323,18.32289377535062,0.4330140778267425,0.49991574578378745,0.415412740218511,0.31263240336042525,0.27820116539672934,0.357795698436945,0.5759582443643245,3.8573160064793792,0.4506542340410515,0.42139907393277465,30.39098406438372,1.1696722256322398,1.3588504263220131,1.3133526000119053,0.7710043622588785,0.6390114514770223,0.7017563736994284,2.385102778907212,0.6858628177085637,0.33220861981878813,1.6542456706904025,0.6180845224775541,5.790341216998357,0.38506415205835576,85.3730181287778,88.14495096867597,9.722687379004386,0.20394104804889926,6.709254377287018,0.46837569562416986,0.029145456755749824,18.272996306653344,2.154426368871353,1.4632146601930442,23.233035829131012,4.0773159946315225,7.629745916203216,0.5664081399235039,7.241317400537997,1.4011240802321834,5.838717095668735,2.7957560413997466,6.436821642370061,2.014382304460531,0.6824846350655933,10.72979698373582,11.799242550062978,12.558658877680518,0.7132669168358002,8.24615376014451,1.8351011088083524,10.511000228750943,16.588175464072236,10.411701460390644,4.8791844429354905,2.3444715103160307,3.8407165255367723,4.1989701403168604,99.04840272796687,51.773264898804534,93.61893161389877,39.78802749909516,71.48910444485179,81.34149570279273,70.30371732011267,454.8887452359023,72.0399743037485,65.97694258651651,89.30225330067428,22.031300763252986,64.87608897839151
TEST_03+6일,4.969784189132844,37.52135945570744,6.884699542129554,3.3227765289732303,0.5168244259056921,1.2245434921011626,14.6220440988791,3.0718278315823744,3.453945694672859,0.4991998646003155,1.2036860690576052,0.3501993923317227,0.7509003373582269,4.187523810482197,25.90316559931647,1.8194794782829415,34.51567530226954,0.6577927456456959,1.1218648864172405,39.91941955669622,16.226066446836114,1.7615946029742173,0.5255223248764576,0.5994376523469773,8.782528501980796,7.217350591944866,5.88577746917595,42.15597341647426,14.22467086135444,4.516615489715747,4.476606258169431,3.9680722173666734,2.022527904505303,1.3284274508795504,0.1359524728138956,2.6211938276940945,39.78281852989704,9.010113310354885,1.6528795242412506,29.49000072827122,18.075646175978267,1.2692790006983814,0.11834752615789239,1.0670373085523548,0.34684103077090245,2.351645105077282,0.3364460017759985,3.378095648581097,0.6000728729586612,2.9230280648842477,13.71906842499942,0.9141822271098364,5.718550771998688,0.6009329823221589,2.6345777934964487,1.1206146464274322,1.5165852865007659,0.7148677626518534,1.0589058431305527,0.5092350190621805,8.814759792416295,7.2156094854853885,15.647040728553977,12.701316455009835,11.961515939601545,2.937665508642607,0.4043075686298118,1.5032189392641437,2.543860723162866,1.4131203016781424,2.8152588265965814,0.0966526014049543,0.7071009045138835,0.6699796864227482,3.780755047537958,1.8353997688923207,0.3851668111697641,2.0290044574545965,0.9485182656647817,3.88845785213359,2.1209256623149564,1.2155696938019374,0.9803845390987163,1.4735092236091585,2.189789294775536,1.7433848857043417,1.8439343228169955,2.7923770182822185,2.362473063271458,5.012617499655296,38.95510358868045,1.2713470817631807,3.305372229301966,7.256843646288198,0.5020775120102144,0.7255733544669057,0.49810102335114764,0.7078485116254142,19.321322731497308,6.220663841999831,1.1850288048785267,0.7635190713196718,4.465123140507827,0.19551390235167063,31.131413995965847,66.3921314717936,21.810355643575335,3.7740135228320133,3.2880257406396676,1.317268664396958,3.513791667412878,0.6886694419839918,1.365550951903429,0.8542412892984486,0.6657340333810708,0.7417621534698116,2.6289656571863222,1.2566121193008144,1.9937026510350935,0.994664670500608,0.5006282295064424,13.547670053480367,0.368496108729849,0.3757118372327548,0.3945918132568659,0.33921329925389715,0.2611666995150424,0.32955218364065725,0.46993419861444413,3.261151287761312,0.35430979307041205,0.33847035199718717,27.76179015258298,3.6152836297080406,2.3456622906017777,3.798305196162337,1.717831884282122,1.1857797839649422,1.7551227774739153,6.602098377123964,0.8674687013072263,0.53458019964691,3.1667995405387686,1.065186183950327,6.237526926494635,0.4360499701333696,73.52104582869855,79.10692159204476,10.660303071337982,0.23804752084052833,7.223380400770051,0.5417426278543281,0.0349866488992005,18.923770329562704,2.354965533274661,1.5603225792088251,22.256241689175067,5.65154592777837,8.70310700261585,0.6200311064688414,8.76351388950021,1.3348091228633867,6.121599418866758,2.847794543182447,7.102943782628963,2.2005475616068795,0.6792477836356343,11.064917531876183,13.50877541822306,15.902626267324605,0.789970313352126,10.835923616496796,2.24834527662164,10.39806509825048,19.325959360318667,12.220407984834067,5.061482606014497,2.840782917159312,4.782550432819051,4.602527080271475,99.32918189843878,50.9756741090259,92.59243608798349,42.09951349212184,70.2311438813598,82.43372856590224,70.92132311690301,447.4526577269876,70.22802187155321,63.055369861969034,88.4676877503655,21.526488043997528,65.54984142590322
TEST_03+7일,5.629136700523955,25.83797527054015,9.00194338372163,7.039783819995967,0.7482824521506358,1.2055334197628484,11.382022947139626,2.686194097591814,3.7606305281971015,0.5546968671837785,1.2540451520450058,0.405038296832475,0.8053557687424304,4.109178240667722,30.143067974401625,1.9211337117079095,24.203976590452104,0.7746778318794741,1.2052058094585056,27.54322004543343,11.824466380356762,1.7780576369152525,0.5102717896292784,0.6882558817758867,7.807941496523246,7.5529624780658855,6.924801005365684,40.84067271111438,14.20352804452864,4.406904524437042,4.559880434927657,3.934600926407921,2.245149670425492,1.4619640161683514,0.16979238793166088,2.60470570856099,40.07787689652557,9.002531410837394,1.5366858589614123,29.598509367855154,18.169506531700833,1.2406706997629577,0.10779810969207625,1.0191602331647773,0.37815415885303216,2.156122389111427,0.3200131867087755,3.3975826070134647,0.610433085353063,2.925087714050192,14.46825497580721,1.0418467811403025,6.107593647587871,0.5134409028899324,2.955403413312267,1.058797653395214,1.6343941645125253,0.8068815513286403,1.316205865111285,0.5898419403798941,10.153974138299253,7.152152465860351,16.428782634743037,12.071789433222746,11.666233712271627,2.9305215382412486,0.6721902659666893,1.4227372370197806,2.286947837920127,1.131867871429474,2.733813914305156,0.108901309533007,0.7978237560648836,0.9232796249314719,3.8921512330080934,1.7494210807450543,0.4722117041900696,2.0503133374401616,1.2042385005413845,3.7011436479483306,2.0890770559776977,1.2215499598187696,0.9302592910296695,1.2193068706585657,2.2448518447714063,1.4493746690584781,1.8616044412244586,2.680065711738969,2.765813788544778,5.736019840076222,16.428376000673527,1.2443548791654857,3.2202223959647727,8.854899757561755,0.5855054004701149,0.7606798896096015,0.5294269133305215,0.6073034426512087,16.0021721584402,7.562574757475507,1.2696559579621758,0.7666002832536216,4.94875198407493,0.20962488075084565,122.0135755383823,20.686680196900824,23.530646146107447,4.278805869185349,3.4525347439011917,1.4759288495577825,3.866251044504081,0.7147956506429299,1.4427079759859354,0.9558999010587192,0.7727899167956825,0.8249496422550915,2.818522876727292,1.2205003085486565,1.968264474565155,1.1761822539741698,0.473266812876479,13.309458136627976,0.23559325977753537,0.21047036803396052,0.25935749259894203,0.3822744592882019,0.18921365226209422,0.2438674013956032,0.32301324565108785,2.348251554584657,0.32093687265822307,0.2521253600946237,24.49989968414825,4.902604993168297,2.7424164687797004,5.046905523278481,2.28528808797529,1.4399397958559013,2.30063846169316,8.63531521554502,1.058726025135691,0.6857550523607258,4.0970969752089506,1.7400569819264278,6.356564443601592,0.4762638947614034,52.42933794665109,55.6788341763941,10.392740296174614,0.2782694506616117,7.675623059467021,0.6055476084842294,0.0414025202930852,19.51602036305882,2.714009295348304,1.642257729934194,21.61901938891422,7.069230371709063,9.422196775920108,0.6934577059874708,9.88696553816749,1.3988609541602497,6.56644811854854,3.018586902871032,7.3550278675141065,2.531749608542554,0.7127231730437845,10.820732399957734,15.232506477582946,17.381195386745787,0.8201183392668124,13.53774551433293,2.5703249996005963,10.606671929119809,25.189049351347325,15.164864631435016,5.662949539199945,3.7630259481031376,5.49065350233472,5.05276719839377,98.33010000114147,51.199247540509454,94.40139326363543,43.89533476993984,69.22571481911548,82.24732353035866,72.36858179948872,436.0356031754894,70.78710371498349,60.5090170862791,93.80598260864197,23.404346149095808,64.73665288719975
TEST_04+1일,4.966311223443601,16.682285353646446,7.73880895863181,4.585259531454015,0.7120095646603584,1.0872432918755255,4.421079782937486,0.06731997714191909,2.0152749992581738,0.3287437060833249,1.0849748089631417,0.5330638401273524,0.6193404866748359,0.0870343542179173,1.0761058339226954,0.02795142643013385,15.562950593355522,0.6712044943611546,0.8498148718697667,15.692878900705306,5.550502986154695,1.0138457428228453,0.6312120198081853,1.0660251250552322,11.574002902286312,6.982538277958179,5.005382882450591,23.180794573667654,15.292724123218168,2.9502982131204862,3.3726944498288,3.9051348572870044,2.2301906922880295,1.3813935642633473,0.031733343123679855,3.0498729215049716,34.812201091602105,5.239250372665118,1.7304907772123714,29.665114865267057,11.493867566000981,1.318601373151938,0.10363312340250252,0.9041793709904106,0.5500199728019548,2.4217536419539707,0.34798384328062193,2.3924596900914974,0.47010682675064364,2.296942756322048,8.649677134984772,0.7071572309331228,6.5456316840364215,0.5089132125818284,3.1381297687505008,0.6108517707124757,1.373680521694414,0.9752346051073519,1.347018625720564,0.9817745124320448,7.383013081127704,5.8240233567817565,11.042596191745819,9.014606956845228,10.565220388995424,2.603926239627702,0.8109916264127658,1.1023072698901057,2.9820749305731207,0.4454865556215286,2.4170284467748133,0.041130120020367124,0.7817979996244843,0.6887423242264517,3.8085513120396244,0.9685792736375126,0.5791118191696939,1.8151674154348711,0.8604345394956809,3.426932545239001,1.3795878778452462,0.9633626158033117,0.8023785460434535,0.9575249115474089,1.1034855726757973,1.568115397729362,1.8701028738926604,1.7982550697703314,2.5370128727077965,4.059825710124173,17.37621966288302,1.434672907761241,3.231799988383188,7.7711962051558885,0.6526355307494445,0.6856411262813596,0.5360046228647718,0.5108476098301492,18.37866164622309,6.5215951056348995,1.2558804088803657,0.624132233352391,4.708293990480879,0.32886320704659633,141.05079064756083,32.40833208537582,17.09768372136053,3.9217133339744716,3.8494205589279074,1.1630546265929878,2.341710518107801,0.646895815206893,1.5074127155389017,0.8434623372508487,0.6160619096657897,0.8298482934074859,1.8411165580684037,1.4938711175744117,2.1732035975797688,0.9684364929812814,0.607296711948694,26.17701021343967,0.20713119763277368,0.2372172326393132,0.16168801816245645,0.34433216949985257,0.1818292042004125,0.23610257694380016,0.3397269248984525,1.4546097476097106,0.3075755774838524,0.24910566289213482,24.415833165314556,1.3055778645683878,1.6828569675975327,1.2394972183773019,0.7980145049147546,0.9314613079160288,0.5979218517534272,2.535611625751912,0.8364734792545111,0.37412874238334537,2.1532943426971998,0.7759577197585703,5.530345756138616,0.03467871217706319,45.375102686154,58.13335001207689,8.1046000371037,0.08789945142992998,5.554020158340429,0.18867882876872993,0.018910698888562803,13.669235734812176,0.12983618825953425,0.3737470489845056,11.271931161230857,6.600467347473419,8.092888377838278,0.2653806754827982,6.5026526609287725,0.6341256804835151,5.010175158338349,2.538061306268439,5.530433638086002,0.0865495386010786,0.696751258727047,6.741924992631744,2.676196168812781,1.300287557954473,0.5207816254095412,8.01249413070031,1.659204544363944,1.701843581755011,8.524974303514531,3.1280251346832597,0.5213168564464115,1.3352860685551775,1.290898832374812,1.570612362844948,47.19669740542008,16.200708211941,38.03210120561488,10.615219561972687,30.571839094658205,30.407170966805225,17.629792927192153,181.09407662110465,26.94820582614031,32.05673798854736,27.75397857738948,10.98800838509569,35.85899923232451
TEST_04+2일,3.905381801329489,27.701634012662215,2.930428202769836,1.701433072051354,0.3438107131826806,1.0988958259952408,6.3028106895937865,0.11610976175776341,1.9852671529195178,0.2957880279017673,0.977652911403058,0.44545220971549576,0.555692961344775,0.10249204565233211,1.1040875542617785,0.059621186227849225,25.11866061232549,0.5725404055816866,0.6491354905776825,25.70160656045515,8.22311189256962,0.7711581603350909,0.4366963144112219,0.9331238964026617,14.051249155916853,7.459461658007992,4.63784679168944,22.151031694955094,15.292073188399696,2.7996999591359204,3.4414399965568747,2.742844339950545,2.169518427343326,1.3199469569782638,0.05515853992838549,3.114210299625942,23.346944349228764,4.98312408719523,1.562490900693716,21.78827600116618,12.02156681544961,1.1975060562008455,0.12820602957679333,1.207478258123005,0.4717482772949493,1.6379007607648994,0.30689085119427106,2.4867294731643432,0.48902835599309613,2.2484563739265817,9.230692310896412,0.7581593054167173,6.692497552161177,0.4126152839561491,2.5944438875494553,0.6352606379697741,1.4174343738656014,0.8946928167537853,1.3874848405370057,0.7681008627756356,5.662595205832969,5.678870439305239,10.707243079745803,8.46253303769637,11.342907685035227,2.2249670016486722,0.7205060912383846,0.9275446336873885,2.0795860093149723,0.40593965659860703,2.2837969574044057,0.0626341281645072,0.7213285483582621,0.6872080245319341,3.4062025538926393,1.0056276446574894,0.5982450706462544,1.7803561857545984,0.8003453337729414,3.080856645419748,1.219432316102419,0.7832597245786431,0.6848342699914101,0.9459692812392235,1.1283879633704472,1.419464595526165,1.7661821982338788,1.4424301272869704,2.270420969337357,3.272078177596343,32.92664520591807,1.3420035266489032,2.638778368505843,5.048807114315103,0.4975576778763849,0.6150495454472387,0.44408821749162997,0.45120746344370033,15.549008284877354,4.812461592112155,1.1856807616470069,0.5570917612862817,4.462861800903857,0.3574590680532917,32.06384683125396,60.29609281286589,15.922588813326099,3.220558401101952,3.29809850128177,1.151815817573557,1.8544115213029149,0.7096795186639332,1.5132509733027188,0.8899158277244421,0.5769480513209444,0.8660710411788491,1.6457121585639964,1.3519541842400238,1.8384914029024098,0.8639436355696891,0.5520548802751462,28.85538328852736,0.30841792368542775,0.34863750810970273,0.2778945487604449,0.2782159276492643,0.23906783358602562,0.30927114465243255,0.5273272666176747,2.5255503487524646,0.4129490223333036,0.31133139178354047,25.382818972467447,0.49556385341806275,0.9571231343363974,0.5872405371459252,0.4172958225410756,0.43573433780674375,0.6318580091504651,1.2008144011305941,0.6234793032662211,0.1556438477264237,0.9832107247067781,0.42684249849080086,4.975566378368894,0.08488076843985412,55.81275221174931,91.08690320878132,7.947502849624476,0.11060948616127447,4.838754239865037,0.2583673634361039,0.022751172907304447,11.61754906898406,0.16112946338204576,0.44497482557405915,11.561449617050194,3.702749072796399,10.27874088773921,0.32533413983084664,4.988261586367345,0.7061043012237576,4.271894087782569,2.4990440415203077,5.043427806348401,0.11190511168555228,0.7678256468926714,5.773367741096871,5.454837949304553,4.977009081209602,0.9269860774614528,18.29423834107317,3.6696926753870365,2.2995240124251546,8.912485079710141,5.970530408157323,0.6479021108848585,1.6446689821344913,2.8982757677065423,2.9647384699380233,46.49466339198861,15.604871521385512,36.901309875439225,10.547696666385184,29.706695238285707,29.952969754158214,17.02304956425853,169.92214519372038,26.587286820900367,31.923427113965406,27.7487002981029,10.73753953836837,34.34265862477549
TEST_04+3일,3.1575086583067784,32.10020911507492,2.813903588612925,1.2222520392799574,0.23146060233776297,1.0189856672476107,9.101610559063218,0.12548668223423612,1.9254902889565522,0.25189833652100424,1.0447138697895388,0.3959079950434433,0.5529745689943879,0.10903033288998071,1.0677589787708797,0.06039247972813548,28.626398033422344,0.5283491645468208,0.5259169629394848,27.250693425212614,9.636646717827405,0.7279035261060014,0.3858090526292042,0.7932153651621188,10.735633188868388,9.269568930265931,4.364980015632437,30.387280506976257,15.33762873844632,2.597439155462486,3.2906542953997358,2.5214002512003795,2.178895480743529,1.2359182302233576,0.07216430746093865,2.877167678815366,18.13883694600167,4.935256249062857,1.4854929626724274,17.481594488915654,11.709119124883946,1.332838935858851,0.16569566672921535,1.5011871336007574,0.46635487723987407,1.5425080375935678,0.3109926329201669,2.6639305341791992,0.443606030341468,2.1423291661956685,9.239507751422481,0.6736074946571462,7.0872739011339485,0.5112922143586223,2.4142978899905647,0.6273698320297816,1.339390934316936,0.8501902939191195,1.3598346624877897,0.736475935993796,4.062738067629816,4.901782073283472,9.167367431823665,7.807213701052985,10.146452743451395,2.3357543159844556,0.8103755967046676,1.1311282489059489,2.383204632080395,0.5482233261219196,2.34763158355631,0.07200336093716808,0.6760870844987057,0.8406990547381985,3.553315537659475,0.9826942600608682,0.5970033634175242,1.8405328658269657,0.8854812977177816,3.0599496346035657,1.287869566915314,0.7534560476626873,0.6784607191665755,1.0860136354189247,1.2982637863173183,1.4297191707721186,1.70161796510476,1.5415180007929785,2.4867446779169624,3.4717239966614866,45.566655353033546,1.2896468348701748,2.206575255615771,4.200357550150131,0.4344823077265548,0.5758383003290537,0.4376104369031296,0.4291688478461841,15.576296739129063,4.049084290782193,1.0923629447558278,0.614465217901762,3.8370428571568014,0.2921338047419909,10.555721042370333,61.088608309911436,12.923281645810707,2.8613045689517618,3.417036007591394,1.1527783829960394,1.8345119978027526,0.6960543403387255,1.2967303568293813,0.8174848717559793,0.5954980910361456,0.8196671283811314,1.7016046286043351,1.1951856353092443,1.7107595558605158,0.7798121607486744,0.5127803652796894,32.11684253625341,0.35579456769804857,0.3094118518042279,0.41944127002682535,0.30235800957781317,0.24907927911155384,0.37171087053107754,0.6370145867670672,3.8419983388581813,0.45174697775725114,0.40210191633164405,21.605312625592173,0.5136030233246479,0.9509890100336589,0.6170466883460002,0.3505457583506398,0.4248543974094426,0.5211593904131299,1.0988067768251737,0.5323416710243688,0.20824025101676885,0.9348536728255478,0.3779165202215664,4.980577902629165,0.10844126027564194,67.4411823490339,107.36153056798618,8.442633263738044,0.14435813267171826,4.52330409680835,0.3410219258946745,0.025478306474745926,10.818857053192735,0.18881409997439164,0.5423728431948521,11.248824169772176,2.801821592868276,11.166648129249959,0.39748396996386637,4.167405154452712,0.6332203731835838,4.128074065539367,2.6716098062996196,4.924460869503357,0.1362899262546693,0.7591610986803207,4.957844379249137,9.672204769052973,12.9298830992203,1.0862679728585747,28.285967883639177,5.248005203886109,3.121086672630785,8.41065677490013,9.297486254192767,0.7300188344145982,1.448686482365326,5.704723981032957,4.058462255125899,45.52911809827171,14.426703733242,34.96657393222953,9.603182339449692,28.63217061978358,28.09915357000787,16.104756479392012,161.81276333041234,24.749511127550893,30.280776126089965,27.88622127419246,11.129978910653945,33.039988950629954
TEST_04+4일,3.008787466084767,42.03303863322028,2.899483907612449,1.4254838534099157,0.26271579415267426,0.9476340111588429,12.811310523078909,0.12904785907945798,1.8424586770540494,0.2728921659620007,0.9488350510084845,0.41127723713750647,0.6322864872729502,0.10316578035953679,1.1122199758875142,0.06231462635311091,40.60476129656999,0.5720070326049329,0.5539214105379889,34.54002534466728,12.873365531079887,0.7222782400441535,0.37656554651265817,0.7022094693225928,13.785545794367057,10.567703197561599,3.894617243565291,27.97937009499007,14.73011379152984,2.5973057688347523,3.2274412117800164,2.6106090173098724,2.1894118835478733,1.291441471420563,0.09100044440116832,3.0157146833504127,18.358790314704002,4.922299405167872,1.3724442731365227,16.93797750229989,11.816628098543873,1.2276679224831353,0.17193237734681585,1.3135225143036235,0.4320669722891803,1.5740348011018077,0.3513031056730082,2.684535967728306,0.4768433106008213,2.2289690254622476,9.007803525070452,0.662678323365463,7.06433275202325,0.3944634889861523,2.4691919336539954,0.5235092635147732,1.2819709564428616,0.8246146349903498,1.0493952929710864,0.7332333814613515,4.075017798989896,4.579961922818659,7.778222273329675,7.610107085857414,9.012477386561578,2.4572318596433353,0.8984730353563638,1.1247767830813793,2.5248658188459356,0.40863972822261246,2.345936831834936,0.07591972374382033,0.6915008374955518,0.8409780907199633,3.6259095324331403,0.9867191304707752,0.5819958801167324,1.8144311973890155,0.8955521865731662,3.0889702260218734,1.3097048288481037,0.9107900199687823,0.6990601269117374,1.057995208366435,1.2342712614286797,1.447400729691014,1.7702890828502194,1.6533412601327937,2.4389814343992344,3.81754343054204,46.798718142813854,1.303446719376831,2.008615903065027,4.3614785052872795,0.473655904457289,0.6189053214067709,0.3806775517414351,0.5500836837919273,16.637627648967932,3.943474518525094,1.043200983415663,0.5441193566711923,3.840847163168641,0.25295764568926266,11.380386787627485,58.22100849211728,11.9603344170688,3.0304313702750965,3.2211840937286422,1.2743174041976792,1.9869413789978667,0.7005458774212333,1.2301905965608488,0.7461200929527969,0.5751275503218822,0.8219967121419088,1.6909726627964417,1.2049463358334396,1.618386452331379,0.7892064807892961,0.6380131421009451,31.12634741394462,0.4274458231846444,0.43373482572384076,0.5077095004538074,0.28457720569709155,0.252842053400712,0.3400873355394315,0.6638662512430367,4.616764569834668,0.47786840374673967,0.4439305621834752,21.0525023163257,0.7713352210760412,1.0171501060222996,0.7532507172613201,0.4303202536904739,0.4649081135553446,0.5099198376124909,1.418827271990703,0.5582547054663518,0.23308172321139858,1.0767094621334834,0.452240509416932,5.182119822257293,0.2196545891307901,69.44424613755717,100.24252501122884,9.36956736551106,0.1782543559105854,4.824027153133078,0.41759180863386863,0.027584402595479902,12.461256883833729,0.23749050940570374,0.648475932522976,11.689833447460707,2.8468134786391266,11.490820542326015,0.48907653692433545,4.255049229205578,0.5472890673071644,4.712925667239268,2.75364143821013,5.213454625444452,0.16109742128555002,0.6750921898534407,4.770753604336989,12.38370199257299,19.304355217002982,0.8832390827638377,32.72429454895853,5.385722803609361,3.8394911474834403,9.378408683154465,11.80105454655642,0.869300856237824,1.3381933864446993,7.390894483104679,4.504892595119982,43.98239749249451,14.01135583907004,34.91517818127979,9.86069679588038,28.624751210106094,26.611894875741527,16.112700176690947,160.74765278960655,24.28926036105477,29.15047702250231,27.661074629618515,10.706189451718823,31.989081265363062
TEST_04+5일,3.258175690774968,51.43734628110541,3.3680547698633965,1.7798555405470884,0.34621762000487766,1.0803998394302574,13.943755372983986,0.12280124285013641,1.895744543567524,0.25129117075035395,0.9628965075010473,0.4124749731780061,0.5611926814023804,0.10283322113006223,1.1423363807293854,0.06031647310269344,50.08251809650243,0.5394614236540518,0.5911352382003189,43.20544878620593,15.153882199029603,0.8122721742815999,0.42678289578984663,0.9183655664687381,9.408523223890661,10.039246965271015,5.665775392340372,38.939488389313674,14.77426867285578,2.7079532902705132,3.247973968178738,3.0414196489146934,2.140143074130383,1.1750132156989654,0.10747035598479422,2.914901045604815,22.44678672418008,4.936225882167873,1.4283686717874042,19.873860130687287,11.906508984057247,1.1228489975651468,0.12465372175141756,1.118860540389139,0.3860797722489256,1.77554251928888,0.34957908053094244,2.880264193083269,0.4409964199828482,2.2014542742495817,8.556905249816072,0.8690240980473516,6.992256692291023,0.40382319610999823,2.431340161130409,0.5250115718106907,1.4640983978424538,0.9249169651623345,1.0510860574678862,0.8723299641881272,5.133603311437435,4.650770774848677,7.348058586668307,7.847573672548388,8.412412921337344,2.4981591158157173,1.0274266539775359,0.9990061533112389,2.528265520516718,1.134897098624592,2.27090611389734,0.08136639287044382,0.6279026748696107,0.7656719910483859,3.4453437276603998,1.128868750541697,0.6198043821532279,1.8278642066273887,0.8391188396190536,3.1894713435136124,1.196901023105839,0.9616810679403055,0.7604914282754228,0.9608810960958919,1.158661773650952,1.6357552016273555,1.7965054754750442,1.8269876184203984,2.395004845520795,3.762963838814574,44.52734581945,1.2587957711890583,2.2221998237531,5.472611410735539,0.6386594897806215,0.5856162378484319,0.35185301323734114,0.6082763500585926,16.201412005598982,4.811903953751749,1.0459434203361553,0.5935110046627485,4.276962611552276,0.2366917612785416,11.287266621654439,57.37046771187784,13.137414352726806,3.5639342958516065,3.5814720541192036,1.335463219992456,2.1455227559099304,0.7393118644532625,1.350742330442651,0.8646342155090465,0.6092587431334137,0.8194385930514025,1.8810378811324975,1.3662822596858912,1.8149766232705065,0.6823521548128141,0.5321332358847699,27.867831241817598,0.4965140104777025,0.5071814154289087,0.5051299180518196,0.28909058082101835,0.24626863897118323,0.26954299039460344,0.6202315621111135,4.923073156675134,0.4610068798176068,0.4349460290811712,20.61794227714703,0.9465842133029391,1.3791326482563226,1.124332594374275,0.7120419621626549,0.5569040972299963,0.7747989720991183,1.8246768316830404,0.6094158656082621,0.2067717320930937,1.4829596851921507,0.6606089048079015,5.899894794642018,0.3850641520583558,65.51648077902466,90.82344134094203,10.296200915591387,0.20394104804889926,4.880549049830217,0.4683756956241698,0.029145456755749824,14.848921773348394,0.30746578150733644,0.7646934832493926,12.124740051066405,3.1552777778855687,11.188745580292677,0.5664081399235039,5.339824637516879,0.6782532850866778,5.176166656361008,2.758069019354212,5.684254735453045,0.20809014379062543,0.6824846350655933,4.8545205300821745,13.20445050165866,20.993126159569222,0.7132669168358002,33.29616118664291,5.577109871420214,4.267554267986903,10.326156859585645,12.0872590744683,0.9288146406791741,1.4497248202586097,7.579951320714451,4.945570888279122,42.05899968675974,13.944111337080708,33.767396929726715,10.12698457146217,28.564391364902477,26.346830055620416,15.524789919359694,157.4435934152875,24.252156871833108,27.78378388725157,27.216707104761472,10.481970446116776,31.067235344789072
TEST_04+6일,4.863780839261562,37.17489311916072,6.578354649016849,3.617102995261388,0.6505663635126986,1.228349937880053,9.920234422565285,0.12677849584951242,2.215065733119836,0.2605070277824482,1.2438250326231948,0.43061180066036575,0.7324807202744096,0.12223617964671775,1.278574085609367,0.06231797991765076,40.06725198689226,0.6314604605334937,0.7488967935691555,33.300770988080124,12.111169233333648,0.9593653946890932,0.48071258347754997,0.724684232212177,12.442753325525533,8.836226646153605,5.24791849117807,51.00192286524208,14.658463512043214,2.87027223154951,3.182361502808537,3.904429419669156,2.1824983998895013,1.2709509241719688,0.1359524728138956,2.621999360834565,32.177779752705156,5.268056556751494,1.3465299700750166,26.013989714364474,11.20754541597597,1.1362500453183286,0.11834752615789239,1.157675589436365,0.43480277117067334,2.4099997510510134,0.3765428122450942,2.9199652142635726,0.4700744404326472,2.340897008631618,8.82553452194266,0.7176181661080184,7.15518526425131,0.4086143285571442,2.7704552855046023,0.5652713753439375,1.4514192347219552,0.9174289539296314,1.296580028790992,0.9050904137914332,6.680607839875615,4.4403025461642835,8.005858691178082,8.370618195503948,8.420593399256223,2.7471060595084666,1.1597419183802988,1.042852983755797,2.888869365571108,0.6660084637493057,2.373803994384196,0.09665260140495428,0.6661324794816632,0.7430307479552983,3.51682550708483,1.1734575345238498,0.6434894320619384,2.049360525345387,1.054440525418616,3.3046177957923115,1.3215222719476947,0.8514836115535167,0.6620177972527974,0.8894147062453444,1.3076643400326673,1.7698141278181512,1.8379737718760802,1.8909382017410785,2.382281478301891,4.069235302303401,34.86193485852384,1.237963635583795,2.8838613181616446,7.683473592473818,0.7758730027185599,0.6905337024940654,0.407164423973932,0.6557195227286278,19.546032529745514,6.644425127437312,1.1892747269721817,0.582633069162649,4.552843134637724,0.24755985590121965,27.39387238263748,52.294415390013214,15.130801897953072,4.051264847236057,3.818701280994391,1.355654693836435,2.1156615145788735,0.7277882138944659,1.2681094663922423,1.0868074374738448,0.5710298903905623,0.8638219203509478,2.070555144274475,1.376259049700334,1.9587251551717066,0.9410193525693508,0.5841322056466086,19.53961456579806,0.4185309943157701,0.35211509351192255,0.3897677622746359,0.2728523693695059,0.23147681032933506,0.21782414083162546,0.45392664772086344,3.4587798433544292,0.35736249814171134,0.35241401655732574,20.950429677625692,3.70404467695453,2.376495842779777,3.858988154056796,1.7462767805139268,1.125208832956127,1.081617290466207,6.6139397238293665,0.7924685707127438,0.4500845893594267,3.1572864688215434,1.1857830774637168,6.796846274668403,0.4360499701333695,68.77412699826803,65.83493531954151,11.059130472785295,0.2380475208405283,5.943077839188979,0.541742627854328,0.03498664889920051,16.453992838842773,0.3663841817875656,0.8496921980810144,12.028472948925662,4.567991284932959,10.464339601337251,0.6200311064688413,7.493680656576023,0.8238820129008299,5.683166827295884,2.6687856432809305,6.061551655522433,0.2567866138229874,0.6792477836356343,5.6574673482617,13.909811397421308,21.758523614675237,0.789970313352126,36.11457047916114,6.206977641561407,4.623188624931094,11.441325299917025,12.422982733316665,0.9498647197934232,1.496696089876577,8.090473191896436,5.663586619764844,39.74084333480564,13.179513692110678,32.321370409184944,8.947609161580855,27.327165991308412,24.945988088466628,14.453163166973352,147.99896937828268,22.520521638520567,25.845986868311236,26.28050652319404,10.329159172526591,30.31086350427842
TEST_04+7일,5.706506418047467,21.320023141415405,10.175964915136602,6.3246456246310965,0.9869335677311522,1.413870007635069,5.540959016501779,0.14041940867846295,2.439817358937095,0.29188465186171814,1.1295144952587644,0.3350564938224053,0.6903308277367032,0.14596602217387275,1.4595628429476364,0.0759657511564271,19.954258343674706,0.8133559426437232,0.9300061167369432,16.359854852002112,6.9309379261871245,1.2109445423953071,0.6007242758149738,0.7479398687131832,8.976737250280369,7.464945641496012,7.594989261898212,36.58862580319867,14.765551629072508,3.1811340953283986,3.1495712949814236,4.479418601851043,2.158965957436723,1.1234814114597016,0.16979238793166088,2.7954624751706354,39.89180317293669,5.345502182786119,1.3631386255835516,31.985273953626013,11.172453477242547,1.188057422264385,0.10779810969207623,1.3172608502731717,0.4128014328184816,2.9507126274213116,0.3297667677287988,3.033682503579995,0.4880147975914047,2.5191902550233016,9.0619154960412,0.802736034908662,7.144516205106189,0.4598130938381457,3.2304859572818527,0.6658625126253699,1.4354354936202105,0.9465563703897462,1.3983413570631686,1.0544005901038664,8.183000274337921,4.965346773554495,9.466900177177553,8.809465498135642,9.995155688286037,2.876002264035483,1.0344097420463245,1.2906729868396258,3.369658809395504,0.4541177715816785,2.3882273394536497,0.108901309533007,0.6941617859679693,0.8253657160674917,3.7371582466300435,1.0774103613857902,0.5859298760494415,1.965229103186477,1.013560016140402,3.574761905481047,1.4536195964051386,1.0324218376233618,0.7295767137226578,1.2286990665674984,1.356380364219223,2.003885284979801,1.8428594625143546,1.9672945029450892,2.677988631765957,4.778037287294446,14.476906746692846,1.2674947557949023,3.198433473136806,10.074697078496824,0.8491735972288864,0.7990216935035183,0.4687400946948196,0.6408124775857716,16.314236868051207,8.481673001181019,1.1839727149020418,0.6807113090851631,5.684349070735552,0.24706015957911748,115.98700066817628,27.07305306509832,16.95979572824686,4.509383265898139,4.019626971294817,1.199114615968052,2.3513313946653147,0.7015660755646496,1.6141790515000434,1.0701664134636917,0.708954501295361,0.8593607972417051,2.0853324705307714,1.3146328405757808,2.1212862402637254,1.3195524509766088,0.6340818804954003,14.328654338564235,0.28653730492473806,0.19350503465172073,0.21063669020568626,0.33112425780892085,0.16148583389022206,0.23380047334068366,0.3057694344906709,1.768682904709514,0.2906768220114628,0.25352820151916955,19.492963100412037,5.125126166652256,2.8081460147247985,5.520370608279411,2.565381001776352,1.5246143878815144,0.8030937611186393,9.16352131325184,1.0338598838960336,0.7229340137457763,4.213921157235361,1.79246281182858,7.461291978343196,0.47626389476140346,50.040395011946245,42.93557219768963,11.390146802384653,0.27826945066161174,7.059409998641442,0.6055476084842293,0.04140252029308519,17.308377993555805,0.43609401674477716,0.920530410041622,12.401336361444441,7.2653232957661364,10.374998550784817,0.6934577059874707,8.967606003272676,0.7848466968240673,5.928740463395772,2.7488116788531127,6.344531153478624,0.3069167887682333,0.7127231730437845,6.572077185924461,14.688915451495387,20.879802471144654,0.8201183392668125,36.515056340406716,6.2337508280580725,4.764663722319579,12.707820797867555,12.378893060305726,1.0247587087919692,1.6317490998754225,8.547673402392498,5.516612225730326,37.36695969780902,12.659658921039181,31.30210446909071,8.203289687597255,26.079705647442633,24.619946527707494,14.35275932512692,146.68379731396652,21.2805137930004,25.250910718471363,25.090544510298383,9.444181973661097,29.802211403439834
TEST_05+1일,3.534534366069751,3.1648781900577387,4.784101492489241,2.507909668572573,0.5313865460800632,1.4597017471705747,4.175854608007896,0.06731997714191908,3.0229905341481658,0.3160126081020613,0.3484771773041094,0.30305761974370304,0.08894499164884455,0.05611916495881481,0.3457472029782703,0.027951426430133854,9.106759707887125,0.5839998396635471,0.3768173080868332,11.710391734890194,4.543040328435385,1.5684693020897602,0.3462922073841031,0.28989563235300586,5.893977079480669,5.0789884556809906,4.854067508367403,23.191929157242267,10.693269281487447,4.004509342030878,2.7339695867382985,3.7296595672044077,2.227496821656723,1.166632320244554,0.031733343123679855,3.1002889927188075,37.326070061487755,6.10381976230441,1.4870261448080533,27.53194678468835,19.754714788430945,1.3997724440009998,0.10363312340250252,0.8813391233900056,0.627837189674791,2.8268254429169155,0.3696507207344585,3.639513369751696,0.5390376938128346,3.70667308798224,18.261014457136383,1.016604553944434,8.18707959631795,1.0048446758432767,2.706691925427952,0.6943033121289408,1.1175732091827335,1.1936073322530307,1.1069172984882114,0.9362643017301182,14.948848516799918,8.880402169292443,8.488486880747732,15.84193743327903,5.289834735346344,2.4594479828988067,0.6621108628049011,1.314385180790485,2.9189988775099525,1.5009959429251474,2.422308268735689,3.3546944251155795,0.46349030124547547,0.6785473769441716,3.5768161002111762,1.2414067419591508,0.5920814239082879,1.6215468793752645,1.3665061400669278,3.01972079380904,1.7863159302050653,1.168244519400569,1.0662672629189252,0.8447808552952286,1.887235286396481,2.4172043947009274,1.9691183221652797,1.63505781986068,2.7890783554419087,4.62287816987994,9.234787329945364,1.5302043427865275,3.4385944574921683,8.571165932530947,0.7292033460280627,1.0143745718193717,0.5480329377625035,0.5210907769590973,12.742451618707552,6.783598934532927,1.2183075317462015,0.8505906335983354,3.509331774464027,0.10582180329348091,128.2182236173438,35.76876242463451,32.02161339082874,4.07165710234031,3.302159778274222,1.2402944908007576,5.374969082987831,0.675376806179467,1.281219155896257,0.8424539097144512,0.8879177924522906,0.9056206708947759,2.835737413592285,1.3468802382605778,2.318494520213729,1.1846629581447932,0.9426133375553418,7.915058132051686,0.22193061141772405,0.12968574785582743,0.22450167338144,0.2586803418240101,0.12483983473523755,0.17746510491177983,0.2514527523316314,1.1028779926899392,0.3125075271433721,0.1455807239971117,16.166161097309793,4.261592727898302,3.00881569208374,3.748775975626395,2.367322059252998,1.20029334306819,1.7543785479539908,8.3610108561352,1.1801213720358514,0.5391220155953872,3.6270103200804655,1.742778435449664,55.51598272910572,53.18674851271546,22.872524078277685,16.254248961965672,67.77298141739803,46.64306695326269,45.113958388085535,0.1886788287687299,4.1139851083195715,171.71492216225505,88.17340474956548,90.56245589652406,59.342765555385576,25.50499196214963,4.507006944973555,60.877772041987484,50.52158320775154,6.4984385640400895,39.412813491084385,20.746547703350195,73.44054721742518,52.23965984891043,19.92779894908677,0.22395913478334434,484.38836451808004,264.20206390476824,73.91383259415343,272.36965305489616,49.395318961925916,86.69011573430055,76.52816708802148,175.40329906876715,48.41930255070191,8.09980215040378,110.2603143201437,72.34449857723746,0.9895399351514034,0.9687695496720445,1.0505885823592593,0.7704475909647154,0.7213174499243685,1.4134534695281054,0.9485243390718918,4.584098758655408,1.1223140202022228,0.5898731938882463,2.0270488862336316,0.4752406123882146,0.9823540182059245
TEST_05+2일,4.132639767783899,3.354150987883915,5.557532784199806,2.47192924326961,0.4923900773131684,1.457538341216964,4.500235707010416,0.11610976175776343,3.674207503701345,0.2758595433080369,0.4737089445370726,0.3270477860275498,0.13668063034743386,0.0723956876400431,0.6180540891943485,0.05962118622784922,10.645824408770306,0.6410290301588536,0.4324962878407171,12.474920835430211,4.385302711840304,1.6256683815975899,0.24536884814739102,0.2907161730311089,6.727513844022136,6.889676249693592,5.3511518245744245,17.136957698057206,10.954103094478265,4.038653184402915,2.5939629921788274,3.6075824129075498,2.1291913648997807,1.1436773274214287,0.055158539928385486,2.919637137695743,37.69130437736198,6.123489670872962,1.4481736436716575,27.864115500338343,20.636774493898812,1.4131931388879924,0.12820602957679333,0.9868040538946817,0.45814886926784587,2.5372466533114526,0.3899322820571107,3.830603840906463,0.5507903459412355,3.6068428638687333,17.949946079352184,1.1271067015583953,8.286827597223933,0.8975636103038219,2.2040502288158503,0.6958708746264024,1.2361945491489323,1.1991432552627994,1.1222351865423688,1.100240358802482,13.402931590671127,8.012496732537498,8.836079215506865,14.60333763921004,5.544859282633025,2.466325395863214,0.6219682393262551,1.1693207379773636,2.6629342264364357,1.0928458593952464,2.3769184178454936,3.0435510956259573,0.3921191066452931,0.6338423213202814,3.4222533625593052,1.2740237327376702,0.5192068112319018,1.6084812940496707,1.137080337610534,2.9881510547197156,1.6454814093436425,1.02350924994743,1.0355106674788692,0.8844416020336053,1.7822243543439553,2.3121026671672795,1.9083932385801674,1.600301650093137,2.685886441368561,4.6113580411371276,10.380990390188881,1.4081262002446624,2.8595341583572607,9.01131422549249,0.629274272007175,0.9775100430557461,0.6665273392131228,0.5988859105634727,13.059145862206647,6.013188107533284,1.27250507312168,0.7648561148049312,3.6619984247435373,0.09603113400977104,31.067900591093306,80.95672342481238,30.57664826987017,3.725074801655003,3.3321378225103886,1.088094050933892,5.186192380750929,0.8069003353624252,1.361829371195798,0.7567498008041219,0.661834380205673,1.0181796817856714,2.8037609379817594,1.3901503720007349,2.238459746610856,1.1087170052781015,0.9297115829775973,7.63469704012702,0.32126626763286964,0.17923240639014726,0.24696060420248758,0.357116696699043,0.18909281267772526,0.24313329849647872,0.37909660043418325,1.3514520502748755,0.3767722098090478,0.18350508471106244,14.139405816450177,3.8182106820070403,2.4442853725818376,3.138854591829483,2.083488385697727,0.9043357114107442,1.5757921475468613,7.239529102552085,1.0734228585408743,0.3511217451798059,3.065594995731809,1.4926594716342616,53.0317784455252,46.97146377899196,22.253172504623045,22.82030340171858,67.22141501545869,43.400554379605985,43.495177714684864,0.2583673634361039,4.043056653949683,162.719247449561,81.22666285823206,80.59554512440629,59.326715179224536,24.691642759831,5.532410126172535,60.646770363058735,48.40713850954256,6.0076690485242175,36.88133855256179,19.93110255899536,68.94721143309488,48.15782988880159,17.68760158495907,0.30940544651758434,419.610049673844,246.94423176269316,70.28064178572605,239.43646328490377,46.09658866977334,78.80535365342254,65.26077172761731,154.32421348709997,45.416591698064074,7.444007195274203,98.87030468115988,61.784255241636366,2.0037046786382278,2.4431783120553905,2.6250247133272384,1.8282178334969015,1.5287132112971504,3.35914744115634,2.4034100443342474,10.520814638872993,2.640612043769628,1.029658971024124,4.5993329160306065,0.9484829200502679,2.376837733703373
TEST_05+3일,4.957276384955204,3.438837282133323,5.598891199357494,2.316221660202367,0.49246183794806,1.5889569551908311,3.7991302733076013,0.1254866822342361,3.867428421001168,0.29676908336463714,0.4759998885875248,0.2883363012703785,0.1469454885383288,0.07644028129175896,0.7147458295361637,0.06039247972813549,9.631860905677271,0.608043848132898,0.4376765858673186,12.538857240144475,4.0473464304559075,1.543674444865293,0.29777764832830206,0.4560619214435505,8.034044422647604,8.594653336389452,5.06086742799279,26.387437405783594,11.064626524480046,3.8975939085585902,2.782315003485264,3.704165834111859,2.10882837428662,1.1455307686670708,0.07216430746093865,2.758885596483369,36.675601243179905,6.290080766841401,1.4432633345700707,27.085963194783456,19.808477115699908,1.3547484217720234,0.16569566672921543,1.236305884948439,0.43615922246278316,2.196477727004971,0.3751856285272096,3.9581422011293648,0.5240164527491402,3.437013348049138,18.451240835565173,1.2100893011249798,8.121038491154472,0.957216909444349,2.2037171999429224,0.7308388516732883,1.2412832282813775,1.0001820594895763,1.3004721064711127,1.1185391720509437,12.56310203453828,7.427621650700236,9.125255966378004,13.946909182167941,5.55597178347998,2.4547792737420915,0.7759729557590902,1.146103452666137,3.048073476035087,1.542980609560798,2.3577416837485106,3.046972563359073,0.34366290284958323,0.7263009726319604,3.7716451800940796,1.2314983332746443,0.5781980126161601,1.653129176078424,1.2807236542292306,3.2790493921102923,1.6674862841096116,1.1823292322499965,1.0256801796956692,0.99937760186886,1.7629987943403522,2.348696221159954,1.857878465886416,1.8137965480253877,2.6067974438014248,4.581478250215291,12.251646641190773,1.3442926832079056,2.7925457854916202,9.382275548339164,0.6394794134320043,0.9698341974821734,0.6519343531434619,0.6294475241485714,12.762896112597845,5.773861122071941,1.2184734099202907,0.6968557719030605,3.2844351792945417,0.1153011323823403,18.34732778916355,77.8669041571241,29.334758415554923,3.687242584287403,3.6886783780034236,1.0742797503180594,5.0269755253147235,0.8838353896191309,1.3363206315711476,0.7585268562081493,0.6187515387630775,1.0901368604056796,2.6801512265677783,1.4200427518551249,2.175790969516473,1.1340491123216396,0.9605137312781753,7.174305467346529,0.3230725743756977,0.18075011272975797,0.25998087979393014,0.3697832321433629,0.21217062569306855,0.3051992481407496,0.361524156968071,1.5549752449626704,0.3748438989639833,0.1793824138169308,12.791656460704518,3.537570269892411,2.2698038430130714,3.082275427539671,1.9800877972973525,0.8853177771107189,1.5929320875201167,6.443177243490503,0.9837130619630191,0.3260055764933679,2.8122206853784024,1.3880144569821329,51.064529325461216,44.97822306036922,20.82033337973371,21.89894209100252,66.25412639143983,43.862563312650735,42.43433323604476,0.3410219258946745,3.9653480116545867,157.75521768746162,80.83644416697327,78.44643330268262,59.39151683444659,24.110859955207104,6.156221937993056,60.59899397183936,46.16720155537315,5.8730505971247675,35.95164341960612,19.333648273335623,66.8796902564677,47.126786582146686,18.365684204144127,0.37356558384717836,380.37770860690887,232.48201558289426,69.14493550597041,223.6884827257499,45.040233850135465,71.84112483468776,61.000093257015465,138.74961084978526,43.106016503537155,7.140256679340241,93.65130295433441,56.91036676099403,3.0820536726446295,3.6487924259114566,4.207789239835909,2.794913550252269,2.492460957494893,5.283600057001733,3.59362530587187,16.876117766988894,3.631717327001202,1.4282910766218293,6.7079477225411015,1.4494796552858396,3.8718110537321517
TEST_05+4일,5.539307742567098,3.1040014258992614,5.549940851712196,2.27378014305737,0.46860469528385784,1.686147343368544,5.524956067572125,0.12904785907945798,3.823233659627824,0.25005890446805207,0.6160580219226486,0.2844288552245333,0.15456844351211413,0.07723374034453513,0.7140869567764789,0.0623146263531109,12.860918895241356,0.5986540748598098,0.4159454945337196,17.8241611055913,5.587743374648192,1.5381586480978844,0.2954194090612837,0.40331536094389314,8.039471110153826,8.781250786857006,4.069614154529231,27.481216249719463,10.817139333186457,3.8349068848515766,2.508926059879973,3.8444921611143514,2.380155932106258,1.2137730073036728,0.09100044440116829,2.7632864489908964,34.86444216307539,6.473899515104732,1.4373714641341537,27.88416169384183,18.565899602618895,1.3418623403908032,0.17193237734681582,1.1430867844264756,0.42530506744441254,2.10231291060197,0.35170783382790727,3.983372202971874,0.5221305095627866,3.4903889603547045,18.600341114865383,1.0899354601451985,8.418785755483661,0.9744212070886029,2.22939527075018,0.6769889809540618,1.1567377321926402,0.9825067460211339,1.2382250464285371,1.1168731423727836,12.927975129066317,7.43010425780682,9.662232597776168,14.070664956210113,5.315178576696627,2.6575517793739567,0.7221028997783075,1.2443802802525052,3.0355951980231506,1.7756930951144416,2.3058682995621465,3.0384827460837673,0.3625933206153818,0.5940439663874406,3.7065807487158633,1.2449528221735602,0.5916161549377171,1.547459554182236,1.2124799282097947,3.206819337367771,1.697986944211738,1.1861969119163536,1.030689597486265,1.0820552414616225,1.7917591845325331,2.3347069190532435,1.8749285594507383,1.7357956613599201,2.778988707280244,4.585618846226111,15.005336931944626,1.4397083034509799,2.6319742540787203,9.11628273691415,0.6077748492394767,0.9754171980842591,0.6442856226735413,0.5360966151680814,14.83579897611295,5.753768966350444,1.2459022972529938,0.7888017531461645,3.435560959452645,0.11947360425160361,26.547926730002896,68.87642059254178,28.76208485278507,3.614101618474334,3.3431897745920836,1.143458805206964,4.8512303602568165,0.8003727343307295,1.434692839510953,0.8257672806884825,0.6233804565389058,1.0895367346621296,2.5858299568608034,1.3179739462724451,2.164016577280722,0.9718075474501867,1.0535455869970822,7.469029972094403,0.32698904938875967,0.2137321358111186,0.2930481656378713,0.42378097337571413,0.23093518678127997,0.346107026136451,0.3580962261651182,1.9413983016512035,0.35610897740327335,0.20486107677007942,16.943719040995482,3.5002339257362,2.2327724479621254,2.986785283287657,1.919315267577419,0.862582768966702,1.5797034495785451,6.3693832732850675,1.0020339618430958,0.3406948823580232,2.844460763982364,1.2735922041286942,49.65281295754063,44.036498878348816,17.799794503061975,21.972849046300844,65.10821912002243,43.54704799226118,41.45863502536776,0.41759180863386874,3.9737942234477592,155.95229461818343,82.13662736112445,77.65529824303542,58.1043440682957,23.94031949553082,6.192823145911141,60.419139656212984,45.31801330170759,5.951203018798284,35.21854696131932,18.87646247771775,65.29958056903098,47.62567574929226,18.788642478800703,0.39104717203868894,369.1351517100227,228.48799604881287,67.17751034622589,215.34941781016852,42.85455618184019,69.65960740187639,57.54066780413333,134.36355570339103,41.32500658939401,6.86372477180852,93.25989300351834,55.87610289449959,3.2070902282302063,3.7247550477726312,4.333719258007227,2.8320119155256562,2.553632868731551,5.419404698856435,3.652573223759429,17.14898264251641,3.82561963866749,1.469018803027039,7.031724312958081,1.491394065233342,3.9188583324603505
TEST_05+5일,5.636289176958601,3.6497239966174737,5.47915779662407,2.3528069459003658,0.45094027510338053,1.6026973600866663,7.8142444108225995,0.12280124285013637,3.4879533931452165,0.25054862614521806,0.6113462632094221,0.23966549970739723,0.16081323024091643,0.08205522627485287,0.7499996967707803,0.060316473102693446,14.969425993107773,0.5953439180906246,0.409170274721243,19.338934937351752,6.298119001397982,1.5244374959412494,0.29475473404004465,0.3708865640724406,9.296091284504582,8.856011217437395,5.3901844233197025,28.295724803696622,10.605614395476715,4.043877546297649,2.800703172654226,3.9188867721513754,2.3373486311113782,1.2829444212733605,0.10747035598479418,2.8306580101532854,33.619165273861725,6.415944667388498,1.5161172022529412,28.232828454188738,18.404138014296805,1.3424771843259158,0.12465372175141758,0.9237040170866067,0.40558474839529723,2.124942487537059,0.37323004380982805,4.133281759675577,0.6132756299397626,3.6860394705637525,18.287423447592737,0.8697902419849796,8.044503979375849,0.9599169424559798,2.2484808091107116,0.5983320744984685,1.1320364641176457,1.0157778803823039,1.192470812825561,1.0868253569028798,13.568678711113765,7.713766511766436,9.298858477367478,14.203372013156306,5.069041620116871,2.6028584068332448,0.8481992773132756,1.282559816869097,2.796998348432975,0.6986758488529549,2.291484399607695,3.055365695950509,0.3873185681459905,0.7478229282628296,3.405727479185062,1.2321101782402213,0.5573645387567165,1.4593192453217982,1.1782136190147245,3.1674618627595232,1.5576163179244353,1.11717228578594,1.0796289799990835,0.9850264391164271,1.7264706054612853,2.5319705461349606,1.8908776955387059,1.6281055958285082,2.6429118575615305,4.4979502367490936,18.190711483527274,1.4720619714997492,2.8675977186628843,8.567434973483596,0.6564357948662088,1.0168192674191334,0.6196320945292768,0.5086185403335056,13.748825274283627,5.833216184745817,1.2715353350294623,0.821746309298114,3.8510784236055193,0.13125661855427914,21.614167467916946,74.79522621337627,28.268991007908358,3.615952788675849,3.1977756928360876,1.184591511471261,4.714136110820263,0.8025517876465369,1.4262087555687484,0.9132855819207051,0.5698374496606308,1.117260453401294,2.7291704942208845,1.4030495525053732,2.2581042261263455,0.9344391303009179,1.016009496846687,11.513649650615227,0.36802217872030957,0.2713403044930872,0.31048434160406385,0.4359739209164387,0.24595788593527387,0.3186126900005494,0.3811240440102686,2.377959933781132,0.36538597441506243,0.20702847668045402,16.967611172257634,3.4940995342526437,2.420218179295814,2.8838249162590652,1.823166785620572,0.7504915119954891,1.623646940528687,6.869436479972901,1.0462445972887993,0.29351659159519605,2.783538685299426,1.335757821982883,48.317455681491076,44.7099479376442,17.36645186165762,20.93171079116921,63.17164843821978,42.33115409665764,40.799397138962604,0.4683756956241699,3.8528073540744314,156.43309785461773,82.8000845966892,77.54875791002549,55.59116826679647,24.01973946902799,6.180367677710352,60.089286153816246,44.35694769555216,5.677689627191164,34.89218927858467,18.508416471213778,64.61287041753435,48.48430558917285,18.76350300416215,0.4342115965751228,386.879360005759,231.23850647248435,67.50236419795057,218.93682409887722,41.865744170786165,71.37254743564525,58.87854170200887,138.82431348851907,40.463725983227285,6.934693057383304,93.55373825242268,58.59416233214284,4.153495425796418,4.662676205933027,5.7123454906823214,3.449313226709967,3.3589545653774446,6.425659277632114,4.813569084328119,21.81078559151852,4.842183231221338,2.1416293180347057,9.318253462763693,2.088116477038556,4.879837225000141
TEST_05+6일,4.417434572962286,4.098931007420195,4.670815822963928,2.498730087175006,0.4657345070858693,1.4612488001965989,6.957021078909039,0.12677849584951242,3.167657540045658,0.3012410527076533,0.4771292485556425,0.24699132761487005,0.17558508053921237,0.09486744079983452,0.803739909488973,0.06231797991765076,14.173846937803626,0.5404136157097924,0.3746546515413222,18.817665421937456,5.698507379062833,1.5085655754967708,0.3176058291309583,0.4213442783686956,7.834127236621584,10.613179222851073,4.821744323389193,42.20993645613431,10.507202760867273,4.0934841079911815,2.7360906548275876,4.245524353605366,2.389639918764782,1.2750801103309475,0.13595247281389558,2.866866794606361,31.94030171046331,6.465482917783221,1.5138554347680844,27.749521778151493,18.69215834843207,1.33334937486674,0.11834752615789239,0.9967864182054449,0.4461838541187133,2.3258059847221264,0.42015393927058226,4.132243107020148,0.6712617386257103,3.696607333706494,17.405279117103117,0.8804426339769986,7.992370955938691,0.924603265989989,2.482064284541712,0.6543787302287655,1.1553700714289983,1.0977787941844315,1.2841715906258597,1.075411726732267,13.793105495944264,8.050308223304153,8.345927465025696,14.499417508101045,5.096811367823166,2.516041812182752,0.815396302633821,1.31023422781459,2.5988647021351095,1.1427048861834848,2.3289985975567826,3.182692790723363,0.4114950932697754,0.6602689558143113,3.4518446683636848,1.3335818908563966,0.508464624520933,1.6186993754012853,1.1063833067982287,3.057730390136916,1.9748241846586028,0.962657276137977,1.0215551917842003,1.0033922946617886,1.7722076118436756,2.3002341951165013,1.834902512922111,1.5628778870422448,2.374544575905725,4.6007009510102215,17.535324754779047,1.4496810637676176,3.1497492902104853,8.134104929966014,0.8369970569797013,0.9775500646747501,0.5821434930433362,0.5183208321224632,14.004958635903904,6.113659874405823,1.2504566747028203,0.826407397765694,3.7355007506792224,0.11578277743948938,28.919690542543492,69.12725047137336,27.894444736694272,3.9060329896687933,2.999760182535749,1.1386261584763893,4.945624020463742,0.772695047196226,1.3774673969436042,1.0707174124999699,0.598613917443526,1.0680867787275907,2.69014532148672,1.30023523668366,2.224816563863112,0.9561813427572993,1.111690344110962,14.498663129570732,0.38766624058372395,0.30537231408928506,0.335736892377279,0.42498346317527724,0.2038210198774639,0.2739837621099205,0.40870962208830075,2.27440159819285,0.37370983798814145,0.2075390960017917,23.508963498069463,3.663131212198748,2.881357349942146,3.450833807291662,1.90767181686353,0.9040315598664733,1.6932237636967606,7.517851457650278,1.1581011639452679,0.39200479685371614,3.060563744595823,1.5980705729146685,48.733501233247296,50.05775263955425,20.468898703842694,18.630951516508517,62.67107667797977,43.389493671879464,40.3626433437107,0.5417426278543281,3.8572954783917845,160.25200264555406,85.34203501954147,83.63566820472683,53.19231378569791,24.126809018928306,6.59043155289515,59.8984016164152,44.15202286715375,5.632350909069714,36.064915115875316,18.15482968968116,66.45182005309849,49.814766274656876,19.515732815923315,0.47609308739030864,435.3964858339891,236.56702189793342,68.39974964238777,237.7395740805707,42.08085904023823,76.00718132349746,63.4397437743034,152.31179065225103,42.0697364851811,7.129274775356863,96.5963746303229,63.50613353696021,4.813111453015918,4.899538601946456,6.333825585594731,3.7237618550918516,3.7057053956772945,6.914747773137749,5.175132012483508,24.22490320281893,5.261685999324723,2.7080447919826076,9.958321272429929,2.23444761030452,5.183209632147764
TEST_05+7일,3.716523456152211,5.13231458020022,3.9707675821690005,2.377892118051299,0.5202966540868017,1.3310322283571872,6.193819978057705,0.14041940867846292,2.7501770615687193,0.38032602393076104,0.43384075698371327,0.2817127672634753,0.20920744026323124,0.11540686060239623,0.9719358387227478,0.0759657511564271,15.243885663557153,0.5616338479224366,0.423686283565461,19.23666347279784,6.544403534452656,1.497382080089245,0.31817036154841877,0.32010876282397005,8.649387618907838,10.565284636540701,5.951300431374469,43.63473796246419,10.392874753377798,4.132138323202383,2.511385291760969,4.181628886790828,2.4866357551166454,1.236555651078288,0.1697923879316609,2.7652560775701955,30.97351768938475,6.248423121705967,1.4229884120722314,27.76121726247855,18.51345451103637,1.320405941759423,0.10779810969207625,1.2403225483064007,0.4597521060033141,2.6655820672042534,0.37182699491579585,4.159689605767023,0.5986379642761411,3.6572753156475044,16.644299101497264,0.8382077518634828,7.823763552309192,0.8587657819866767,2.72552266228439,0.6765859527983821,1.2562956495108095,1.0240516607466876,1.4653868758430133,0.9745722454981294,13.394661217662149,8.22171205897919,8.042511403213826,14.882725863157411,5.216686426670785,2.3441782827368978,0.8352043282999232,1.3020960154011603,2.852980677329604,0.919944650804081,2.3853808115819266,3.3899332832534026,0.40992567379497213,0.608639209185651,3.7165099839017577,1.27347330557603,0.5690907584761449,1.6486666029138624,1.0160448782263332,2.8183622308213114,2.066181778584392,1.1150378873086215,1.1397595333111403,1.0467410056779518,1.8301083931920146,2.25702243587194,1.8034784285189955,1.572924313024146,2.4323169215315796,4.9537248153476385,15.07052204674201,1.35032797428244,3.666551033282363,8.028537286210467,0.8107202310975063,0.9310503369462588,0.4956371770445889,0.5791132311908942,12.355451515738443,6.6125543946731336,1.132348037404979,0.7500658022652595,4.852996410182657,0.10360957288239545,107.61528615361946,26.537847644898346,27.62791287924702,4.0579067779775855,3.491805486451034,1.1398516122703228,4.870227247569215,0.7724478886065553,1.3705631772240283,1.098871545011081,0.7532786126291503,1.0269395906890766,2.899763897761366,1.2846163814598304,2.202892706991387,0.9024506881924944,1.0887784805049008,12.79248970694113,0.3317982358913456,0.29245427009976505,0.31853824186608676,0.33165302322095097,0.18056452496567568,0.27027746061208224,0.44062195846060154,1.973575346681327,0.3334646076132173,0.18093445655933582,22.41458975163716,3.8977993982567716,3.258615282029349,3.9355359090441753,2.036390384113808,1.2497444532831885,1.6303814303950117,7.669030648554544,1.1055467481257717,0.6129474801000764,3.1441961697863627,1.685042460163689,49.95028507226608,52.79303209592599,24.895654669961317,19.518837264475486,61.67682447853018,43.39247567309336,40.280018233423995,0.6055476084842292,3.8209284465419264,160.87499965314464,85.13228747340533,86.02094028026313,51.49455305784932,23.532038865554885,7.040218447582853,59.05898119343536,44.16331987105045,5.541765354323495,36.45051571565638,18.23697930363625,67.14244856513378,49.60527461790195,19.512635893424555,0.5526476604306508,454.7467073939081,235.9363466041487,67.56802595952931,247.69947470627596,42.35749027363223,78.9185210754593,64.5070876873302,161.106202293489,43.56714878361371,7.263151773445167,98.2970184515003,65.07330493408033,5.481850596341869,5.090937038913404,7.057040379428379,4.039897421062172,4.160866880564353,7.475924929032196,5.706410071135187,27.452840181739038,5.649834079838389,3.55625158788126,10.465742237939958,2.3278285282019477,5.242507030990627
TEST_06+1일,2.939551564208371,3.164878190057739,5.59075792475755,2.0705688672477844,0.5384475462628638,0.8985478207131126,9.035675838561902,0.06731997714191908,1.2265545004037757,0.32756569245173645,0.06553989642192877,0.09956313911175234,0.662146540131411,0.05611916495881481,0.3457472029782702,0.02795142643013385,18.211136561292886,0.4609020358989268,0.3953971226763953,19.084580023382088,8.725848254957679,0.5260759689217287,0.34787018946727705,0.6393620249517801,11.872989996321124,9.722077544992125,3.484737312832922,20.826510957802228,12.672053495837343,3.6659756651440065,4.255205508463958,4.214329700734353,2.1545766790070173,1.2846753528653634,0.031733343123679855,2.940005485911998,31.996539560494888,7.1954324195666,1.778121595067901,27.50707377024593,14.908278235701129,1.107064523252242,0.10363312340250251,1.1987929954288719,0.5661073335811718,2.1833491092860555,0.42565035913924926,3.7767373763063627,0.515658043280659,3.5056501376078972,20.9154293396607,0.9667993890460175,9.26530964340513,0.49629574108113655,3.0792728211223497,0.5557892943569573,1.2163059348433478,0.9231495819302703,1.1446728830297535,0.5950827574448881,14.15075526667338,6.74200052580296,5.560763936200656,11.673851913222006,10.784032107932845,2.303756264531495,0.7557480904113851,1.3288593145135676,3.187723530956171,1.0560309460210058,2.135441501244946,2.243436176228677,0.5557270225201751,0.48128234068362064,3.076012175784148,0.9960086821739179,0.7876380872352762,2.000514965949263,0.995757329834249,3.0628007297272792,1.8020530151045218,1.104939550067043,1.0881689411370972,0.8912908692945306,1.6976915008570057,1.76102504285385,1.9176752412209805,1.8059470577836014,2.653151699145511,3.9773037694320736,20.140724577719446,1.2649500481497187,3.1707258422496802,9.530695748850297,1.236339389636017,1.4888160719176162,0.5593308645267415,0.5446945221178513,11.774283643763923,6.585899492858386,1.3589026659911414,0.7547208761660845,2.4163405374050066,0.1359344358988832,65.76385841862485,31.1129489544702,28.25779186151845,4.311742726881952,3.253519237369925,1.4484464015316114,3.5153669247759027,0.6535977591640718,1.2653225305351503,0.8810670570483735,0.6088756920796081,1.036777264443516,2.279111541397975,1.1736579516965016,2.1412490681135363,0.9030825359296172,1.1675142074078806,33.45096468874099,0.17238182976813454,0.2081324563129122,0.3792477888563618,0.4564312843720468,0.19176509385091997,0.27442193445875435,0.38818010805702235,0.9639399732056987,0.2656944374994263,0.14516172317538487,18.943167639754535,4.437022316162601,3.989988004836784,4.875283614879976,2.81390420204195,1.333149609310268,1.8641130865071849,8.256803899346401,1.4162605823527659,0.4775463664787656,3.705813227229415,1.6232344271680874,59.11244104697602,41.18492606224661,35.09135178834021,45.802838954573005,56.544124996215665,49.21471160651204,40.94469598579904,33.30690013655203,4.8362872326174875,155.5904860037419,87.65637515390499,98.12092036821308,45.86585178600131,17.55388946108879,2.6723013634657766,49.94818757683394,49.30591834124157,3.8462788718109304,39.979921200684004,15.435495138654314,66.6511086717085,58.51135453037881,23.30000022116191,0.22395913478334434,389.5412299776585,237.11661980166116,52.74898531166134,216.53455970927234,30.82052046911408,58.269301270960604,48.061429634395104,148.84124337584836,29.56005078356451,6.0271111206037595,72.45490302289718,59.11283157689075,0.9895399351514034,0.9687695496720444,1.0505885823592591,0.7704475909647153,0.7213174499243686,1.4134534695281056,0.9485243390718917,4.584098758655407,1.1223140202022226,0.5898731938882462,2.0270488862336316,0.47524061238821463,0.9823540182059244
TEST_06+2일,3.102884211984814,3.354150987883915,4.696155687889641,1.9005835143218912,0.5892468332559657,0.9597011668107047,7.058447516042416,0.11610976175776341,1.3184735753985495,0.32230219245069563,0.10877380464621919,0.12982266523097882,0.5687475094680415,0.07239568764004312,0.6180540891943485,0.05962118622784924,12.809344418765782,0.46808516908650766,0.42793765763563096,15.022201897337604,6.402508998821434,0.6029309963072914,0.31010034899204975,0.8028219485548023,10.626441125322334,9.408097902310777,5.538489871631543,22.558753438754813,12.560495647544695,3.6731999286924526,4.1564743282858405,3.606411202945527,1.9809146913244042,1.3390618590468522,0.05515853992838549,2.8638884886626754,22.789101655260104,6.77017619403465,1.675445391620637,21.35196873669393,14.640240366851154,1.085343613145855,0.1282060295767933,1.4784918544640646,0.6207555464914538,2.211392760028278,0.33091352109988503,3.5719563540478596,0.46703598535911833,3.360805024580167,18.813109294312476,1.0656078165275427,9.025211468779062,0.44875187284089607,2.639816331947605,0.6332458136343149,1.1135982687061359,1.091743002726279,1.239858408318978,0.5843547999670365,10.671077236227891,6.9943589170692,6.048233325830426,11.246940244282513,9.499966235821308,2.4304197705125428,0.9471640340360377,1.324690528302681,2.7327870352087444,1.014014182105286,2.0240322356431313,2.290357871328002,0.5055403650305454,0.6732057463746101,3.0515776749831973,1.0165584852808833,0.7280378863055152,1.928668160933743,1.082654628710584,3.141116223233201,1.635138344474129,1.028424727702701,1.037805491095945,0.8289235561506333,1.7072866257304806,1.719688346617471,1.8772779241020523,1.7184788652337182,2.5295542214829414,3.6150654351225184,31.556257072595834,1.3213308392549994,2.702941006057846,7.938380502137446,1.1958969239630013,1.4240883511832614,0.6055346610667376,0.5610624217053165,11.750382870401594,5.447227763532058,1.2856823301191738,0.6942592899839402,2.489629962802726,0.14221506810528842,20.902332142010255,69.62646538788499,27.132190773636452,4.007478525676245,3.315715437975933,1.2530945212074593,3.374063704278869,0.746320948482268,1.2490223455965928,0.9015442473746972,0.6625026480869762,1.1081739655651586,2.1702090663876534,1.1411285579613815,2.1316808021435745,0.9698060659357249,1.2289313233244095,34.70189503193202,0.26062739335761714,0.3271510385586605,0.3076588250893504,0.3784606097690859,0.23754727358406796,0.3659599621269887,0.5624899967591969,1.4083142049274568,0.3708719571384482,0.18134692461188237,23.661252613466512,3.8041375998742715,3.8034585000633623,4.243010018887115,2.629175697825092,1.1845709919712142,1.5381876876887461,6.478057302898022,1.284633324303881,0.3420499059964839,3.114290131053467,1.3869198037385506,54.92576495233914,39.63187387516267,27.863252753307464,58.09857373994451,53.1930188393828,45.44052058927658,39.432612379962606,31.87169233953394,4.631414098143099,142.31824154222952,78.03327921858742,80.37813417335668,43.850599819603175,16.24364506441907,3.5032582258876332,49.75197135262179,47.06038094928374,3.76685949165007,37.45767277817264,14.534107880264097,61.373714598148105,52.85947842872053,20.730574035706532,0.3094054465175844,323.52536466429274,219.7960199224272,48.54408595073031,191.62480417365856,27.569184781749843,53.68059891629776,40.38469794777542,125.32509397199365,27.557177717295403,5.090868059425223,65.75618117311052,51.86850646913902,2.0037046786382278,2.44317831205539,2.6250247133272384,1.8282178334969013,1.5287132112971504,3.35914744115634,2.4034100443342474,10.520814638872995,2.6406120437696288,1.029658971024124,4.599332916030606,0.9484829200502679,2.376837733703373
TEST_06+3일,3.471666262188913,3.4388372821333233,4.394612809500086,1.8902798649036843,0.6597296463350203,0.9959844272052342,5.912194219908398,0.1254866822342361,1.3842877673432201,0.2937782929171597,0.12592706410889853,0.1322135203911519,0.5037267663160526,0.07644028129175895,0.7147458295361637,0.06039247972813547,13.857592082802665,0.44196485918881306,0.41892761616432217,16.554073858052394,6.8215088319478845,0.6336408535704391,0.3310636491865958,0.6266799542879333,12.019282386747435,7.110722126001995,5.793776210749332,43.42945187776523,12.586775969443266,3.7708892683784665,4.115423913358694,3.4738506838307823,1.7928288279575662,1.2970238504977283,0.07216430746093866,2.770460508812153,18.84404627717485,6.45491400067142,1.7007235176483635,18.74816678510948,14.444875166814857,1.141202524903197,0.16569566672921535,1.4660729993284016,0.5403303758331749,2.502429740421005,0.3650818084264419,3.5991306787255684,0.5154354519115699,3.069648483825866,17.421482828876297,0.8252467914518787,8.866088561249192,0.5211533397192846,2.306632474131701,0.6400593582838079,1.1172681841520953,0.8407142817609676,1.3030200375516598,0.6074861141237767,8.89302414315189,6.54981053364991,6.480186073808753,10.58007582826462,10.645268635340512,2.533435147001418,0.8873604121915131,1.404145755348761,2.8662415342027465,1.309300571602463,1.9506250522390873,2.1778310891514887,0.5185345996496454,0.5603442147359828,3.0519568497825165,0.9786279764840741,0.8093429587514694,1.9151596102110497,0.9052196391408398,2.8667259574164032,1.711592332911816,1.0355837576371112,1.0988389082984933,0.8872081107088323,1.7495137802722553,1.5820256485886395,1.827206474391272,1.6158974077302828,2.6023186028777876,4.008913706369362,41.13219372610851,1.4223941841808418,2.4550561304009464,7.2892480163868205,0.7935106977458348,1.410599255881296,0.595806069299268,0.5445425174880559,12.207189278011915,4.8265817646712,1.332413066298002,0.6260861152838443,2.7297843130027792,0.1620090340108316,15.326799412126709,72.54526341227114,25.17235636587858,3.813167338370882,2.8771182722126816,1.145495173806331,3.254618466657785,0.8214883499700678,1.195569321140926,0.9191098124471787,0.7246465973136272,1.0405355269943302,2.164407344557858,1.2001532374787975,1.968655817343818,0.9044168455118098,1.2685667473902111,37.10967049783419,0.32800725696887334,0.31566413584148306,0.31280312875685773,0.3839223850194688,0.27919384908693023,0.34247096038373864,0.619733858817205,1.4122260161631544,0.3665611682072588,0.18569869579552814,27.113409876112115,3.2046723257647565,3.7086522636402846,3.799103241764941,2.447646063128171,1.16751546386081,1.4993078291952202,5.510297480378823,1.1730229952137161,0.3364475304864595,2.710260652857267,1.2942968794179104,52.4026390857134,38.24956934522408,32.01687911895906,63.371330025108854,51.36949416668943,45.792827770067476,38.21749103580377,31.07102795468381,4.458799152437984,131.115225445426,74.68474846394602,70.1038650628305,42.084152376215364,15.069542731344633,3.5431941558355926,49.478394761487436,44.584744520140866,3.587386878716643,36.80187151335036,14.104714788255315,58.48907411737353,50.725735063554694,20.174378603059758,0.37356558384717825,288.5270546671477,208.27719423016907,46.659408834544,175.29868721541015,26.264774267609287,49.017534862479856,36.335291322911175,109.03214634825808,25.957197885337695,4.596529556633389,62.79547238306709,46.81447252819088,3.0820536726446304,3.6487924259114566,4.207789239835908,2.794913550252268,2.4924609574948926,5.283600057001731,3.59362530587187,16.8761177669889,3.631717327001203,1.4282910766218295,6.7079477225411015,1.4494796552858396,3.8718110537321517
TEST_06+4일,3.586903845689864,3.104001425899261,5.131854670928616,1.9865939936694665,0.43257075553154334,1.2020682222095793,5.343377239652767,0.129047859079458,1.4091819318699894,0.30993353818416236,0.1733501202347439,0.1410229516897305,0.5933344227382461,0.07723374034453513,0.7140869567764789,0.06231462635311089,14.086560308367813,0.4868666576663978,0.39205632157925724,16.10182890220275,6.263500098515819,0.5952896831091483,0.32249291187376766,0.5527734509583456,9.310593460854202,7.080536603185872,7.557434904969602,32.32524314367358,12.41325530714242,3.7414371264935826,4.139295928295292,3.374555120243839,2.030467245863203,1.3382468276483699,0.0910004444011683,2.980579490218841,20.06868515973658,6.376703196066952,1.580782015956118,19.131223676380362,14.153049476471576,1.0416542728129712,0.17193237734681585,1.1984940893304776,0.45399253565337055,2.3418542200375243,0.4229461009794346,3.616871995763397,0.5016413961672191,3.2375412802331667,16.731180580497504,0.7615133346768156,8.802989400924044,0.4921815456540997,1.9467827305613368,0.6964987020133768,1.126209780806079,0.8831521558989426,1.3821288053175396,0.6541710075908742,8.848498004855045,6.141646292338694,6.92154490092968,10.518121522449144,10.958860916177112,2.420566568233746,1.066521350103463,1.319624908261187,2.7313684749092983,0.888771584750422,1.9738243195283893,2.033351161698051,0.4877294479571647,0.5011754560449196,2.90491116297878,0.9616159826117548,0.829682707120696,1.910502939533729,1.159329028815079,2.5807866129615675,1.7196991741630365,1.08530211683929,1.0760851132550675,0.9170415652424677,1.6087260922660929,1.5509251582670855,1.7578388297199092,1.5826054230334103,2.6587760430441914,4.1524403838250405,46.03857686272757,1.3657759686030315,2.3875278796332813,7.309575517508756,0.6541923498561398,1.4597793367253484,0.4713273545743672,0.5260682952025209,13.138678939761242,4.505867490584211,1.2308397759457328,0.5809869276273943,2.8790330393091548,0.16211260890869403,17.077937178520585,65.85297712433369,24.098602291721345,4.026182314777571,2.774483183869197,1.1205603799154382,3.3450527028863783,0.8261422029426511,1.175568799894971,1.0196124094559897,0.6233809951992225,1.0861050429817782,2.1742991290746363,1.2662397439220956,1.8354182550706624,0.9559266927737368,1.302264126492013,34.58253809663115,0.39831799479270874,0.3207984991045424,0.27889488646897637,0.38038726786493315,0.2906806862540426,0.34419565324212015,0.6188190915892279,1.6141615744090854,0.3163998759667962,0.20563440214108905,18.783300498986574,3.010156458282336,3.7353266477058638,3.7430118165485267,2.294269432365229,1.1206048315698252,1.4970227184716534,5.632890418720821,1.1841251688535483,0.3587193661203906,2.719783075373306,1.4229571223428914,51.16323145632479,37.613191895172505,27.414754705402196,64.17706560546758,50.55792748903672,45.38895664661846,37.50561503379761,31.158429192724423,4.3950233577705475,126.9139151977311,74.48730620258647,68.98772433844583,40.2624880544553,14.583805894297452,3.63572489267159,49.58258048553966,43.551232535294474,3.612747340561815,36.29100972160578,14.11286522219542,57.91954157459058,50.204086770498265,19.08004569863751,0.3910471720386889,286.1359622582783,206.3852658353249,45.31921988502412,170.7313101067083,26.037328913677825,47.76170057525948,34.51196832669878,107.05888525879966,25.182239082741873,4.44159837469659,62.86606008811148,44.26412178761066,3.207090228230206,3.7247550477726312,4.333719258007226,2.832011915525656,2.553632868731551,5.419404698856436,3.652573223759429,17.14898264251641,3.825619638667491,1.469018803027039,7.031724312958082,1.4913940652333417,3.9188583324603505
TEST_06+5일,3.589671743369177,3.6497239966174733,4.902735887268587,2.5669861221159103,0.30170279291483176,1.1453297420951158,5.011527157355675,0.12280124285013641,1.408471175330105,0.27597979474369194,0.1814253144239211,0.14837909621759013,0.6041304993994221,0.08205522627485287,0.7499996967707802,0.06031647310269343,13.697072852554701,0.5117086968322332,0.36985822394464707,15.667654187623544,5.698831146658175,0.6095627724792337,0.31198059914213583,0.6070139792743894,9.142730381200154,8.367897644602845,6.923197042023114,25.717014951665238,12.477021866396372,3.7511581189141565,4.042828746012155,3.4625754566404363,1.8440261531287312,1.4395601528488655,0.1074703559847942,3.0929364159074844,24.96361745579187,6.372958229765893,1.459338780999233,22.56506654841254,14.089696963150574,1.1173939968014166,0.12465372175141758,0.9792531930670038,0.45939501508468294,2.1341813263917193,0.39587509832843015,3.7236330254982892,0.5132593097653766,3.283587108250681,17.10769476124702,0.7860341829716997,8.491548104134674,0.522241987297588,1.9320083049524537,0.625493716346857,1.1521570133364858,0.8746067216735571,1.2133201500642057,0.6405025074261989,10.029042958014866,6.096298714541343,7.052192897170467,10.427114474061742,10.29390611380197,2.4060807751795545,0.9573270744809439,1.570240994886769,2.554052288370285,1.1566180984708332,1.996563733777647,2.075512323893351,0.5505283988538054,0.8314064177926264,2.9161502303026,0.9569793469519213,0.8813935002799148,1.8724007400627807,1.0536548955948741,2.856944970122343,1.592985282147045,0.9558377877850902,1.0403114899067805,1.0367464895111256,1.5826501722885957,1.4825088184974144,1.7146555449816894,1.5038809790556509,2.4623406862763844,4.042528527661735,41.17877002553914,1.2146779700897101,2.588460029582589,7.672254219343662,0.7468450318246559,1.4357431138319965,0.4249375112071151,0.5350957145854196,12.605629341290108,4.727972731441694,1.2168790434776178,0.6580834248451839,3.185932033835549,0.16955429580285888,16.996523669112765,65.8842968458739,24.083124621404533,3.9329310632836507,2.852243574138886,1.0639069569339465,3.330337463446206,0.7841502004954256,1.1647825299317802,0.8330675944970596,0.6274702697192027,1.1014252173996597,2.133976721803462,1.2347711599357176,1.918138075549333,0.940872351968925,1.278060358066975,28.1892080914817,0.40175828210237785,0.37307346635335764,0.2763523908050657,0.3598060467489207,0.32302647311619664,0.3719809554327934,0.5446260457617922,1.829880101043505,0.3530083842099657,0.2019366823837601,15.22510911860114,3.0918409882746727,3.8494754022037467,3.9192327932423487,2.2909318111920918,1.1491120464758657,1.6029759822072887,6.632990375320005,1.2072770440184952,0.38233167446063904,2.7453453895003985,1.5511624609525017,51.92671378798925,37.54949957928717,29.31627377869956,60.971823813628895,50.1782479473416,44.084224382299425,36.98356817351251,31.326644003099084,4.252752772279322,130.71037623173993,75.15661054362785,76.93533591024337,40.144298429769165,14.620426547112915,3.5794699428161367,49.38892138344067,42.06146914424195,3.7448899899098755,36.30357801363453,14.291667174186793,59.17095161836808,50.97664595736743,18.477185860566415,0.43421159657512287,315.4792897633293,210.365937703191,45.02692408832,173.7190042169531,25.815109210162507,48.34811700531546,35.33009332692834,114.9518612212623,25.603748774445883,4.571640299024478,64.04361729165535,45.834042137522246,4.153495425796417,4.662676205933028,5.712345490682322,3.449313226709967,3.3589545653774455,6.425659277632114,4.813569084328119,21.810785591518528,4.8421832312213375,2.1416293180347052,9.318253462763693,2.088116477038555,4.8798372250001405
TEST_06+6일,3.158806520130512,4.098931007420195,4.567810808523257,3.4566932046729413,0.31589155219471293,1.0541192637893404,7.661181776090255,0.12677849584951242,1.3761951215365973,0.2603869540954675,0.16266182672827612,0.19058257033035902,0.7139278727234689,0.09486744079983452,0.8037399094889729,0.06231797991765076,15.568504232610518,0.5568571052655656,0.3964370080556426,17.404505092091362,8.587520016811006,0.6703662922570154,0.31371830435918713,0.6836310179410788,8.477431160548653,7.343394624430367,3.8603458968198567,37.23900649347142,12.316600293531836,3.8042488584527194,4.0939482112395424,3.979139033100408,1.9401811294099327,1.423972512577794,0.13595247281389564,3.026728151324164,34.2634160549793,6.563575131016735,1.5337163592242977,28.69706073660153,13.608682198907333,1.0963470730840956,0.11834752615789239,1.3819503036198433,0.4304555868981733,2.085867946365831,0.35696426069513276,3.894342458218121,0.5285158749290487,3.50458689058614,18.40229402814516,0.8426424511302898,8.250891632846816,0.47795340985235724,2.233225428598774,0.6020175159937321,1.338049507918264,1.00386998205681,1.3732291028278585,0.6162766195972372,12.247082891138552,6.172036174016896,7.095108782999691,10.773110120828946,10.732635717948758,2.5094436618437745,0.8773021628297888,1.5491057597523354,2.7206373643565565,1.3530897709408425,2.0318473888068103,2.194193403640201,0.607583788312435,0.6386801501660698,3.0737341419525057,1.1078998131532725,0.883328560254489,1.938411529417362,1.0389765127707313,3.133333428585887,1.9155478425717174,1.1793681875211885,1.0056642043544644,1.0427161647749783,1.5698115266137538,1.7204988732524382,1.6812299907633725,1.4968209059091353,2.3190337043556353,4.259445813948497,28.34444337526411,1.262787943376997,2.84866918573392,8.574908663755297,0.7504851170630145,1.4419489371832546,0.4115977422385198,0.5031204834182414,13.125259692034652,5.61999594591254,1.265892549255937,0.7419378909737129,3.198622533501799,0.1478018192751351,20.486737190613876,62.05471922742687,25.366228496508732,3.823279352914051,3.2495949537223687,1.2471601488577713,3.2581716887643397,0.7594247679984516,1.191090523884357,0.8537714485857604,0.6277478091963729,1.0474142886809343,2.149196374215606,1.2296116628190545,1.9973829937571053,1.0216358706172084,1.2526715822154806,17.65186825167159,0.35139947719618464,0.38146198997364794,0.27006521025711355,0.3695351669091403,0.27279849297986636,0.3681765951223503,0.4213465175803804,1.85387045727917,0.3498576741585414,0.22063741445905766,10.692429962598654,3.4426789863518987,3.925256831345037,4.306847998901549,2.3984654535588033,1.2747073757510927,1.844690949029954,7.900777296422542,1.2879441310002726,0.462412886073026,3.02547749453035,1.7013910605752387,54.37347793693899,37.86438832228469,39.09871242245516,64.11869195592627,50.95590036640708,45.04927423094909,36.34330142097985,31.539178121771855,4.195722870426724,139.8997486037486,79.57045030350538,92.86043260842972,39.93109278285355,15.529727792001303,4.402180691705062,49.781215094306226,42.48988564695457,3.687109372618529,37.57790250039038,14.375530080111268,61.57825054014602,52.97032433356373,20.25345728680449,0.47609308739030864,363.1780065797869,218.70843687736277,46.74844032250225,179.58384722448878,26.58604320371936,50.436046719469374,38.21852426462447,129.78760222619113,26.51032737954995,4.805902803834086,64.65437057418046,49.96252999461867,4.813111453015917,4.899538601946456,6.33382558559473,3.723761855091853,3.7057053956772954,6.91474777313775,5.175132012483508,24.22490320281893,5.2616859993247225,2.7080447919826076,9.958321272429929,2.2344476103045197,5.183209632147765
TEST_06+7일,3.0172011190592287,5.132314580200219,5.263490790044948,2.8226655834515233,0.4890973051783784,0.8790308843909086,9.505806416235968,0.14041940867846298,1.3294391150928802,0.27767479039152354,0.1554548901589759,0.2616222076493042,0.7515147906760131,0.11540686060239623,0.971935838722748,0.07596575115642712,19.73839626590767,0.6246994869052713,0.3860591903468297,22.465965131778653,10.09507923970606,0.7791640400628893,0.33410715704560745,0.7362686182267706,9.143297653240735,7.2691689214839705,3.166884494091082,37.022828989499985,12.411811954586165,3.8662102231173723,4.155306450304654,4.1833132692635875,1.8690309082393846,1.512230270549967,0.16979238793166088,2.837760750610756,39.35846228226018,6.82550581519203,1.5509473058624688,31.553057283304522,13.986083077945183,1.0569809480597452,0.10779810969207625,1.4092476747400278,0.39500667304790116,2.2962132530452055,0.35499798559789464,3.9909317996293363,0.5004868951152386,3.4844801679538273,19.09062384732151,1.003960078030909,8.318149011569345,0.55520256257517,2.7745006472821148,0.644825505686418,1.3692725294823642,0.9357126963188339,1.2091350181226046,0.6334342750307165,13.597537113896562,6.719247103448869,6.724817067249306,10.977085104260766,9.716269847779486,2.4717679089603464,0.8768395923277811,1.438208869506824,3.197789782550107,0.9377556928343734,2.0683647323123755,2.3130666444216947,0.6275214785597619,0.7443019146542483,3.0862858442835273,1.0153062508478587,0.8921788410958041,1.9404896266623117,1.0666225440505561,3.369594331729118,1.9998256757154318,1.1838518218828464,0.9708653033717407,0.9457258141305432,1.4788322975457666,1.7652866446712063,1.7585296578185923,1.5664067526155379,2.5598682312879077,4.7156299204669105,15.731402060563699,1.280626398257551,3.3029966517456057,9.69797245356713,0.8532991625791915,1.3489314920937907,0.4616380824473485,0.5705072686712355,11.862289565430286,7.007290445381188,1.252470317558755,0.7419556716992322,3.422388104907043,0.1479398843964985,56.41221378637177,27.543276331609864,25.903628859395912,3.962220702268227,3.5389309465912704,1.524378134320312,3.5647001559069738,0.7039364921430954,1.237544225676373,0.7698467949810888,0.5445832320494636,1.07411297711758,2.1771120957689485,1.3184997567741497,2.154875342122544,0.9500149817634477,1.1719417094282965,13.969889194727171,0.2764680679629774,0.2995913829353354,0.2755693380995455,0.372425982004777,0.18764253809909073,0.33668933047139626,0.34511323682122963,1.7229644422084773,0.2929340235985701,0.18526284258057282,10.13743896105505,3.837911993507462,3.9073142964278005,4.339907247215701,2.4615521272497167,1.3732010640239505,1.9095055818268198,7.933231015458329,1.3137483425450052,0.5393859908482618,3.19937160141052,1.68875078503641,55.718981240601764,37.93289484310939,44.83824664314351,59.575027167898895,50.5246994791336,45.154390849289555,36.052477792821556,31.525064756293887,4.136023943626566,143.06591425241612,81.73393641912526,97.37432974341726,38.82478398696628,15.721599372913698,3.294693752723113,49.35581917046679,42.85318050675494,3.684472815191122,37.597887035612565,14.625070270872381,61.61482072940679,53.717873656372554,21.552354418646726,0.5526476604306509,373.4816590438,220.82691599537338,47.39679066959893,184.6877276615295,27.25633971617812,50.445842503640584,39.983994763323146,136.0647628785861,26.164141195609886,5.458923537979174,64.51052799525915,52.08123031857855,5.48185059634187,5.090937038913403,7.057040379428379,4.039897421062172,4.160866880564353,7.475924929032195,5.7064100711351875,27.45284018173904,5.649834079838388,3.5562515878812606,10.465742237939958,2.3278285282019477,5.242507030990626
TEST_07+1일,2.8718567685386556,15.743549488538077,6.169448589183114,3.6921636487688976,0.6456373422347869,0.8015412075341346,4.199610080592259,0.06731997714191908,1.670043630899914,0.1147531261495613,0.06553989642192877,0.35530143652756835,0.146922672567705,0.05611916495881482,0.3457472029782703,0.02795142643013385,10.162668939123007,0.710270508009366,0.4941167950985193,14.079511341728812,4.681903364274754,0.3459740245055759,0.1625573640752931,0.24763508863734227,9.79227935511548,5.0981353739157145,2.893227126461797,20.751747092330323,1.7227743694870987,0.9271256143696671,0.9507316236755314,3.1778464179544903,1.926453899696063,1.3425495470171844,0.031733343123679855,2.42645988741407,24.680947618677262,3.017621186390533,0.8304415389242725,22.91645727627895,3.745530247739252,0.5702983657622689,0.10363312340250251,0.5667659712709991,0.520638185046139,1.4246693936167265,0.31628896981649285,3.486897556943309,0.5410089299160693,4.0782663714529654,9.945641959025147,0.7861396447298564,5.308984845454298,0.45333810740175606,1.4544765139567912,0.4948904053089813,1.053964004005849,0.6667442461105739,1.0081145251082775,0.5927509882722048,8.770820396943016,8.117828154031164,5.437506095380618,6.529701390360859,3.7837809595414273,0.2911420922735378,0.6536090120895803,0.6521011405319337,2.2886934464925632,0.7616429985293316,0.39222040344379694,0.6401817622988091,0.17754612372460676,0.40530149864699627,1.7411393361445875,1.0216962647758232,0.4764392141471827,0.40111584739189526,0.6657123075815972,0.43299039261793304,0.3384648428566222,0.7214420791807051,0.6900257130268678,1.0874917779540085,0.9815985513462194,1.5514572684835983,0.30543236573050464,0.4598235936460537,0.3707076311585446,2.205102111510909,8.224203559784879,1.2020737916167497,2.9584850315687703,8.328715173101367,0.8847945228538369,0.6540783218327313,0.4246856363662544,0.586213341972714,6.806334216794416,6.171128636859759,0.960113630691831,0.6948801370085096,2.0406167326871882,0.12691256963524367,65.33408913146998,12.570760007886157,16.492322801239347,3.5428674112220944,1.3973324157870943,0.3997387438797002,3.1991791393284297,0.9144363058270284,1.1496171093258374,0.8624786913426288,0.8127179406587915,0.8253791436016115,1.552083988227176,1.0553877927281003,2.062825195195214,0.9814190633261195,0.8889400501194828,6.755900968657464,0.22385340580740043,0.1349893888631106,0.24043938827195666,0.23300038891367483,0.11171216854378066,0.26536340389196544,0.22778706317389982,1.001886174278044,0.3078749037855639,0.14197970811510635,10.523701975273935,2.9730813836627594,1.0984032870525804,2.5711586148440273,1.0800901482570024,1.0654068123569063,1.3609862160840678,4.64263277741504,0.9668993134612983,0.36881553267420913,2.5793813404232107,0.9993814860985278,3.808118207980451,0.4308900615141681,21.35680544261612,33.42779885336665,3.621078319451086,1.0151545865369669,2.4765465522856185,1.7117239458124385,0.2236183841142941,5.169295007677013,3.7579934947451226,4.276757589712701,6.888493620634899,3.521256590838733,6.119254326421677,10.133289155638204,3.4634061988257474,0.3127388222605706,2.2738356270185878,1.5703546945639502,2.2536420905941528,1.5777199279492329,1.2263276969839436,0.22395913478334434,2.4033452218161733,1.4795052699090627,1.0815815310988215,4.0281784493692125,0.6188160674858346,1.2366785087743584,5.324766813011115,1.844727330094011,0.7536534174768862,0.9423242483555268,1.223882513034343,1.1273849598141124,0.9895399351514034,0.9687695496720444,1.0505885823592591,0.7704475909647154,0.7213174499243685,1.4134534695281058,0.9485243390718919,4.584098758655406,1.1223140202022228,0.5898731938882463,2.027048886233631,0.4752406123882145,0.9823540182059246
TEST_07+2일,2.69482360411802,18.4651878185509,3.6610204899965906,1.8284243558164648,0.47633608436956915,0.7934519929918135,4.896663096807682,0.11610976175776343,1.6792968295017752,0.12881428797966485,0.10877380464621919,0.38249744557227366,0.1721965825172389,0.07239568764004312,0.6180540891943483,0.05962118622784923,12.65710120006165,0.5205820171005691,0.4522539531815406,15.024824388092654,4.960875575894105,0.41760412180794787,0.15302610312529735,0.24394952977010528,14.731348334140856,5.7994918612976205,3.0517487134440517,21.001685520005594,1.8516542659596538,1.0057719225129156,1.0037190717189928,2.6408615048879263,1.9031770277596116,1.3273506062860954,0.055158539928385486,2.17567818398393,19.227802698304437,3.0437699383757875,0.8202427118905327,17.764879078314465,4.240128227672366,0.6077204437763382,0.12820602957679333,0.6817973264785547,0.614351562053871,1.413764865151729,0.2579092262455552,3.2331087821791966,0.5980610465620216,3.2879411901207503,9.17659959109129,0.7115785915806626,4.9233972400037525,0.5157586215082295,1.4006844278646111,0.5209180120935227,1.1077335118798965,0.582183461463947,0.9343531147731304,0.5391806310575724,5.305473767065367,6.9175122560464155,5.333271624515319,6.4434102556225525,3.597618174116018,0.3092587169996251,0.6191750191766286,0.6247520849546049,2.1277682437907655,0.45544128294918185,0.3897211492498942,0.6853283169677951,0.14798278888165145,0.4249557407196827,1.7905235829280113,1.0377946990078717,0.38870679850680767,0.4242575958801274,0.7061041641535484,0.4509472999324758,0.3458469548775115,0.5522814097573514,0.6361347568966319,0.9997196094588546,1.0374792059164886,1.237077429277851,0.31004854034472934,0.4679793276508891,0.3676442829510414,2.4040334189277464,10.465631887119436,1.160147911827831,2.116192006288619,5.002629279528332,0.7900120140317975,0.6288149814675146,0.4276676708387096,0.5378570046756369,7.314415204757679,4.8400999982979025,1.0118984459016176,0.6123563117814725,2.145756626967477,0.10887818976144087,26.972224479257466,17.365019035978282,13.457865672389293,3.0369933268163,1.3017895542810383,0.4073727030146344,2.8104785225081903,0.7660054778347019,1.1510772134764191,0.8349236262586969,0.6503808229516554,0.744805559955888,1.3988284239646427,0.9656025665756318,1.9209720614901513,0.8181591186547058,0.8358919890687798,7.1613303790252365,0.33104833353660923,0.17761737533524033,0.29895992068732513,0.33383527591265505,0.16408999401424798,0.3401877531634347,0.34536651133771756,1.2647165360390211,0.3701963629292125,0.17171394232314838,13.122889095722972,1.231139813487329,1.1709447752968873,1.0728691535181327,0.541543715889214,0.634384437375743,0.449198244189194,1.796719347445328,0.7874937845006486,0.24975436519083916,1.2247892395806235,0.5962012679346289,3.7944006119360507,0.510911804204344,21.415118658499853,44.70125567646157,3.5946698629027174,1.0191604849443232,2.4459512525419074,1.6856528054808155,0.20912639115288587,5.497230141096764,3.8035011577475624,4.3469082112615185,6.950824109492517,2.770306109246694,5.636365326784613,10.161916835075436,2.9906965458806547,0.3322884510778152,2.35983395844635,1.5899414457645809,2.483459751514985,1.5862474125770538,1.1619797490423251,0.30940544651758434,2.9811845019691554,2.5357491574825026,1.285436345422628,5.449195213119721,0.7235907496634523,1.6632269447957055,5.61254989941083,2.5505026979964582,0.9725604132833096,1.070082073824864,1.5631546231097075,1.3082459487932958,2.0037046786382278,2.44317831205539,2.6250247133272384,1.8282178334969013,1.5287132112971502,3.35914744115634,2.403410044334248,10.520814638872993,2.640612043769628,1.029658971024124,4.5993329160306065,0.9484829200502679,2.376837733703373
TEST_07+3일,2.5949029793498744,20.520271919056974,3.2328538846663184,1.5299293296883005,0.3651544998719914,0.7352849531810915,3.8733943833434012,0.12548668223423612,1.5036732408858775,0.11349867988939859,0.12592706410889853,0.37614301328294675,0.18593933270022034,0.07644028129175894,0.7147458295361636,0.06039247972813549,11.312712552754114,0.48670740766093806,0.4465221159705406,14.769933029171328,3.9208886886543257,0.441542794435979,0.12965853225636684,0.2822782433919506,11.396033736009624,6.130972695365653,3.6805133506329875,30.730580071250326,1.8935134770385544,0.9695076228987607,1.086594611424268,2.484945178921184,1.612969656618739,1.2106983852780469,0.07216430746093866,2.060112811671727,16.11243257518741,3.0669662638782973,0.8235882188395992,16.041903506053657,4.526301378011676,0.529946232125329,0.16569566672921537,0.5092468401773321,0.597372822319409,1.5793359234226862,0.31451723853379815,3.2156661085988225,0.48213117897476854,3.2241408616895506,8.58909076425081,0.6777475244776118,4.871403756346615,0.4132231562643943,1.4169261521388428,0.5877182453079085,1.1853247565570775,0.5552220390137809,0.9043601059113946,0.48557749351577156,3.7663364536444797,6.318289823585924,5.169584262142281,6.4199918303360946,3.315643230939708,0.2923650136368065,0.5385766976167226,0.6172443792214862,2.1914356303482876,0.8976068846652773,0.3839643589093666,0.6723831389794527,0.1440194463880889,0.45332152148122856,1.634303701214896,1.0010546304246235,0.35515539919549216,0.4583920749521382,0.6391877532466828,0.4722793924148119,0.3663105480017879,0.5016378763536863,0.5759556365930677,1.1982188745763223,1.0244343175351958,1.3077743242922368,0.3183328265427255,0.4947544933898926,0.3836181962265566,2.4369132058518126,10.661781735900147,0.9753966264049622,1.9367257522976025,3.836415196243543,0.6074464212652908,0.5986973245431219,0.4211850803151218,0.44180145108276875,7.6079401977607475,4.083770985275954,0.9572544821147461,0.6353733311351618,2.2962156589373293,0.1210996989295427,11.089741533010407,17.39583278897337,11.64149536579719,2.702561953503346,1.2816728409162241,0.37305836527838593,2.6407069161006276,0.6986371600286878,0.9627459678592872,0.6876147712936971,0.5744596058911667,0.7290173864172954,1.2308989588235775,0.9525347149324891,1.7947076435385048,0.805326011686826,0.8505541309347466,8.096142929655562,0.3867293821827596,0.20550976677075444,0.2967291183995186,0.3882205200676788,0.22280818941773667,0.3502847928600875,0.3516647755308551,1.3142855833981146,0.36023115684578677,0.17651690257064545,12.653825735076586,0.8748861539742971,1.388614614269996,0.8468497480724483,0.4228779663276786,0.5523049035710355,0.3764018826358906,1.3370454767861404,0.6045877545390567,0.23679812127866073,1.0062185218971826,0.49803340225854587,3.396355139330876,0.4846564770168153,21.217863224852056,43.8884206382468,3.6319123497279002,0.9454330589449202,2.4533819653190414,1.6301782339057056,0.2143524460889601,5.5322373130540905,3.8211430959829316,4.08437186246986,6.833626181338553,2.3893909772243833,6.413107113191279,9.87932342810548,2.7070983085970592,0.3342513437124365,2.273401635924892,1.6439860342730777,2.5004761833724163,1.5784898831011538,1.066066523458509,0.3735655838471783,4.303631629404541,5.639797147832239,1.410402608376679,7.0096227167177405,0.7819564534306518,2.175026261395648,4.741448187937877,3.3316426186944423,1.1781790672422359,0.9022139448043948,2.250457318710894,1.6410786119624767,3.0820536726446295,3.648792425911457,4.2077892398359085,2.794913550252269,2.4924609574948935,5.283600057001732,3.5936253058718703,16.8761177669889,3.6317173270012026,1.42829107662183,6.7079477225411015,1.4494796552858393,3.871811053732151
TEST_07+4일,2.625832654531448,23.753158530050623,3.4336185687955822,1.628565047386586,0.36513736603215124,0.7578566785132451,5.070073424073643,0.12904785907945795,1.5137396106549783,0.13978993532576894,0.17335012023474392,0.39778221287811416,0.1982335167761271,0.07723374034453513,0.7140869567764789,0.0623146263531109,14.30105516693238,0.4625331842124866,0.4566637129340991,21.18639096755939,5.056773663713658,0.43144029344857115,0.13991817483418384,0.2999704752154541,14.670669657093443,7.141509488880769,4.27582404377212,31.251666461494043,1.9238705400773377,1.0314693662227332,1.1671950204805763,2.565209858076757,1.5281576291800545,1.140932377898665,0.09100044440116832,2.0010586787729974,16.87405122757325,3.0120750321691054,0.8764592420958549,16.997220203566272,4.675976927161463,0.5606482366694386,0.17193237734681588,0.6334290234249256,0.6629857092916547,1.7751361321231842,0.3308114408226093,3.243203559141418,0.4322874863335018,3.1018075724227043,8.660408550437339,0.6245408831232585,4.969716216442303,0.3709185507756839,1.6092239567048534,0.5351269674532844,1.2064586745497021,0.6080584096156798,1.1073418816478948,0.5101143255285715,3.9301540300459035,6.255321270785743,4.8914275281935025,6.698689751822671,3.1479377552703673,0.324560563443212,0.5992747973762077,0.684079843248167,2.256359088027154,0.7359043112146444,0.3864164648671056,0.723479974461132,0.14378295655245835,0.4569208612725783,1.7514293764121462,1.0425775427129078,0.37518563750059525,0.4498400475792793,0.6534479274225996,0.5133847453986325,0.36724587456043073,0.5930555752417374,0.5357684303868325,1.1034700292269501,1.0109324580844028,1.3903939584824334,0.3208783225891018,0.4873489446342974,0.3847780843209288,2.497455028739608,10.739801100554542,1.0107964710107906,1.8304405638624193,3.6942769968099736,0.5338518408254028,0.602379424861355,0.4097012872675847,0.42097545125221375,7.966471343906814,3.8083243003939145,0.9209066653357313,0.6100140902506241,2.432862502645612,0.12333694327894536,6.590769771703397,17.160751747460075,11.108400397908646,2.691789572046308,1.3508409146513063,0.41783250010420775,2.715499039617712,0.6333020710692701,0.9779256279739911,0.6825655891693841,0.5974163068896976,0.7730083511233898,1.262028864355436,1.067826219412528,1.7996429107547351,0.781342965896313,0.9045762957866482,8.185509928738547,0.37162783971482144,0.23910524099480931,0.29972550026511974,0.4299584604553703,0.27169122439391913,0.3637305351145111,0.3682464620803661,1.6319947409839157,0.38416892126982277,0.19660619883349717,14.147881858596474,0.8863857596711154,1.7290985126672904,0.9652419349298647,0.4582249523912269,0.5630628482430043,0.3941813791585046,1.4238529777464608,0.6153240650152325,0.24436931367430317,1.110183928148398,0.5651885519017934,3.1816792505995326,0.46902458291097066,20.190442497436877,50.78520380600549,3.660601074667894,0.8852516262840081,2.482229566824071,1.5990104168910475,0.23513866640049574,5.623413423192966,3.634891105122473,3.6809882967400425,6.705067855459271,2.4206801656460546,6.415975989329847,9.344430423385987,2.5896256404171125,0.3213650845403881,2.3583596271027156,1.6664531618774927,2.5984475702626155,1.6010622376359014,0.955160426191771,0.3910471720386889,5.773504359396621,9.001778827013457,1.6222546817903645,8.7593872005916,0.8834245213459778,2.80228916974868,4.313784285832375,4.054846499653936,1.3204596445272987,0.9516832367280745,2.851009929072923,1.9325021099933974,3.207090228230206,3.7247550477726312,4.333719258007225,2.8320119155256567,2.553632868731551,5.419404698856435,3.652573223759429,17.148982642516412,3.825619638667491,1.469018803027039,7.031724312958081,1.4913940652333417,3.9188583324603505
TEST_07+5일,2.44715253665122,26.520646249454607,4.294799186952173,2.10487066151963,0.41867134964791713,0.7450564783102556,7.185186793682233,0.12280124285013641,1.4537096234487035,0.1326883705375102,0.18142531442392107,0.4972298606322638,0.2061833907503465,0.08205522627485287,0.7499996967707803,0.06031647310269343,16.09975071506797,0.4883476372269858,0.47506435378788014,26.15828972361211,6.820541993505007,0.42023639488712367,0.15272516987391943,0.30757128432305414,10.965597536663598,8.674390536935137,4.324255975526506,30.844210816253092,2.0221447489094055,1.0629059592083079,1.1582056136786334,3.052041264110971,1.657663081541004,1.2286265244766335,0.10747035598479418,2.1038243296928925,21.191904088859662,3.1839128505043472,0.898342774903976,21.35175094784944,4.632312272188239,0.6144202718332593,0.12465372175141756,0.5753160859807745,0.5067033619320469,2.272036352457497,0.29709456033759785,3.1747463251669106,0.46647884444129056,3.136678252983925,9.231646193020369,0.6739903360938295,5.161922426765636,0.36878095739565897,1.701085627933191,0.5651622702628499,1.2356067394620476,0.6461268418705277,1.0768332982302071,0.6020487863075488,4.941600881340023,7.105692997973417,5.209429510407365,7.347601579424745,3.3785974024782988,0.33111793166636133,0.5845018019914077,0.7213005620252885,2.0807569992915425,1.0388897796653307,0.3829401040333562,0.7632721499950035,0.14820093365432305,0.4313089649948743,1.9279619068429996,1.1125549513956674,0.40407046617336595,0.47897786441953044,0.6764026550606745,0.5142894163991502,0.36028645249310876,0.7710421121109946,0.6139469670368359,0.9185315966771986,1.0868643176993973,1.454593302181059,0.32820867904251894,0.4714750661965895,0.41646641087170433,2.601617490132321,12.849396426877933,1.1062264716848085,2.068911148385032,4.19661997957433,0.7416339745209644,0.6324920941348665,0.43329749825935143,0.45885695583610714,8.158985099459102,4.390288454003138,1.0127786787048665,0.7400146483003037,2.6009129075351782,0.1343343588130369,6.339922495554328,18.60932551843288,11.927443504338205,2.9724865992432323,1.4138866777420402,0.3805612881714219,2.9109341505693687,0.6928211523367573,1.0638027663932936,0.7255636464276808,0.6348413829184094,0.7563127803702623,1.2922254722082795,1.136367993172914,1.9245094368557951,0.7557695961803391,0.9817491541907793,8.751736914415783,0.3539389559185645,0.271779512316184,0.3096401302433269,0.42877981133511034,0.27895272156575307,0.3608765903913093,0.3869700599373586,1.9810466518997814,0.4165218067891731,0.2209078864208412,15.73387935999577,0.9798171390075168,1.9548140619732575,1.3157889102839864,0.6531695551968044,0.6167817087556617,0.5382797856139642,1.9038732730487324,0.6612434239420429,0.2740173379236131,1.4142597425780277,0.7606858107430402,3.0393736158983438,0.5451204501574122,22.22203390373937,53.46820716612239,3.8216599482739473,0.8843228162574791,2.5249554894100013,1.656980203688384,0.1969631798843016,5.906477616843231,3.484216257999155,3.2850615823926077,6.6913478653120615,2.5679435276375275,6.503804707518955,8.884573157240053,2.7019327794644865,0.33375044442868174,2.5180507034308883,1.6607167078975096,2.8536802159058543,1.565645333831481,0.9251428067273278,0.4342115965751228,6.965631451797372,10.51574896284311,1.9012406509601665,9.563111230772693,0.9776586582499438,3.17536320282154,4.914749274447656,4.372119803607763,1.4104696931659166,1.1006847542908562,3.0012882512435577,2.1042108311506404,4.153495425796418,4.662676205933028,5.712345490682323,3.4493132267099673,3.3589545653774446,6.425659277632114,4.813569084328119,21.810785591518528,4.842183231221339,2.1416293180347057,9.31825346276369,2.0881164770385556,4.879837225000141
TEST_07+6일,3.018530147039933,21.91281151880507,6.670538877774224,3.7978959032421273,0.5328945973804022,0.7786102656840425,5.26757261311466,0.12677849584951242,1.5085240919060587,0.14127665145331783,0.16266182672827612,0.4958629440329233,0.22512471992685917,0.09486744079983452,0.803739909488973,0.06231797991765077,14.458670804157313,0.6939274542026759,0.5436953662282882,18.620514042680103,4.748993055921637,0.4683482020244814,0.1668292691492485,0.3093540771492875,11.89079906846594,9.580383808309401,4.375237756014079,35.78051094230994,2.0480198005568644,1.0915925063266168,1.1787727008658027,3.5475553294951974,1.8348284325943263,1.351565780610799,0.13595247281389564,2.2762769217652385,27.419049599324875,3.1835284264989263,0.9180238856205755,26.520661939819064,4.558706376764575,0.6116534741078725,0.11834752615789239,0.6979903445221172,0.5706580979082598,2.468834761376312,0.2987808267110237,3.287191033209237,0.5133034283621501,3.545117847923186,10.339902618615485,0.7413158392772786,5.319411668540756,0.3440314096058301,1.813602820188981,0.5689175762565614,1.2758934866356024,0.7521421229444483,1.0564958875391515,0.5742337781555028,7.7973917215564885,8.374338953177126,5.872952585869615,7.773569330320207,3.6015509230327405,0.35095131439706956,0.48375069225851974,0.7199658578602732,2.2330818243964545,0.9117660506325324,0.4000384824593811,0.7683425316970228,0.14446589781874644,0.6264827432170209,1.833598427866052,1.118269679312848,0.4144927495183592,0.4766169375655596,0.7855458518879253,0.5188924956227369,0.3943986097391821,0.7047624021392577,0.6221133883970351,0.7767839718250531,1.117027955428399,1.6336836138382878,0.3409891627017147,0.4390997092656287,0.4197521028559802,2.5721435382896782,13.126168607653542,1.056808100011796,2.596141843129006,6.048899224225861,0.820910024772193,0.617777788831641,0.38156594902528834,0.5434845831943026,8.650119640621389,5.325577511396568,1.0854921298197135,0.8290763839622757,2.6415377268844207,0.12410757947083415,16.872834339402303,18.80952676416751,15.130072818617839,3.276949267650312,1.570830359114959,0.42400191440140966,3.164694652361786,0.7586398659337678,1.097570911131224,0.877991024553472,0.6561501899182548,0.7589759198678786,1.403758552398729,1.1211574969424494,2.101629672670985,1.0860979412176917,1.0967053319769258,10.808998648906272,0.3128187552436061,0.26792067384330437,0.3037410671901223,0.3806469273579067,0.20997998200683485,0.32235242659310354,0.4122260362334828,1.8810346766583124,0.4041037224600561,0.22734029329914168,11.869504974213816,1.9535562908675044,1.9962533898319257,2.6160642187742162,1.4158002489909582,0.9656105650284481,0.9869763801155361,4.634074695027132,0.7955569227621487,0.5052256226121328,2.542511137374467,1.1450644115009205,3.2829062060868606,0.6073787478101049,26.79961162523958,55.45994807211435,3.983626245238195,0.8901724588213866,2.6708920488881756,1.7817125692095124,0.2062110828991268,6.092716420333832,3.6096118274613063,3.299776512122121,7.179804453754361,3.312769111026713,6.172345346229446,8.6555215523629,3.400465391140187,0.34798252151180503,2.6893968374054666,1.7573942998889251,2.927613000257213,1.6630563950093564,0.9401847432546763,0.4760930873903086,7.857947398484833,12.017427500020915,2.2304207876019757,10.415098121135681,1.0045825072964203,3.5131736044286406,5.616998649120734,5.115037103767791,1.5329386037059032,1.0587390150049327,3.099222913847256,2.486400633079548,4.813111453015917,4.899538601946456,6.333825585594731,3.723761855091852,3.7057053956772945,6.91474777313775,5.175132012483507,24.22490320281893,5.261685999324723,2.7080447919826076,9.958321272429929,2.2344476103045197,5.183209632147764
TEST_07+7일,3.458276764935173,17.757243725929207,7.988569893900821,5.78061185814706,0.6082770390053184,0.7211164050510306,3.8858656020248556,0.14041940867846298,1.6557886704979823,0.14889709314546828,0.1554548901589759,0.3547790350535719,0.2446022631165406,0.11540686060239622,0.9719358387227478,0.0759657511564271,11.879112492430302,0.759333108658706,0.6149462504407188,13.02118155099427,4.04115780399255,0.5365738397844237,0.19105927544153345,0.2861317360275441,9.692479332796164,7.959877977900184,4.225870983463579,35.039056435656285,2.032698053273396,1.1831194749178278,1.2362191910641465,3.8520901233506266,1.7944209766088905,1.4183049529247178,0.16979238793166088,2.401443986254963,30.73490311037449,3.2036427107558505,0.9562635276841148,28.631088786047037,4.721662527134111,0.6130691314985656,0.10779810969207622,0.6377419235155728,0.5343442261804516,2.031974355058994,0.2754103540239871,3.4627169950451466,0.5261367548393623,4.235334145221893,11.21409183354549,0.6167445768649923,5.552559111513619,0.43971032500711354,1.8953806513253821,0.6555541056355733,1.3413540555306218,0.8464716508299414,1.0316484181486427,0.6247349640611388,10.81644842490438,9.19155098088997,6.239291773778598,8.000271830781012,4.25290622803162,0.36838236720564266,0.5022761872581285,0.7645978862857323,2.3912620497359582,0.7345434583910679,0.4298576737058107,0.7802611268792954,0.168100289725482,0.6587988988229271,1.7500030314680792,1.1666654913436063,0.4432389843100112,0.5207545479768622,0.7136891526344,0.54393528102436,0.41200394693363085,0.8000442020787644,0.6593467611032867,0.9691046367903273,1.0152213033624153,1.6037308325678514,0.3580965008321258,0.4499962965691563,0.4405611612496481,2.61630458100056,12.562112030274994,1.1259336987666049,3.410776177605295,8.935119772414467,1.0450480891419394,0.6381371278326272,0.44389511625920686,0.5971452235111053,8.979948786759936,6.496554862698412,1.1358120347920118,0.914932220110102,2.752130101434033,0.10622841342475797,54.33556069912944,15.033859429393443,18.394408943571957,3.84860803737837,1.750262764562146,0.4438076148703259,3.467297140188806,0.9286596964994795,1.3347976774249886,1.0429927662131684,0.7874348823188831,0.7850554677910166,1.5619859460594332,1.123089953342302,2.1199586518690263,1.2566572737741155,1.0713819669168463,11.064350118765654,0.2946124987101117,0.26065430974860115,0.26415377148314106,0.334341302909368,0.18899674343074901,0.26320907011998024,0.42506905671594314,1.825183681068245,0.3265314803506904,0.17662869788750327,9.498023884005944,3.557114775626899,1.458265528235391,4.118344547205523,2.1815227254627665,1.3368241920686221,1.684603177493769,7.604413616237752,0.9375270470034962,0.6132150002952931,3.683288548578122,1.493414743855392,3.3300141894229913,0.6164762686830719,27.590846904987416,55.0025095428518,4.203488930820708,0.9428036825551387,2.9832137472100926,1.9339288701831294,0.24472551644522889,6.62920622147199,4.026016444075149,3.3278115707530946,7.8970692363916495,4.207067116767458,6.882167000225028,8.425962508261733,4.356836299744516,0.347682102373828,2.863925873975701,1.86298810523773,3.0638728875448633,1.8447324246747845,0.9408333489526111,0.5526476604306507,9.151757838216305,14.671760635663794,2.4873819769626717,10.523796411270055,1.1412551866164045,3.7021205006433444,6.427244413675755,6.114732772340433,1.58079903812766,1.0951436793332052,3.427592248611175,3.009959109164798,5.481850596341869,5.090937038913405,7.057040379428378,4.039897421062172,4.160866880564353,7.475924929032194,5.706410071135187,27.452840181739038,5.649834079838388,3.55625158788126,10.46574223793996,2.3278285282019473,5.242507030990627
TEST_08+1일,3.4261868524741446,18.57643510839896,5.508158113818586,3.666140853805176,0.6013395299868335,1.6501722752889336,9.910841852472199,0.06731997714191908,3.0102030026359023,0.2914558244322278,1.5855842159293667,0.44434562113845993,0.09211938853255218,0.05611916495881481,0.34574720297827033,0.027951426430133847,27.203957577795872,0.7019166825013109,0.47466217182923565,30.231411906562222,12.112885546282515,1.2242416967172485,0.48700608379128546,1.1195916264556627,11.048043237575516,7.376260816511587,7.706197995335945,16.273920179747634,10.233587962056035,3.3434220934901537,2.671660163701879,3.691744172952816,2.3537854231801174,1.3978163738330591,0.08410223717542326,3.300374813353838,35.91296090160933,0.1502819601027411,1.7839015610221218,26.090839442665818,15.023241038389482,1.333703691773292,3.8982654401367296,0.6824615056316848,0.7222074600222712,2.622597822152098,0.306802283217863,2.7966652851190363,0.5296996003576763,2.767925156970791,9.573954797720305,1.0053169394355197,5.536869462667748,0.6842473758942479,2.912261056325217,1.1238004949511957,1.6982313819994996,1.5314977785554607,1.1152274914326674,0.5390502641253003,8.52765546014631,7.120932228219992,13.496262951221913,9.306989891659095,10.847379155426331,2.546640197433525,0.3679574320834804,1.4291228209860138,3.050370654818796,0.18956975324691114,1.9807262056852384,2.140030077813302,0.6422060563951808,0.6619701681215572,3.805602536000438,0.9697021356586559,0.5154932042174448,1.6493194167004999,1.258564770725527,2.547414675998653,0.4623283641382598,0.937980594375501,0.8142334765940443,0.8868162999799841,1.2109212138757608,1.4655803399884024,2.0639239684180564,1.3397296217064505,2.5052306380142166,4.229583710256722,12.190292415149948,1.560984179298374,3.1663135935737285,7.103560890651573,0.5927124172238206,0.904455947732595,0.4282259555630968,0.5796801458370209,15.960911781875941,6.093358348389475,1.2320555416564056,0.6492924799047054,3.952279651050752,0.14066512929678993,162.4319835404509,18.878060165027975,25.04028690259047,3.144547194461549,2.31893844971912,1.0175057143424835,2.8476071686004634,0.9570623797584296,0.8300137849653357,1.067306225699253,0.4051511259243891,0.9518909630373698,1.2010755292673483,1.055298360157993,2.1466771703618788,1.1865644677343405,0.13681328377906932,28.972175418753537,0.19818219104729565,0.18378317005731015,0.184304518954494,0.23954629354395038,0.15747632562336492,0.2592803639096731,0.3296437307934292,0.9219612754128264,0.287421105797205,0.45100951829936897,11.745482786700407,1.5660373506679128,1.7397754835397965,1.2903142961545313,0.7962902978840706,0.7795662483043777,0.7767053560949628,2.5516728628011616,0.7659770418137788,0.40573984914869704,2.1578463969203465,0.8445234822760261,4.6767400888395585,0.0346787121770632,55.54503694659157,43.44045715715586,7.462972639933168,0.08789945142992997,5.904678251567939,0.1886788287687299,0.018910698888562817,13.92203990138732,0.12983618825953425,0.2506871943664932,14.334825333056505,5.207918553669887,28.33039651627474,0.26538067548279815,8.150528332389756,0.6765251655120799,6.113495961510264,2.9003449100916594,5.9234560295426935,0.0865495386010786,0.06585630557684896,5.645031614582169,4.908135933260692,3.1872012018769595,0.5207816254095412,11.08487022273048,1.7499868295917314,2.4067884887285524,19.888766694028504,12.251429564635632,1.7501298134055259,2.373720584810853,3.292336735369352,2.3530828021412753,34.81399833449067,22.247489638745524,36.613525726264946,13.230606374552279,29.351165988057954,32.06998974241006,17.199435223539414,191.66690680717844,50.74018027356363,74.11570898741523,96.63764560069446,24.991340204374943,53.714934478921315
TEST_08+2일,2.8201144688481667,25.136038411615473,3.621767634330725,1.2466984736305267,0.2590821121659156,1.501791096225618,9.044116819257743,0.11610976175776345,2.793098680939883,0.2559785864369882,1.2043069471112193,0.45469046047847006,0.13871957047832484,0.07239568764004313,0.6180540891943485,0.05962118622784923,25.310815647514897,0.5724070757928217,0.481698441088686,26.090280548802085,11.148409434615678,0.913546172242192,0.42982077414764003,0.9790383843418251,9.562160204132734,8.39250148130085,4.094782974492157,17.00183407293542,9.685282479513818,3.205969177035072,2.377223998030377,2.8080613198555806,2.0491342770146517,1.2653023605640752,0.10336740128368872,2.9319819523624715,23.163052514388188,0.16025387165208782,1.7341090176832932,18.92152321860914,13.234839351946434,1.4749341124806887,3.8840026691486527,0.9673809457504965,0.8453971314802254,1.866335721123191,0.25822171216095235,2.9098497660562366,0.5063141911498283,2.7973224670326005,10.577408886779496,1.0725535318346195,5.196675711936293,0.6401212845606001,2.2238594058102907,1.0346751623794905,1.7809551548279898,1.663706344493032,1.0950450803739378,0.4936270401840026,4.930194942127751,5.860537466445595,10.948612391386428,9.847069586395927,10.940151689087912,2.3504498424715616,0.3533387030820224,1.3089324312086135,2.344343415631356,0.1886395094557059,1.8914322632698497,1.9893774873109846,0.645497635540399,0.7003006724962856,3.3711099857980353,1.0351379144027497,0.4412387039341859,1.5060225206507378,1.1516263387695929,2.3505569776377735,0.4503231617469886,0.8170242731173388,0.707787194081058,0.8417943782653452,1.0534916366721176,1.3898945621019743,1.9808348596033842,1.302771656592411,2.3633572980967346,3.789147542251304,14.336452091087747,1.462466689264338,2.210346056398647,4.254484880250637,0.48468274247054705,0.8565151586635277,0.3660371634735686,0.5702163036476255,15.464797251601794,4.702335671289075,1.1932740561427286,0.7187000766461109,4.102242292181543,0.15592332501885872,34.8825492539317,40.767923051669484,17.73730589443913,2.564081902183592,2.1020493372846385,0.8207802366211868,2.388962046577014,0.8897440260221113,0.7758904562207857,0.899438934157541,0.41370953043540687,0.8008921869790147,1.1118913801130539,0.9183752821059616,1.9226274522041924,0.9635471462085146,0.115650207237795,30.893059517070796,0.32203571851070734,0.24101947419385805,0.2873491895359859,0.30294693327109085,0.20509725718083383,0.3273908599210695,0.5006126908460159,1.161923948235727,0.3841497369143091,0.3836441351902184,14.251783493194512,0.5433032058579332,1.034417005820606,0.6580036160590149,0.39641676767040723,0.36534977468496893,0.29657553551750265,1.1335015618774782,0.5897388036100618,0.2657269510838616,1.0050108860208853,0.4279333704435653,4.756107257865471,0.08488076843985412,64.89853202700601,61.435430157624246,7.781900237728713,0.11060948616127449,5.315551732492077,0.2583673634361039,0.02275117290730445,13.43326204456147,0.16112946338204584,0.3114011775198968,14.38212528645623,3.6453617461398053,21.566452549704337,0.3253341398308466,4.862565820666361,0.8368414071477913,4.673294249859803,2.6579983541456538,5.504062327979349,0.11190511168555227,0.08452559148740177,4.967413574153789,5.094410977603334,2.8225747264061307,0.9269860774614527,21.744036111058,3.375295721344237,2.650472618309451,25.00133459241752,8.910544659566346,1.736380453132205,2.3323980806614752,6.855795396276804,2.6137977872291827,30.837242771612118,20.926605831496136,33.9279400594514,12.751431805092556,28.673524570951475,28.36610301032763,16.27723063076955,178.84468077921284,48.08628402559495,73.15088639072019,88.79214250306416,23.77079710963475,50.21218655740636
TEST_08+3일,2.5218640650767625,32.84897063301206,3.221871780708781,1.2551357653920712,0.19125856245832126,1.5426719170773255,9.955509114933914,0.12548668223423612,2.8425721044778416,0.220750343410933,1.34127640817103,0.41959329947437324,0.14874176839272674,0.07644028129175895,0.7147458295361637,0.06039247972813548,30.876096032765535,0.5554739474499925,0.45079875450066786,30.799822507452667,11.583264618969896,0.9487076120549495,0.4206756333214799,1.08843778307591,12.620378694863776,8.448510244054265,3.2052927549552765,37.62347694328609,9.502395307374877,3.268309579024635,2.4245658519921705,2.6153378834807355,1.913333364416351,1.204887508172692,0.11275888044307582,2.8778561411472836,19.727052178212528,0.17910865489211872,1.6396146331594752,17.162124836588575,12.514500042318556,1.3915233941686707,3.833958668435761,0.9478605561157992,0.5958080056159754,1.656872910599351,0.3210741560604959,3.024336480806342,0.39833082583408674,2.806478513541447,10.795424514437778,0.7373596307793451,5.008839041456402,0.6569491045954474,2.0355232901936615,0.9138891174983192,1.5782135319262593,1.4909406844428272,1.0723946671302866,0.46158074502339563,4.38202268503149,4.8357838002196525,9.897541752454556,10.127172738088554,10.286137737393691,2.50300205110076,0.35549119072357954,1.4432067519814014,2.6659022444501326,0.17513150028105703,1.9383790221617037,1.897435234703011,0.5830961338685022,0.8543205018687843,3.3736178488885704,0.9992962176770683,0.46428331963525,1.5487361138694096,1.2572426329500355,2.662342023319559,0.5190715704256712,0.9148763454416945,0.7583087178743205,0.7934588646043106,1.2171188901062429,1.5001125083255025,1.8993123029307393,1.449014472548239,2.4227025007652068,4.10327181437761,16.574516130163655,1.3468806230367747,1.9369887667223138,3.6306287156278563,0.4216973262680022,0.8611605802249696,0.4025970243774347,0.5529686590501168,15.338128791676752,4.248408915917906,1.0714019463532967,0.7193727421913603,4.069486075078961,0.15135804858490076,11.368218118154909,36.96679157652018,14.24327792661285,2.4937603583772723,1.96750792123366,0.7344288848961803,2.366565832520707,0.8494601433531919,0.7339589247107927,0.8518946018499653,0.448807706263684,0.8129120905348962,1.2705166552394147,0.9286518955102088,1.8677979338862518,0.9791535037783285,0.13743730123294162,30.879138714787352,0.35742154260853387,0.2832122362751693,0.3049487807199264,0.25744501377086954,0.222745324431282,0.34672706773052364,0.5457583034567213,1.2275828180913815,0.42493871531496563,0.36210932113171984,22.134297091315208,0.5797051291344489,1.0645384048776394,0.6738331136269963,0.3493747754374426,0.3844162770891409,0.30812082025895626,0.9842963054579088,0.5641584118912492,0.29554395035839004,0.9508800159193732,0.38370796419785436,4.711733484546242,0.10844126027564194,76.6987178882676,80.9819502087885,8.337020639237526,0.14435813267171826,5.509402567116083,0.34102192589467445,0.025478306474745936,14.580472513652603,0.1888140999743916,0.3654437207565612,14.546294563785269,3.33554211337517,16.36741216867424,0.39748396996386637,4.105403902189299,0.7579618079559988,4.131439748127654,2.3596409646496244,5.7069824720872635,0.1362899262546693,0.10856890647921946,4.92541778352864,6.03801865480799,3.679566108629055,1.086267972858575,30.479327792423426,4.681925097228785,3.2097544369818505,26.152627494565163,7.118189252677174,1.8556419287826416,2.521939957251676,9.361244820613377,2.7341917522269243,30.364457073506472,21.141063789200494,33.26967807622184,13.513638050509602,28.37912554524118,29.357297285223726,15.77842162291793,181.00948475665425,49.441922203211625,73.66132526254091,90.58287658725749,24.79872578663028,50.662446114121565
TEST_08+4일,2.856192927528916,43.949395471134395,3.2655148814412382,1.453530647175835,0.27482807219613,1.4674670880537617,10.28054411900859,0.12904785907945798,3.047636472492655,0.22193589907221717,1.4206211409218945,0.3933941469183779,0.15793155613717758,0.07723374034453513,0.7140869567764789,0.06231462635311089,38.66515084638166,0.5193733527363359,0.4159553782885169,39.2156529674751,13.481808733091833,0.9705274196356976,0.4222986600109738,1.1175810645912876,10.521512628447255,7.789031006688795,4.362964610154844,29.265009304918138,9.635810568191994,3.5519557448285024,2.5589956836252505,2.9184997108639936,2.122250313836854,1.1561351390396426,0.12503639608663777,2.7914693167496805,21.4975046824213,0.18977550183423222,1.4536436998440194,19.73550235667722,13.343487603108844,1.478230119399919,3.9393909349950187,1.1820631289607424,0.4293775884947746,1.6120305382021265,0.2918068465919354,2.9935054702859594,0.36292896534718266,2.876223824356595,11.734693153369157,0.6711659139665838,5.239049603053853,0.701729388155165,1.9325063100940547,0.8316490595433021,1.6639948028540412,1.5484764399677344,0.9769122055794287,0.5584618511625257,5.09522590503803,4.45315897341165,9.644541140231707,10.649897730290052,10.499739056815988,2.5049341210560545,0.36917046691419714,1.4167288741554576,2.9255092704924923,0.19350908102606126,1.9219331983104198,1.9244410675309789,0.6005688037680488,0.9597152398061608,3.5824542458151147,1.0128881093167725,0.44550765172475826,1.610095686055391,1.2135591973751865,2.844066792308484,0.5383804765153839,0.8430497747674229,0.7124691888846629,0.9953549162516144,1.2025318282236503,1.5631380671470267,1.9342245622153587,1.4230460992338432,2.5419529447487355,4.09123021712814,18.172546163550365,1.324653723131577,1.9677777355875725,3.7874430871655047,0.48926780857879826,0.852617888775176,0.3562757676081761,0.49387686545817766,17.534089413709815,4.308241206683723,1.0491700824528074,0.690134950612968,3.9971095227946747,0.15099934885916813,13.255517166592341,37.71142159400522,14.155844292293782,2.568409062011788,2.081330298863233,0.8055760175964466,2.4668554058189773,0.9821604619812238,0.7752384039693868,0.8471302328903432,0.44037702206545104,0.7901881628324072,1.3010598628376964,0.9907959211838755,1.827111509004534,0.857075535951453,0.15241423495128592,31.971114862777487,0.35494483952948275,0.3514583584932909,0.3404383804948339,0.3319407883443735,0.29108547994528355,0.3837626542423582,0.5813395256260271,1.6278999081195686,0.4264296558347426,0.39199209546731345,27.786559857797723,0.8156607126192694,1.1481131675575365,0.778908835735381,0.4304073232015422,0.4225506550428676,0.3803566527836228,1.3225777971018766,0.5868943669867053,0.3206343688611096,1.084270801872319,0.42991179384032724,5.590485468621461,0.21965458913079006,83.32353461965218,92.54102229617484,8.577332300979295,0.1782543559105854,6.119130124628902,0.4175918086338687,0.02758440259547991,15.61574935249205,0.23749050940570374,0.5119097792224998,15.326091869734727,3.5755309019170443,15.520132768693639,0.48907653692433556,4.358861946316116,0.6641981634546756,4.344508198334668,2.388367334926617,6.591511693083387,0.16109742128555002,0.13991596054899777,5.6855797801913335,5.405652504980779,3.91500206844401,0.8832390827638377,32.97608145434893,4.786422901545318,3.3746442807634165,24.60883395531065,6.042578990868726,1.9379719244421874,2.4448127370537023,9.368648781368277,2.492725324874367,31.12120943693643,21.524817379346047,34.166462995461806,15.63572647821476,30.028521288239755,32.01233874723041,16.302090047359602,183.523865896722,50.88471339240823,72.38856316473918,92.64012976723362,25.60069348305332,51.93179566656241
TEST_08+5일,3.064672386095718,46.15730052325065,3.9832601037841804,2.009087397987285,0.4310861268177952,1.4258158246149824,9.45206714361725,0.12280124285013641,3.1065601921424255,0.18763038283560424,1.637623920790692,0.4654078051157025,0.16487542290590806,0.08205522627485287,0.74999969677078,0.060316473102693446,40.27166301335996,0.5734809612788346,0.38101328595630285,40.52906947545492,14.606874789549966,0.9671349188374262,0.4525439032535652,1.0469723094153263,11.810022404361597,7.435862040102659,4.939621359450334,34.03487357054096,9.759400552274734,3.658816659520288,2.7039003858776742,3.7122838969072776,2.045020752642422,1.3573753501315577,0.13435414608106422,2.8915359934554115,28.304990144752075,0.20127186237310343,1.419164443942181,26.4942470864204,14.931751395859523,1.4781591490100736,4.301928200314513,1.1115637262695521,0.47217687585493856,2.0469091194993903,0.2640072330566795,3.128501762330941,0.4551104408761778,2.9334060034959184,12.256713926016719,0.8186336599521098,5.423575116786284,0.635019723657084,2.1653754312984104,0.9265439135983047,1.8176979570093037,1.5644542319365538,0.9226519846440321,0.5113474693020624,6.584888548060195,4.94540552384505,10.433245928623078,11.235271733171707,9.855051408131997,2.5947834498461617,0.373606698804043,1.4434033347889175,3.134072892394968,0.30155081026984354,1.887019701591286,2.097575246807841,0.5514041552641609,0.979880187485739,3.652934807012481,1.09921667176145,0.5057326422121317,1.6481292557112224,1.1348712596577422,3.0039322150814,0.5602382930367484,0.9406504168105037,0.8129665185831982,1.2185096324544806,1.0803762780852426,1.5686102570317801,1.9917701323927903,1.3879120705917154,2.47697115098219,3.8826356901182972,22.19049502574027,1.3402617916292658,2.4506856001615485,4.93517592593801,0.6193513282649314,0.8476905872405398,0.37823525160694144,0.46430443325288795,14.681453050433037,5.320505781139429,1.0815290051567599,0.6647070036445069,4.283521435848765,0.15686199699827003,13.005930067442607,38.527708383992035,15.394931272639703,2.76002232140648,2.272364343226805,0.8762040812812034,2.698670426193098,1.0026765980627041,0.8157418380607112,0.8517260201019912,0.40556538770046047,0.787524658731139,1.2442857551548723,1.1126302253426559,1.8819620235640737,0.8326610624412725,0.1537627291187661,27.425731078851076,0.4280124294924445,0.37008375429205476,0.42652951954691254,0.37734077391170473,0.3341420358033752,0.383092244037423,0.5259433456851085,2.0321998693290646,0.44436709922007267,0.4211411211291709,26.218834272821532,1.0049613899981138,1.5299681233309481,1.1476779001557476,0.7056682629344301,0.582948743432284,0.6259200729698347,1.6756801247247959,0.6756406287184332,0.30759910477052926,1.494881927608397,0.5388326199783761,7.174144127325229,0.3850641520583558,78.24749557053441,93.04069664774346,9.294827632547902,0.2039410480488993,6.695124858471857,0.4683756956241698,0.029145456755749824,18.254874530279274,0.3074657815073364,0.6638576485418747,15.123413344246266,4.282482970742617,15.1179522047953,0.5664081399235039,6.202776532544986,0.6092354102019635,4.447582360412585,2.798515135106056,7.885460632238732,0.20809014379062546,0.1553722905776837,7.1260488586511235,5.077344822979542,3.7934745866063797,0.7132669168358003,33.833520793305624,4.992989365943318,3.4518411539503857,25.21914353342799,6.884046901342945,2.1160562771681293,2.5718562535335106,9.442599319450224,2.461878887811872,33.50060980763036,21.211663306655968,34.569789194739954,16.166140898804098,31.23484175936445,33.36237709297585,17.461142600109962,176.5556471176266,50.08925015657327,70.5054586062996,93.62022621657715,25.142370180813394,53.21886659125953
TEST_08+6일,4.363234863140274,33.54269332085747,5.63734732051636,4.446571029195241,0.710553454659919,1.4558975086510269,10.708241516863508,0.12677849584951242,3.195996696072228,0.19062712679494476,1.7289564850065418,0.5161505595466325,0.17997160404168136,0.09486744079983452,0.8037399094889729,0.06231797991765077,35.16976098190891,0.7580327836760542,0.358222885838666,38.90657638404889,14.251698358119754,1.076535349776336,0.5076357359187117,1.0879946703450012,7.742952024244704,8.317206153514388,6.663141843720452,49.84691744969441,10.045099272959337,3.8374820727157606,2.8387400013426496,4.799048209298053,2.23702459174957,1.4643157581488424,0.15678715901271964,3.1632574297733167,40.52938746994196,0.21358659937418248,1.4106311955859032,34.57406393742349,16.826568636056464,1.4424872326865803,4.817727194410328,0.8740947987913894,0.3501843432451985,2.8185217585943776,0.27207231238838525,3.1719018285557974,0.49666622783027964,3.1677701389784887,12.158159114083428,0.7438144430545938,5.5186175971538365,0.7088449802322149,2.784123876604732,1.0609496990976754,1.8090116584196396,1.650006792708704,1.079324748632839,0.5238435126348623,10.34793628473935,6.181525755763099,12.226823865742787,11.706370491107222,10.084028609222955,2.812484235780275,0.4070618104050871,1.5612514958118937,3.2367122360864777,0.2159520176946416,1.9284061269733657,2.1580847936591194,0.5999117843255332,0.8318932660008348,3.7053888035973688,1.1550965429842472,0.5200996796956137,1.7089439223677154,1.161419059043117,3.1035609575561933,0.5761620988108723,0.956987889235072,0.7747493881656677,1.1388574367885784,1.2924526157363352,1.6510838736955027,1.9184015301378394,1.3627995818639849,2.392378239590919,4.369416277809755,23.170880892586034,1.3548502382920187,3.4336855334015337,7.837101265385362,0.908857996539957,0.8420634100087917,0.37506434371676156,0.4887215867916005,19.111896318150464,6.9726746794720755,1.2642825173982017,0.6769492889819287,4.513349888555639,0.15410612870071427,31.72554057041587,35.99657071266478,19.760441470009308,3.31504597617075,2.5228696857081014,1.1064133811756518,3.138538917806572,1.0663109936596582,0.9161007225538632,1.010392612137634,0.4270529240387907,0.843860103290735,1.3197433459435686,1.1007312345798148,2.009738702439578,1.0546957771840748,0.16605915087145506,18.24157703470841,0.3578552105246748,0.2950191010264262,0.36955874160014,0.3134386851494426,0.2655466469313744,0.32039304782845013,0.42302351971071667,2.0372667262034474,0.38484822121965473,0.36225225543252604,17.588349097999572,3.542023699248995,2.517847135201445,3.899053251407058,1.7218162491869635,1.2124708501851045,1.6676372462237203,6.548177749024682,0.9868053255957938,0.5351849559948669,3.1470330415664973,0.9729554750163961,7.379818023593005,0.4360499701333696,78.95529214201929,74.93882756993985,9.930886208937084,0.2380475208405283,8.33628503363436,0.5417426278543281,0.0349866488992005,21.783425480525015,0.3663841817875656,0.7291041402744945,16.41688605564701,5.789599333949885,14.998805670385009,0.6200311064688413,10.05863260385208,0.6280617874695823,5.413374586303024,3.2803056454694097,9.266966806851935,0.25678661382298745,0.17277994706630012,7.931413138450815,7.178085588657501,5.505626465004485,0.7899703133521261,36.5905937809634,5.499302829384226,3.87526658457945,26.550227819432237,10.00041539867696,2.493642854255083,2.9938729490691864,10.304329321228682,3.2290710962667353,39.528673373798384,22.392449665491622,37.29388221046787,17.294519554639887,34.40042455900256,36.759326133827635,21.715631440807037,186.89660663011531,52.63957992264931,67.95692119984945,95.64162284009817,26.343819300328306,52.7793478676416
TEST_08+7일,4.687188916504324,20.25557979206321,6.688331287306302,6.636755167244162,1.0828632306504218,1.4284536448619602,11.048331460894472,0.14041940867846298,2.954740063214909,0.24029396909725975,1.9345049395944711,0.4966315484630492,0.2126754337431306,0.11540686060239623,0.9719358387227476,0.0759657511564271,28.926550058556163,0.8300804529720884,0.46238202087729635,34.40870196266059,12.35746043046659,1.2635434371617695,0.533189433917013,0.7959279828281897,7.714160956875935,7.205281412999865,6.294784368034172,34.82376619215282,10.492841402525498,3.8983095294988876,2.7454951745890672,4.846518587895514,2.610869785575203,1.55542723301732,0.19140927736531127,3.388471597358771,46.60737241219307,0.2276732797691894,1.528106441116594,37.108829255076536,16.63737117894891,1.4249232581208473,4.503503530793373,0.9695074922624644,0.40477730124700567,3.2963153303067045,0.3032053674110669,3.1349712597246584,0.41804799979479906,3.2440962718911206,11.827878021483105,1.0717860210543195,5.758449078724159,0.7236317106436586,3.380614121706411,0.925314905440227,1.8480630614388305,1.8910964402323012,1.1844128184336897,0.6059068461599146,12.777656076925037,7.20217342549243,14.37015890974767,11.699052852705085,11.13462205103636,2.848997052306078,0.4184599818555039,1.6294575644674587,3.4357148149512113,0.2022965743832697,1.9663889209458878,2.3520856886203956,0.5944456203790874,0.7005921137461623,3.890420490754054,1.0228448807942554,0.5129909914495964,1.671285159735569,1.145921517020978,3.1128667408417767,0.5604022049991193,0.9016355540829295,0.8028550413278128,1.095075950621454,1.431539437297064,1.4944181532860494,1.8894559773887196,1.3026728642076597,2.3376628675276447,5.0569177255590185,18.463432084185836,1.369203648233889,4.173731912803716,10.94333528246388,0.8136918479094396,0.7983612259897376,0.43504808076851814,0.5354250668664239,13.765715894238973,7.512968387654578,1.2627714491301092,0.7317771657217892,5.243565714564733,0.17587282610142724,134.40764559532647,14.020421873921904,25.997096863914418,3.7270065647664827,2.4587664196316106,1.2166736372028646,3.3544833341676377,0.9469586013567537,0.9641990211223175,1.120617414242191,0.4012341022063658,0.8974779542174872,1.277452229713312,1.1003965864893226,2.0737392381723403,1.2880069484787378,0.17020234580682614,14.38059832732671,0.21953415382697436,0.2292265720734062,0.22520193014429604,0.20043181825835243,0.16930088925508685,0.2528509848369567,0.2997352545631903,1.8689525840357857,0.3035667588503113,0.4072058971547257,12.616405948350268,5.0743573201969445,3.021440783458123,5.529091936338649,2.4541178258211613,1.4705724995631342,2.4018708800059185,9.308071037939133,1.1510347686201783,0.7191941262669912,4.2038834635675535,1.8156092840378701,6.8853587542947094,0.47626389476140346,58.60324435617147,49.23314927242578,10.13223315768358,0.2782694506616117,9.090458832617264,0.6055476084842293,0.04140252029308519,21.93652335714643,0.43609401674477716,0.785361235998448,16.616682316800205,6.988618778495365,14.89606264226133,0.6934577059874708,12.459310920876426,0.6698643502375177,6.951089263159259,3.65683840373279,9.65205886659221,0.30691678876823336,0.1884271611990287,7.697257123553086,9.269749059954261,7.569071322899852,0.8201183392668125,36.74841987998609,5.537956593605234,4.015189406357155,27.0463376850042,13.033429835676191,2.7177092186828187,3.3120885383965484,10.723853184323682,4.244887730831699,41.76649271890983,21.434713209737748,39.654092052034514,17.25010292543411,32.91660902164491,37.254352855672565,22.34606696707637,188.5850084174784,50.84307423683521,66.98721860465373,96.0590807784513,25.18224463236543,52.95042162844617
TEST_09+1일,4.824443441204652,20.076200245850558,6.190254452380727,3.8342884170150398,0.6224351796801706,1.468737061954188,8.674764031034556,3.7624164159024645,2.1907156593182706,0.6283336145024292,0.3356063589327525,0.41622420656095965,0.9405589276519823,3.520680230158693,21.43036889294452,2.032727967595754,19.11519448079533,0.6863351563666615,1.696460910064688,23.18664125281009,9.834597791868756,0.41055744402727107,0.5849709277404516,0.4934072862967516,9.153968312700904,7.741063575717592,5.42577501249877,22.26193141584856,10.481926607997941,3.3130039527907558,2.485626807463526,4.903842158001523,2.1896542028722696,1.3813856263247348,0.031733343123679855,3.173175657825194,38.96961923665361,0.06797424693810673,1.8685192362370537,28.008893271728713,14.676195202643564,1.3793229591533862,4.235619447723708,1.7348429097329274,0.7435865344573198,2.279078214313438,0.3381974356978896,3.7786902223005394,0.363611409089445,2.7331643527683753,12.300526902867604,0.9753655374570711,6.54132983912391,0.43919106168470384,3.058589652179181,0.7315080051020632,1.9369189235686235,0.9301585576843086,1.2072779589735387,0.5174533947665311,9.253115776094132,7.422850980385487,13.972089337715456,11.90300673671075,6.018323155673811,2.3958520170071056,0.8318122673471239,1.0658502508754166,2.8049255229867045,0.5735841700005456,1.606216341604138,1.9334890656193249,0.582376983112932,0.6927247106406672,2.7440532592061624,1.3742649285847923,0.5355950351101758,1.3005625728579107,0.9422417489177034,1.937152171226957,0.6127117821962451,0.8148113271999259,0.9108883359127113,1.0005251471033045,1.4480971331348214,1.86586110310774,1.8104171783496932,1.1781078842418593,1.346128062307273,3.2147865054432065,20.0038205728522,1.3632510855184639,3.5433961904211304,7.6819521958267,0.7102052225277397,0.6078764980015205,0.31550534251126533,0.48958025406878497,16.154101911610983,5.0380163162721345,1.1839595810279315,0.6714646898656004,3.548794360463641,0.3588343126693797,149.17974738474274,17.576167627336805,24.577574499470657,3.6284221555182565,3.704985339258917,0.5572620112459462,1.9085221407394457,0.9948520011006369,1.3396170441415023,0.8436134014021095,0.5359351530637686,0.8504867211704634,1.6736361288262926,1.2237853331152493,2.154576648209467,1.2176274306780648,0.08973830641624472,14.473465055091097,0.2322532672152238,0.22686733117346644,0.18651000477893823,0.19866027686125284,0.15914915102260832,0.23323545392243228,0.5882425395350487,1.0641288140543823,0.2610390934401586,0.24155220561930021,21.257049423446613,1.8122762920462172,1.7085053461201973,1.596131419239373,1.2625424396422906,0.6077555077735828,0.6932993228897237,3.220657636263337,0.7424726052159709,0.4068601469179782,2.31671340318157,0.9609331479256237,7.217575573234399,0.03467871217706319,60.07917327334491,42.171347761681034,8.80288128447099,0.08789945142992997,5.400906119430143,0.18867882876872988,0.018910698888562817,16.746239080411186,0.12983618825953427,0.2506871943664932,18.481932131759745,6.753093611010139,2.7166301611299306,0.26538067548279815,9.556491830632645,0.6696097895480243,5.660565256994904,3.3526385042525324,6.465036794372625,0.0865495386010786,0.06585630557684896,9.386543307055122,1.9805714099445997,1.3733089822988047,0.5207816254095413,10.337580753076118,2.1100866873133794,5.0381455411811125,16.367964806412353,10.488179457010407,1.9539311929180714,2.1548736746381127,3.6784374240000464,2.8227727131731375,21.88268842620158,12.18918997702897,26.288337019702404,8.067561438015687,13.349972412866919,19.411622682369135,8.7355648475509,99.38620331639196,32.605498938617394,52.09263682731354,68.58681008934671,18.34098285232172,36.32399401827606
TEST_09+2일,4.0219206215311,29.93217202489929,2.910586676601455,1.4264064048559246,0.32517170172318255,1.1224014992526308,9.451805529558854,3.1652782653634794,1.8542761219228203,0.43078938369803915,0.4042766050887184,0.3599596597280303,0.808207118403673,2.075601395221462,12.380438283052328,1.2184628537196849,26.69512574762309,0.5044457425967686,1.175092048344386,29.421695053176744,10.489019585760856,0.46268850828435515,0.40605705121075425,0.379451514417018,11.760159364753953,7.6611496240647154,2.9008637299464635,34.43657146590536,10.329420075460728,3.168504143920363,2.569526969514428,3.5261372706128915,1.9132683690578882,1.2954099735113214,0.0551585399283855,3.2290713106246898,25.41043871591345,0.08245595137006649,1.7734586882914685,21.799805913813522,13.491792435884562,1.364526342319031,3.9088630985667128,1.4104268864102703,0.8301838459041536,2.0488835649769284,0.36354601211445847,3.798761364811087,0.3751230376952307,2.833979022491554,11.376051068640532,1.0008090829864928,6.505181711298541,0.48724244756037743,2.4775683385285663,0.7905213800204222,2.024881387393236,0.9420444520970485,1.0686086321954038,0.4516806271494939,5.392713530631298,7.731326565396482,13.592998377237752,10.874869605819939,5.820463777346224,2.2315465008537005,0.6512118141547106,1.021768209980427,2.2747020487709797,0.4537084101939989,1.5117381432945498,1.8257961432357297,0.499916789603838,0.6788533050695472,2.5106756040268023,1.3898659435831244,0.4807653656985789,1.263314038260752,0.7980949560668053,1.875586528779189,0.5996459554378383,0.7236504750209201,0.9086701787017525,0.9440329472475777,1.390199501498101,1.7092190132214768,1.7322986123189512,1.1339299672156316,1.2812563107901427,2.921439203603699,25.38667456389994,1.2108568678130878,2.63194072929736,4.876486362843705,0.6022651485917543,0.5695226661558803,0.3490411560528091,0.5230503951994829,14.190866072093089,4.798973499306679,1.0823882940545184,0.5915649838133945,3.6176233617168596,0.337620326957778,45.232746969116924,30.47619148069564,18.768364337377317,3.085579219956892,3.370526053075753,0.5366944794692747,1.8686264372312462,0.8051683371532432,1.2710877924684916,0.894017953110537,0.5232784989979071,0.8274699697226592,1.597134866930942,1.1016934191305534,1.9125641286341641,1.0497379075773805,0.06930184405136136,16.376603552621404,0.3183337404803265,0.33420057967584843,0.2540058912207321,0.2705225899434335,0.19967538031422918,0.2990959411842138,0.50016757117672,1.382986940257695,0.3449727689481431,0.33336196499258564,14.84381258501935,0.6809199173950617,0.9906169020451928,0.6909568766746357,0.48917550311044067,0.5035498376547091,0.6688487287917769,1.422918997722762,0.5258542513872072,0.16999536199576973,1.075453604294443,0.5063613319982254,5.547610419051353,0.08488076843985413,49.6384997972247,58.84340993332892,8.46270001530873,0.11060948616127449,5.126819897665969,0.2583673634361039,0.02275117290730445,13.63050163793451,0.16112946338204576,0.3114011775198969,17.446080108920768,3.9813636782801054,5.397176953856049,0.32533413983084664,5.999024238060739,0.7803771981067028,5.596113663923634,3.090116468111978,6.031160596568734,0.11190511168555226,0.08452559148740177,7.962452801729693,3.2063652176628183,4.979850285340593,0.9269860774614526,10.847111821494693,2.0137166422958983,4.817385547294741,18.04125235731531,9.66362793240108,2.012255898966295,2.5889664586986765,3.7703064844771546,2.937148705890339,18.046815604649705,10.701933284312615,22.787059408553272,7.463984288691839,12.46404138936762,17.85811104084516,7.625958206095762,79.2830255960285,31.12347574528526,46.37218904679565,65.03969789717908,17.251039271397506,34.3332097938558
TEST_09+3일,3.3210209360128715,34.94833352356957,2.802093070349735,1.268596210701048,0.2461975778735493,1.0145242556737595,11.580604006525599,2.5960402316854942,1.563473704634688,0.3534390449547938,0.40092640716315153,0.330043091241592,0.7447631893091369,1.6723719598116278,9.863636813180873,0.7256056800177447,31.928678094830847,0.4769077262774736,0.9358536238141262,32.27967830472443,11.566743764179366,0.44239876694802643,0.4216657272916194,0.7857699232880997,11.07671825938911,7.934543060126128,2.8552822549438717,37.75973926693353,10.040112915221236,2.9866216371685312,2.3062914357534567,2.962081670693345,1.5345512785244955,1.1516572296480307,0.07216430746093867,2.8326887515115424,19.3141504460583,0.09793698255287328,1.64187937177459,18.794522801676916,12.11080291361226,1.348800437228007,4.0394286599082045,1.3390345913679407,0.6009705161666077,2.0021913018207833,0.37251933304712626,3.5674413581987015,0.4232729288389,2.9311165840351014,11.054066114225037,0.6874420424545737,6.45905602124761,0.3626942966083576,2.111431166581828,0.8191666806333529,1.8996935291778272,0.955056568184898,1.1770259256677718,0.4485630038621646,4.05108569046456,6.790993527510462,11.53123203263327,10.136636111263972,5.398093297151342,2.1801834577619332,0.6215975591157445,1.1085180123824059,2.6146586331398685,0.5013183831061447,1.4615461655538489,1.844691620937621,0.4185497208863402,0.6180576697379995,2.678313881956884,1.4439151979005518,0.4080224153264744,1.2269592829380356,0.8951210478237862,1.8592582465578371,0.6755926596322834,0.8036021326057887,0.9109599962711002,0.9197867054032057,1.3718639322073938,1.680130415360262,1.7204286856389768,1.197493620581873,1.316274749558658,2.9529056204266033,26.48090501835324,1.194119244392761,2.2407015670446357,3.9279598968237,0.45595820830518774,0.4903413999628564,0.37056426001844095,0.527883345085331,16.136944175322576,4.2010608568109955,0.95799324083588,0.5506996378285135,3.5463226816652047,0.31953164926723593,16.612542836884245,29.90226798329929,15.740918076570596,2.938817350104469,3.3008786605802625,0.47732305347479403,1.7268962753788066,0.7393885095313588,1.3020108323442876,0.7898451964000927,0.549200321927682,0.7707323779676122,1.3343987535463384,1.0476576456733786,1.8271675265939917,0.8021584954403053,0.08244330296620817,17.983580173040732,0.30627375536998225,0.33954850287511673,0.3167044565916829,0.31480577916403457,0.2639014609026339,0.33291282547417017,0.5131055517702243,1.4067577452313647,0.3968643210419613,0.3924930812808941,14.523284806476807,0.6844513510771526,0.9552200210477041,0.671549074090236,0.41847751117622706,0.5060666676001593,0.5350589547099507,1.3862226410983298,0.43166195945451213,0.16397223719640344,0.9743799852324896,0.40962147731368176,4.663007635767512,0.10844126027564194,55.83696037851139,78.67093783321896,8.377744291262774,0.14435813267171826,4.704751820651491,0.3410219258946745,0.025478306474745936,12.759775116176195,0.18881409997439164,0.3654437207565612,15.99359510942158,3.1843692447792535,7.605803568881962,0.39748396996386637,4.35999583726104,0.7859790952737022,5.1428945188221915,2.6550208576356185,5.4518663650123536,0.1362899262546693,0.10856890647921946,6.983650258193106,4.2667081356365815,12.703382675345999,1.0862679728585747,8.284409566090089,1.7442967137844692,4.696816709040949,15.942553758324921,7.434795426808518,2.0283416944756896,2.166716341482573,3.2064634435379413,1.9464013541273768,15.821276983014489,10.073070520702677,19.456807080608037,6.904297312677945,11.67362467925241,15.355499862342462,7.096118264315273,76.28866823838581,30.32057486450528,45.75683268573239,74.43525412028679,19.49050473593906,33.42113304290495
TEST_09+4일,3.2548342060038813,42.0009988702366,2.9030837314332785,1.381494155694998,0.3550631688086265,1.028758301804616,14.240813403483205,2.8566381313167426,1.520618560980908,0.3322989622974811,0.5303284589731619,0.35311562311893785,0.8833557565341216,2.0601106424335116,11.65205004945974,0.8040883094136599,41.97132991162026,0.5038556580962433,0.8665429015648517,45.6855224875984,14.72723315405243,0.4263293428031406,0.45358934220159025,0.8525080871352209,16.12864900002866,8.46871313538666,2.8903453668789374,30.21394911557971,10.008776885923929,3.358355864285535,2.424818592096246,2.952467540618005,1.6893171319926583,1.2057194809780512,0.0910004444011683,2.681096148327695,19.450586146662342,0.10653058296994365,1.5552760583009257,19.6304172098314,12.014121622118916,1.427218667111318,3.8109703622503925,1.2111393763156855,0.45295906615902143,2.3449149510788083,0.34357962607967507,3.532863160321084,0.36236236789176124,3.10761560458217,11.22402932509334,0.7126202734155294,6.5494091909705725,0.3910679656394523,1.8505576201703433,0.7423105106474417,1.8025724346377732,0.8328041902250625,1.2196264003516883,0.5080885303128314,4.354978911846303,5.5948036581076295,10.527865118989535,9.884534724445798,5.013116794714848,2.143315588294469,0.6225499668017511,1.0366572693124234,2.8833601711037815,0.42433901286110604,1.4781823847873026,1.836532989552136,0.45707062485880257,0.8294826506528118,2.723285869466892,1.424810847100866,0.4041575698082401,1.2743149075413835,0.845373831193593,1.9107981899394826,0.6829668924706032,0.9299235563287751,0.8771861179099324,0.9944453203411188,1.2744770184588483,1.9628389922020015,1.6956826083908771,1.2224012818687868,1.275891437190983,3.20790795789414,26.42153215904259,1.134634613685714,2.1126368138807163,3.9252169963369106,0.5506298181936672,0.5019024105556834,0.3638190880678515,0.5702497835371506,14.567235633607266,4.261133346008827,1.0215414018140092,0.5117612616720363,3.5338226960059944,0.34456890563050574,15.020836852306575,33.098406055132465,15.543309630045353,3.143342743606305,2.972447745245615,0.5257698897578823,1.8275054611097319,0.7737396317616924,1.3000358120545865,0.8184755276162117,0.6147168430401029,0.7274068957662857,1.31485188680312,1.1120511457891076,1.8738986148558543,0.7933935376184758,0.09136994199695317,19.007077956399826,0.28445644634709244,0.4616168470097996,0.37567485929177913,0.38547144489222196,0.3473417817961494,0.347575331296645,0.48134937044539977,1.6706242465680743,0.41955212621281474,0.3735561669098541,22.9897089709281,0.8750282577362107,1.0294856405102313,0.7446436234007024,0.48037090510605857,0.5409179211729952,0.5526413044450491,1.6104854156421577,0.42129855144961714,0.16665217511634473,1.1249488195390904,0.42581476023412085,4.265827936478751,0.21965458913079006,53.787149800533854,87.90410084553794,8.2217775462809,0.17825435591058542,4.55885074674886,0.4175918086338687,0.027584402595479906,13.46480479866139,0.23749050940570376,0.5119097792224997,15.418588043570209,3.139984130339994,8.165517296360326,0.4890765369243355,4.015161565794395,0.7249841303566396,4.6188847144576775,2.7725954373407222,5.021923236292004,0.16109742128555002,0.13991596054899777,6.167999819202093,4.638267987881312,18.940753992380685,0.8832390827638379,6.541896071167617,1.378075007148502,4.1243627096041795,13.673369438838394,5.555325208931614,1.9102647560971615,1.8387128463924964,2.686261195947696,1.6669490355650194,16.293086455395603,10.159832257982025,20.785201960744136,7.311163956675818,12.048545871003334,15.610725311887371,7.619257513603127,76.75355225805767,30.120273614266527,46.20651290209973,72.28549580796331,18.863834475159152,32.81845462061336
TEST_09+5일,3.4528352222209366,44.88274734414375,4.173041574423285,1.7712329278625534,0.3115293450550423,1.111085611867948,14.911891799949425,2.8285455503945007,1.7070651963288832,0.4916334003332889,0.5516332064900277,0.37557845323500977,0.9994059947005587,3.3375356931113065,17.27270569442261,1.157141654270428,45.79177732080437,0.530390395688618,1.1426785302093183,47.444741779359056,15.672365832011357,0.41881333202747906,0.49462841111194195,0.7491708318208823,12.250647414332944,7.610132448211255,3.9804634893682707,30.25396707726033,10.097109218239487,3.256304053433804,2.3011807087685736,3.2879866291503093,1.834216882545398,1.1149706210647528,0.1074703559847942,2.6450191980617475,24.129411934401315,0.11658056701737061,1.3948393457292212,24.315625113618964,12.62939211246995,1.3992208220296778,4.23013673607353,1.1873917627487465,0.44846412282518794,2.939046058432783,0.37993337228171886,3.501728822447227,0.3028625539277493,2.893748311005543,11.343345680338345,0.7454229211719015,6.622313920268688,0.4408389307360768,1.778366308006618,0.6900970074482371,1.8609329687436573,0.9473822023201878,1.1996993108670528,0.47210887671343005,5.443872393473262,4.818406182865395,9.236362786114302,9.867567505628129,4.896757629304178,2.2195362056464836,0.6402688060464409,1.0427368358180176,3.105563066602293,1.0287635651147626,1.5375223418450321,1.8304111759154376,0.4187916199068692,0.7000829060943291,2.567922462726619,1.524137967481618,0.46929103853924986,1.3164474549452736,0.870581865938158,2.071603427507454,0.6908113692316719,0.8432573885503073,0.894239942673231,0.9713846333274798,1.2753478417025084,1.8540947529910246,1.722218223901269,1.2072455577888885,1.4082411061988178,3.3626600836421234,27.567404581681167,1.2840852768988018,2.5623887224197968,5.007998342975905,0.8373809842168288,0.48636928986104866,0.3300095430808855,0.5279462453550546,15.581686881079023,4.537891939608963,1.0489279830237233,0.5936768483372712,3.908019281457375,0.40643525837881195,11.594377897139564,32.62331541843132,16.40303652690498,3.611955497325343,3.4468172421356758,0.48626592277895736,2.254667106107831,0.8666951728676062,1.1498256978282928,0.903441664149177,0.5508350263078685,0.8089006878799876,1.3790383393933845,1.2074723254881483,2.0518095768355247,0.7344644317078709,0.11690946484368078,16.25593405029779,0.35579179822356677,0.4743790560129072,0.405669832225757,0.3848119763901539,0.3455652279492634,0.360606507166995,0.5098039108258986,1.913095712581876,0.43516723208453906,0.3657836004497722,25.98415429932537,1.1429313586172207,1.3890952473165905,1.1436177959600609,0.6268429292442302,0.7739635398092927,0.7603919860726346,2.160526222153448,0.4673690974225765,0.16096270083606423,1.5436695962700644,0.5848290087233298,4.964706185218035,0.38506415205835576,58.30157328426356,82.60440374780367,9.020850996162656,0.20394104804889926,4.73843460323332,0.4683756956241698,0.029145456755749824,13.681252354767533,0.3074657815073364,0.6638576485418746,15.61763734336989,3.442123618230841,8.758618399076461,0.5664081399235039,5.033768844755768,0.6987907909413819,4.362294345738044,2.9643794909248564,5.232841639161882,0.20809014379062546,0.1553722905776837,5.734307732037005,5.2394343769277,20.7022239692923,0.7132669168358003,7.067783237542396,1.413881281470814,4.165284845199397,13.417724179041281,5.859505022497185,2.04236514481849,1.700110233193018,2.6888669910218574,1.986703539744702,17.21696542351103,9.505724309941437,20.465118189525185,6.825301160287185,11.66496654174526,15.333565920390669,7.146553088105587,78.27670989798581,29.0459632024988,47.497521208900864,72.5625371104248,19.05895245113302,31.72455454898559
TEST_09+6일,4.874652899602076,29.97301866887194,7.685291958909998,3.8981951292266293,0.516816980278412,1.296451661345536,12.269196813994673,3.5659567236574525,2.0708162916979673,0.6885464002802602,0.5003642308009503,0.45153790759750917,1.101805899114841,4.6222558721931675,25.345187134913647,1.6818943861781275,31.355009102243734,0.7061571930510455,1.5504063087597801,30.83476220772655,12.40956450834095,0.4950263608420507,0.5818127238999862,0.6166284897886137,11.762434152604838,7.47832969411642,5.102465742138887,34.619762318371414,10.048912454045414,3.3334586432538553,2.412830233327226,4.376629297771342,1.923228412829685,1.3320041652747758,0.13595247281389564,2.551561445528344,34.776410667243326,0.12987457561645832,1.4061694159210272,30.437531247668716,13.464124258828914,1.3422735803764232,4.047236381317841,1.1584132944633136,0.3689889292575962,2.867256827116564,0.360554471798562,3.2327222049985336,0.3096141084567535,2.804214866148809,11.835063814875369,0.8695094008913663,6.730835330013026,0.42543479312201304,2.207701639454121,0.6817531676986758,1.8126853603371822,1.0101619928245484,1.2221397213530474,0.5141120750283722,8.69233991348519,4.949825702905201,9.82648539632947,10.633269328891997,5.057526184189676,2.4833403604357476,0.6154605160683384,1.1707399501417404,3.314875238508881,0.4276645466536688,1.5449802934714452,1.9282501186422538,0.4510567561185047,0.566291352516748,2.6791172125929106,1.573483402246091,0.40056765718497095,1.3426355940729657,0.9684656558664819,2.3588212404076794,0.7071379093106369,0.9603040843357746,0.8510569016645415,1.0522176964419314,1.2821636353831734,1.77109055740773,1.7368171032582176,1.3450023446295511,1.4336221198835901,3.698436368226157,26.831698418128994,1.275811489377312,3.3586863223536962,7.4870929868349325,1.1153757502066157,0.590058551577404,0.3029462866163186,0.5120513335732947,16.842208661386813,5.155144977202219,1.1786106003841015,0.6734087729018559,4.1760906635452155,0.37442067542173985,24.970139748168908,29.65719339933705,19.57378954271325,3.989278281360503,3.775146138011321,0.5610052912187073,2.593109456764217,0.919827277010713,1.241202606890812,0.9912365223717774,0.6533692348453688,0.8572636168422416,1.3660484830663775,1.2263763592323023,2.1906203011055996,0.9628958684898759,0.1132529573144403,14.214374131310798,0.33220939324231163,0.2940403626699872,0.32136536524652765,0.34833343278607964,0.25140133460420216,0.30134901387087926,0.5474051226733961,1.8731111657463109,0.4188452617422611,0.28591541456605535,23.221514889975477,3.3773621607691364,2.30567496926058,3.5495393006897484,1.2674907436679022,1.0832139257418019,0.9817865389945454,6.146478275691192,0.7743759914399805,0.39158139073582676,3.1379731620479436,1.0695044798484696,7.116653065869871,0.4360499701333696,73.71783557653933,67.41493147544728,10.092106114154836,0.23804752084052833,5.2986146015914,0.5417426278543283,0.03498664889920051,15.961196232185682,0.3663841817875656,0.7291041402744948,17.50478229009342,4.999254642265743,8.870187997484496,0.6200311064688413,8.15298404424658,0.7684707194156263,4.717647893791592,3.3409100652847634,6.009063821978046,0.25678661382298745,0.17277994706630012,7.028476956487436,6.627541175414189,21.435950185622065,0.789970313352126,8.635414309314985,1.892600315172451,4.669924814121234,15.01468516913669,7.637121670673968,2.246718987176677,1.874788592315271,3.2243753664247055,2.3719200115658916,20.83636753846098,10.670181903485688,24.404088447926398,7.8786834425020835,12.877836661745734,16.58354118551689,8.035638420231125,93.73921057846485,29.967935767502908,46.83287283268573,68.17349598779597,18.41040752682365,30.99250239330363
TEST_09+7일,5.742784571051902,18.514007396847795,9.624149615613751,6.803729700937787,1.1499927361609235,1.373939436560925,9.704699891385108,4.265583738322476,2.404173544430061,0.7468955747108366,0.4488872327509449,0.5275346728121565,1.1980894842561602,5.171117631951066,28.340276451980635,2.056930147661947,18.390264745787828,0.7615794478610313,1.8549848268474582,19.090753584171825,9.086273358547768,0.5740997339933331,0.6335146786037662,0.3852883730742003,9.96417046600805,7.316629758582801,4.1433776626306775,24.419042974829708,10.293756530341666,3.5252305871220475,2.533428817470292,4.99942632730226,2.1317583007597,1.15175579513648,0.16979238793166088,2.646604180406029,43.40956580353375,0.14280246314708703,1.52828435100437,33.388106839696306,14.934676753708267,1.3605513572387373,3.9463304183047483,1.3581852132959165,0.3971587846587849,2.7926652417625846,0.382827861808797,3.2444763723887853,0.4066729965299193,2.8103657190204587,12.621341720490586,0.9009383253453148,6.625087520428582,0.481750987843491,2.579768586981508,0.7949471954775483,1.8497021032071645,0.8747419047578778,1.345038933679993,0.570224732892407,11.928342189321809,5.890981005453634,11.34421807130918,11.387619985777674,5.679671715144262,2.6661085212665863,0.8315293194174641,1.2465407627915688,3.374308539538777,0.5162985070656335,1.6039173961684814,2.247156191667058,0.4654612131224055,0.6331713236292226,3.0733223147970423,1.4882221945396488,0.4614668239839121,1.3354381095471863,1.054530057194274,2.4551606935860693,0.7108618292053944,0.8736452139879308,0.9000746850013591,1.2364097805526424,1.33501571553801,2.108728951584351,1.7061675953173343,1.2266810894337332,1.3790354186404667,3.994076926980833,20.36207905410681,1.3235806974903772,4.278943462031254,10.32109281946155,1.0966877002931033,0.7044329282347522,0.3564097019564534,0.5319212122469648,16.798482475342713,5.050537874499154,1.150571130233787,0.7507463288832124,4.5514473806914495,0.41421092528780445,112.45735884778868,16.761050590221675,24.57859233200906,4.109629548452418,4.2351442109806685,0.6104916242356737,2.3087747732610238,1.1479432121283382,1.1332435459258654,0.9896377960072548,0.5022206001955882,0.8235641914371465,1.528530471376034,1.1878746575241441,2.130591868140523,1.1804781317192592,0.13559237517529116,12.064123703458561,0.25139135184191586,0.17670727996244318,0.23671700135861007,0.25091408383150166,0.14843353401059192,0.22234307642624057,0.5587520796198505,1.935633031787462,0.3253236572911773,0.2354748810038101,23.822438767147542,4.770618557704346,2.6432647284557795,5.153801075236377,1.9706085476520898,0.9275211488969131,0.8477874407932573,8.25538359140555,1.020375355594447,0.7073385696059302,4.192551410627482,1.6329040308754386,8.348784080532354,0.4762638947614033,71.78750821310285,49.27112313396542,10.78391355949353,0.27826945066161174,6.224646058573143,0.6055476084842293,0.0414025202930852,18.503127071926087,0.43609401674477727,0.7853612359984476,19.215976901755,7.549336062251928,8.948786508432132,0.6934577059874709,11.70156862393959,0.7934055304908297,5.367711231358664,3.7357265556342485,6.922943025935174,0.30691678876823336,0.18842716119902872,8.373920673144648,8.843264457206644,21.072129531196975,0.8201183392668127,11.049085865290275,2.148364189438686,5.457682928551106,17.191807572990008,10.16484015346784,2.5694110390087515,2.1628201877959192,3.909317265176916,2.943174970362753,24.320297716869415,12.638425180421539,29.668850460495094,9.11099820829086,14.614015177381082,18.36737634469765,9.517212054806096,110.11661066601984,31.57962107343106,47.332536855094624,62.545539649372294,17.04509067614503,33.20111643021309
