영업일자,느티나무 셀프BBQ_1인 수저세트,느티나무 셀프BBQ_BBQ55(단체),"느티나무 셀프BBQ_대여료 30,000원","느티나무 셀프BBQ_대여료 60,000원","느티나무 셀프BBQ_대여료 90,000원","느티나무 셀프BBQ_본삼겹 (단품,실내)",느티나무 셀프BBQ_스프라이트 (단체),느티나무 셀프BBQ_신라면,느티나무 셀프BBQ_쌈야채세트,느티나무 셀프BBQ_쌈장,느티나무 셀프BBQ_육개장 사발면,느티나무 셀프BBQ_일회용 소주컵,느티나무 셀프BBQ_일회용 종이컵,느티나무 셀프BBQ_잔디그늘집 대여료 (12인석),느티나무 셀프BBQ_잔디그늘집 대여료 (6인석),느티나무 셀프BBQ_잔디그늘집 의자 추가,느티나무 셀프BBQ_참이슬 (단체),느티나무 셀프BBQ_친환경 접시 14cm,느티나무 셀프BBQ_친환경 접시 23cm,느티나무 셀프BBQ_카스 병(단체),느티나무 셀프BBQ_콜라 (단체),느티나무 셀프BBQ_햇반,느티나무 셀프BBQ_허브솔트,담하_(단체) 공깃밥,담하_(단체) 생목살 김치전골 2.0,담하_(단체) 은이버섯 갈비탕,담하_(단체) 한우 우거지 국밥,담하_(단체) 황태해장국 3/27까지,담하_(정식) 된장찌개,담하_(정식) 물냉면 ,담하_(정식) 비빔냉면,담하_(후식) 된장찌개,담하_(후식) 물냉면,담하_(후식) 비빔냉면,담하_갑오징어 비빔밥,담하_갱시기,담하_공깃밥,담하_꼬막 비빔밥,담하_느린마을 막걸리,담하_담하 한우 불고기,담하_담하 한우 불고기 정식,담하_더덕 한우 지짐,담하_들깨 양지탕,담하_라면사리,담하_룸 이용료,담하_메밀면 사리,담하_명인안동소주,담하_명태회 비빔냉면,담하_문막 복분자 칵테일,담하_봉평메밀 물냉면,담하_생목살 김치찌개,담하_스프라이트,담하_은이버섯 갈비탕,담하_제로콜라,담하_참이슬,담하_처음처럼,담하_카스,담하_콜라,담하_테라,담하_하동 매실 칵테일,담하_한우 떡갈비 정식,담하_한우 미역국 정식,담하_한우 우거지 국밥,담하_한우 차돌박이 된장찌개,담하_황태해장국,라그로타_AUS (200g),라그로타_G-Charge(3),라그로타_Gls.Sileni,라그로타_Gls.미션 서드,라그로타_Open Food,라그로타_그릴드 비프 샐러드,라그로타_까르보나라,라그로타_모둠 해산물 플래터,라그로타_미션 서드 카베르네 쉬라,라그로타_버섯 크림 리조또,라그로타_빵 추가 (1인),라그로타_스프라이트,라그로타_시저 샐러드 ,라그로타_아메리카노,라그로타_알리오 에 올리오 ,라그로타_양갈비 (4ps),라그로타_자몽리치에이드,라그로타_제로콜라,라그로타_카스,라그로타_콜라,라그로타_하이네켄(생),라그로타_한우 (200g),라그로타_해산물 토마토 리조또,라그로타_해산물 토마토 스튜 파스타,라그로타_해산물 토마토 스파게티,"미라시아_(단체)브런치주중 36,000",미라시아_(오븐) 하와이안 쉬림프 피자,미라시아_(화덕) 불고기 페퍼로니 반반피자,미라시아_BBQ Platter,미라시아_BBQ 고기추가,미라시아_공깃밥,미라시아_글라스와인 (레드),미라시아_레인보우칵테일(알코올),미라시아_미라시아 브런치 (패키지),미라시아_버드와이저(무제한),미라시아_보일링 랍스타 플래터,미라시아_보일링 랍스타 플래터(덜매운맛),미라시아_브런치 2인 패키지 ,미라시아_브런치 4인 패키지 ,미라시아_브런치(대인) 주말,미라시아_브런치(대인) 주중,미라시아_브런치(어린이),미라시아_쉬림프 투움바 파스타,미라시아_스텔라(무제한),미라시아_스프라이트,미라시아_애플망고 에이드,미라시아_얼그레이 하이볼,미라시아_오븐구이 윙과 킬바사소세지,미라시아_유자 하이볼,미라시아_잭 애플 토닉,미라시아_칠리 치즈 프라이,미라시아_코카콜라,미라시아_코카콜라(제로),미라시아_콥 샐러드,미라시아_파스타면 추가(150g),미라시아_핑크레몬에이드,연회장_Cass Beer,연회장_Conference L1,연회장_Conference L2,연회장_Conference L3,연회장_Conference M1,연회장_Conference M8,연회장_Conference M9,연회장_Convention Hall,연회장_Cookie Platter,연회장_Grand Ballroom,연회장_OPUS 2,연회장_Regular Coffee,연회장_골뱅이무침,연회장_공깃밥,연회장_돈목살 김치찌개 (밥포함),연회장_로제 치즈떡볶이,연회장_마라샹궈,연회장_매콤 무뼈닭발&계란찜,연회장_모둠 돈육구이(3인),연회장_삼겹살추가 (200g),연회장_야채추가,연회장_왕갈비치킨,연회장_주먹밥 (2ea),카페테리아_공깃밥(추가),카페테리아_구슬아이스크림,카페테리아_단체식 13000(신),카페테리아_단체식 18000(신),카페테리아_돼지고기 김치찌개,카페테리아_복숭아 아이스티,카페테리아_새우 볶음밥,카페테리아_새우튀김 우동,카페테리아_샷 추가,카페테리아_수제 등심 돈까스,카페테리아_아메리카노(HOT),카페테리아_아메리카노(ICE),카페테리아_약 고추장 돌솥비빔밥,카페테리아_어린이 돈까스,카페테리아_오픈푸드,카페테리아_진사골 설렁탕,카페테리아_짜장면,카페테리아_짜장밥,카페테리아_짬뽕,카페테리아_짬뽕밥,카페테리아_치즈돈까스,카페테리아_카페라떼(HOT),카페테리아_카페라떼(ICE),카페테리아_한상 삼겹구이 정식(2인) 소요시간 약 15~20분,포레스트릿_꼬치어묵,포레스트릿_떡볶이,포레스트릿_복숭아 아이스티,포레스트릿_생수,포레스트릿_스프라이트,포레스트릿_아메리카노(HOT),포레스트릿_아메리카노(ICE),포레스트릿_치즈 핫도그,포레스트릿_카페라떼(HOT),포레스트릿_카페라떼(ICE),포레스트릿_코카콜라,포레스트릿_페스츄리 소시지,화담숲주막_느린마을 막걸리,화담숲주막_단호박 식혜 ,화담숲주막_병천순대,화담숲주막_스프라이트,화담숲주막_참살이 막걸리,화담숲주막_찹쌀식혜,화담숲주막_콜라,화담숲주막_해물파전,화담숲카페_메밀미숫가루,화담숲카페_아메리카노 HOT,화담숲카페_아메리카노 ICE,화담숲카페_카페라떼 ICE,화담숲카페_현미뻥스크림
TEST_00+1일,5.471221923828125,1.6799885034561157,7.160635948181152,4.130181312561035,1.090175747871399,0.166422039270401,3.395540714263916,0.4732721447944641,0.01571469008922577,1.2137560844421387,2.4348182678222656,0.722930908203125,0.17569930851459503,2.026675224304199,13.162049293518066,0.24662993848323822,0.247833251953125,0.16659460961818695,0.3651876449584961,0.0,7.966617584228516,0.8603165745735168,1.281435489654541,0.22089602053165436,2.072221279144287,8.62187385559082,1.0752253532409668,4.301934242248535,6.608160972595215,2.1820454597473145,2.8168976306915283,3.3800976276397705,4.104555130004883,1.778836965560913,3.0026893615722656,0.0,19.32465362548828,0.11702330410480499,1.1656405925750732,23.238059997558594,7.693777561187744,0.3878556191921234,2.6512622833251953,0.0,0.3000733256340027,2.5002543926239014,0.16134850680828094,1.4183481931686401,0.08153100311756134,3.001870632171631,9.703157424926758,0.6186777353286743,4.665597438812256,0.544124186038971,2.0723252296447754,0.04725220799446106,0.7477110028266907,0.37420859932899475,1.3129005432128906,2.145557165145874,4.709230899810791,3.6653683185577393,26.613086700439453,8.076295852661133,8.390357971191406,0.3289467990398407,0.5770739912986755,4.851590156555176,3.500105619430542,0.09912371635437012,0.5896590948104858,1.3738783597946167,0.0,0.3844074010848999,0.8618074655532837,1.5946134328842163,0.2159901261329651,0.4113403558731079,0.7260864973068237,0.29020676016807556,0.6505594849586487,0.5926576852798462,0.19844211637973785,0.08531109243631363,1.1407769918441772,0.9020573496818542,0.3785647749900818,0.7146294713020325,0.7111656665802002,4.193545341491699,2.755789041519165,0.04906955361366272,1.3095287084579468,6.119277477264404,1.4520679712295532,0.042207762598991394,0.3066909909248352,0.17537042498588562,13.585270881652832,8.184989929199219,1.2276767492294312,0.5645478963851929,4.738330364227295,0.10326775908470154,114.4495849609375,0.0,13.890373229980469,0.9993787407875061,3.2663230895996094,2.973515033721924,2.907862901687622,1.9303913116455078,1.5665438175201416,1.467932105064392,0.022859841585159302,0.7389669418334961,0.35674887895584106,0.5162506103515625,0.0889027863740921,0.91306072473526,0.9866458177566528,4.7867255210876465,0.6258234977722168,0.36214637756347656,0.0,0.1267828643321991,0.04913666844367981,0.0,0.15914788842201233,0.0,0.10696521401405334,0.5154370069503784,2.640834331512451,0.0,0.0,0.0,0.1332421898841858,0.0,0.0,0.0,0.12598881125450134,0.0,0.0,0.06681784987449646,6.216062545776367,0.4113383889198303,0.0,0.0,8.342217445373535,0.0,6.215076446533203,0.6111140251159668,0.021559998393058777,15.094255447387695,0.4733642041683197,1.0484552383422852,8.93087387084961,3.137859582901001,13.457109451293945,0.0,7.822644233703613,1.1353404521942139,4.976220607757568,3.7146666049957275,6.682841777801514,0.33202025294303894,0.26139509677886963,3.4502735137939453,6.330498695373535,4.001778602600098,4.846005916595459,6.840764999389648,2.5792415142059326,1.3921986818313599,4.379472255706787,2.6266071796417236,0.3980407416820526,1.900255799293518,3.1662087440490723,1.8427300453186035,19.798030853271484,7.2694993019104,15.377035140991211,4.277780532836914,7.05746603012085,10.10580062866211,5.72878360748291,38.88549041748047,19.069766998291016,3.092193603515625,17.379745483398438,4.0340657234191895,8.20085620880127
TEST_00+2일,3.532972574234009,22.784753799438477,1.5337944030761719,0.0,0.2355278730392456,0.1723424643278122,5.811908721923828,0.354602575302124,0.0,0.0,2.192209482192993,0.4154664874076843,0.6422637701034546,0.33659887313842773,0.0,0.2918408513069153,6.255311965942383,0.0,0.2261696308851242,37.507049560546875,9.334663391113281,0.763704776763916,0.0,0.28178054094314575,3.797785520553589,13.370461463928223,0.0,0.0,5.553908824920654,1.5105259418487549,2.0192205905914307,1.9576252698898315,2.062492847442627,1.2915549278259277,3.364017963409424,0.0,7.913391590118408,0.0,0.355795681476593,10.465633392333984,6.143118858337402,0.3265927731990814,2.32749080657959,0.20167234539985657,0.0,1.443255066871643,0.1257668137550354,1.283897876739502,0.06361623108386993,2.1688179969787598,7.768555164337158,0.10805877298116684,4.104933261871338,0.39191216230392456,0.6915386915206909,0.0792689174413681,0.5467917323112488,0.18275606632232666,1.0562762022018433,0.9981776475906372,1.6887108087539673,2.591978073120117,4.600584030151367,6.697134971618652,4.700325012207031,0.26853522658348083,0.4122399091720581,0.0,0.017013464123010635,0.08324682712554932,0.44022202491760254,0.863642692565918,0.0,0.3650495111942291,0.49281275272369385,0.0,0.09412771463394165,0.3884386718273163,1.784821629524231,0.18820208311080933,0.6144936680793762,0.11360016465187073,0.18120251595973969,0.09636321663856506,0.8502529859542847,0.23742800951004028,0.36003538966178894,0.5438219904899597,0.5108065605163574,0.6025335788726807,8.937110900878906,0.03126818686723709,2.10477614402771,2.1866068840026855,0.8485725522041321,0.013606585562229156,1.108474612236023,0.2927190661430359,13.001794815063477,3.928215265274048,0.7065216302871704,0.3713809847831726,4.498119354248047,0.09928503632545471,0.0,30.537723541259766,9.724518775939941,1.0777018070220947,2.9794037342071533,0.2588855028152466,2.1601648330688477,1.194007158279419,0.5765790343284607,0.7634237408638,0.04646220803260803,0.771994948387146,0.0,0.5305609107017517,0.1405724585056305,0.3873556852340698,0.2922108471393585,4.87022590637207,0.9533599019050598,0.39137327671051025,0.230109304189682,0.2510031461715698,0.5223232507705688,0.056228574365377426,1.038103699684143,0.9691255688667297,0.3048079013824463,0.0866975486278534,3.0838980674743652,0.0,0.0,0.0,0.0,0.0,0.0,0.12433112412691116,0.0,0.0,0.2603899836540222,0.09194910526275635,4.989068508148193,0.0,246.13174438476562,0.5707428455352783,6.429322719573975,0.0,4.9086594581604,0.28835925459861755,0.030093446373939514,10.607954978942871,0.0,0.0,5.664876461029053,2.2807297706604004,6.4606852531433105,0.0,4.740474224090576,1.0313587188720703,3.470181941986084,2.4059598445892334,4.760758399963379,0.0,0.23906297981739044,1.632773756980896,2.273627281188965,1.186476707458496,2.5101795196533203,4.0045928955078125,0.0,0.2519032061100006,1.6856213808059692,0.2605907917022705,0.17060819268226624,0.9257330894470215,2.0966954231262207,0.4642394781112671,8.66169548034668,4.986270904541016,8.812606811523438,2.723757266998291,5.547444820404053,8.185157775878906,3.0829532146453857,25.8171443939209,11.075118064880371,2.7171285152435303,14.387384414672852,3.9066832065582275,3.7163331508636475
TEST_00+3일,3.8413779735565186,36.59546661376953,0.9929513931274414,0.8280164003372192,0.0,0.22240808606147766,8.120133399963379,0.35333356261253357,0.0,0.16458940505981445,3.9997494220733643,0.3717691898345947,1.1207391023635864,1.648406744003296,5.30980920791626,0.2769545316696167,15.122343063354492,0.03131868690252304,0.8501588702201843,60.49422836303711,14.567268371582031,0.5225958824157715,0.48060187697410583,0.0927078053355217,6.4572248458862305,25.423229217529297,1.0979819297790527,46.52371597290039,4.492109775543213,1.235918402671814,1.2338088750839233,1.5249667167663574,1.8145253658294678,1.002345323562622,3.478013753890991,0.0,10.527605056762695,0.0,0.643765389919281,9.548864364624023,5.069950103759766,0.31229522824287415,2.401381731033325,1.14988112449646,0.0,1.2577850818634033,0.20733380317687988,1.645273208618164,0.05466010421514511,1.6601537466049194,7.772959232330322,0.0,3.993651866912842,0.3077601492404938,0.8458210229873657,0.09554828703403473,0.7252814173698425,0.20137424767017365,0.7745361328125,0.9840184450149536,2.837146282196045,1.7685434818267822,5.411051273345947,6.531675338745117,3.3440494537353516,0.2569783627986908,0.35207393765449524,1.636514663696289,0.4848668575286865,0.051952898502349854,0.4382804334163666,0.7033023238182068,0.0,0.2975775897502899,0.5873675346374512,0.024468686431646347,0.4890362024307251,0.2901609539985657,1.1013383865356445,0.1644674688577652,0.7998512387275696,0.11653296649456024,0.03918420523405075,0.20381729304790497,0.778773844242096,0.0,0.3587021231651306,0.7098758220672607,0.35929277539253235,3.5368168354034424,26.212907791137695,0.11502771079540253,0.43505215644836426,1.3326369524002075,0.4914330244064331,0.05866033956408501,1.2481367588043213,0.12457552552223206,15.956645965576172,0.6004452705383301,0.2506909668445587,0.4141383767127991,3.7567567825317383,0.13993623852729797,3.0754199028015137,21.877059936523438,6.4126129150390625,1.697833776473999,2.9760093688964844,0.5088470578193665,1.2415744066238403,1.1313457489013672,0.719140887260437,0.0,0.021671511232852936,0.8682997226715088,0.0,0.6265965104103088,0.07652850449085236,1.6736584901809692,0.009708287194371223,4.283576011657715,0.8068637847900391,1.0133256912231445,1.5018264055252075,0.2552031874656677,0.0,0.17578589916229248,1.4038442373275757,4.465904235839844,0.0,0.6249160170555115,14.132511138916016,0.0,0.0,0.0,0.0,0.0,0.0,0.3578950762748718,0.1275186836719513,0.0,0.0,0.04962599277496338,3.5186564922332764,0.0,303.5399475097656,43.39976119995117,4.584208965301514,0.0,3.353646755218506,0.0,0.020256981253623962,5.170704364776611,0.0,0.0,2.9247941970825195,1.0031330585479736,2.9892807006835938,0.0,1.1665821075439453,1.0176411867141724,1.9408471584320068,1.4153485298156738,3.4303700923919678,0.0,0.10803411900997162,1.0252408981323242,0.0,0.0,0.0,0.5551954507827759,0.0,0.0,0.2825953960418701,0.0,0.23471440374851227,0.349143385887146,0.15849441289901733,0.0,5.491971015930176,3.3943700790405273,3.9305477142333984,1.400998592376709,3.893589496612549,3.9423117637634277,0.9382580518722534,15.101466178894043,8.388425827026367,2.5284085273742676,14.85578441619873,3.4818201065063477,2.8079872131347656
TEST_00+4일,6.5021653175354,28.786951065063477,1.5152698755264282,0.4440475404262543,0.10069745779037476,0.29425734281539917,6.682941913604736,0.4352232813835144,0.3548685908317566,0.6183332204818726,5.474033832550049,0.32890796661376953,1.221338152885437,1.4012559652328491,14.402094841003418,0.9367920160293579,15.700090408325195,0.5237241983413696,1.7340123653411865,18.942216873168945,13.243054389953613,0.49778759479522705,0.6341381072998047,0.2724955379962921,7.664318561553955,51.8604850769043,0.0,17.555152893066406,4.169149398803711,1.2992836236953735,1.0776954889297485,1.4460936784744263,1.96803879737854,1.1405510902404785,3.1640028953552246,0.0,10.644999504089355,0.0,1.1070470809936523,9.824668884277344,4.905397891998291,0.33552810549736023,2.553675413131714,1.8282318115234375,0.23089955747127533,0.9204308986663818,0.23692810535430908,2.32779598236084,0.08536912500858307,1.7668907642364502,8.77352237701416,0.04744785651564598,4.486949920654297,0.26667389273643494,0.4226175546646118,0.26379141211509705,0.7771052122116089,0.21066291630268097,0.3613952398300171,0.5518994331359863,2.029271125793457,1.9920923709869385,4.401533126831055,7.541800022125244,3.9983937740325928,0.32969236373901367,0.363603413105011,0.8251014947891235,2.3995535373687744,0.10196864604949951,0.6230852007865906,0.9597427845001221,0.0,0.27651867270469666,0.7334832549095154,0.21811343729496002,0.40691012144088745,0.37405234575271606,3.19120192527771,0.3149225115776062,0.9753541946411133,0.0,0.0851854681968689,0.3875129818916321,0.7509090900421143,0.28841322660446167,0.368884801864624,1.0011875629425049,0.29600539803504944,5.28440523147583,31.327980041503906,0.22181524336338043,0.7567765712738037,1.4628422260284424,0.6104422807693481,0.06734763085842133,0.3115740418434143,0.0,17.80923843383789,0.33181238174438477,0.3702321946620941,0.46340319514274597,3.7599148750305176,0.10608702898025513,5.294684886932373,34.81150817871094,7.152909278869629,2.1921582221984863,3.4488935470581055,0.47605839371681213,2.3796331882476807,1.1662003993988037,0.5296468734741211,0.020922809839248657,0.039909277111291885,0.8236038684844971,0.0,0.7588082551956177,0.15213556587696075,1.5966672897338867,0.18380051851272583,3.2620046138763428,1.1797441244125366,2.1910526752471924,0.8648775815963745,0.028283076360821724,0.4095712900161743,0.8373379111289978,0.9915280938148499,5.045813083648682,0.06106715649366379,1.116341471672058,44.067718505859375,0.0,0.0,0.0,0.0,0.01688539981842041,0.0,0.3605184555053711,0.0,0.025066807866096497,0.010568822734057903,0.283232718706131,3.4391703605651855,0.0,149.9176788330078,96.23252868652344,4.162006855010986,0.0,3.113898515701294,0.0,0.022487036883831024,3.799638032913208,0.0,0.0,3.3879969120025635,0.6410889625549316,0.0,0.0,1.0694738626480103,0.9440234899520874,1.5010424852371216,1.2840851545333862,3.2008399963378906,0.08839797973632812,0.0,1.3941686153411865,0.0,0.0,0.0,0.07893392443656921,0.0,0.0,0.3659955561161041,0.0,0.37123027443885803,0.44595393538475037,0.0,0.0,5.511571407318115,3.179727077484131,3.3204236030578613,1.2290546894073486,2.7397613525390625,3.2428839206695557,1.0019930601119995,12.534689903259277,10.60743522644043,2.7090957164764404,17.352596282958984,3.5487873554229736,2.277944803237915
TEST_00+5일,16.290531158447266,18.43419647216797,2.071669578552246,0.0,0.37519311904907227,0.3966795802116394,9.083515167236328,1.183537483215332,0.7747253179550171,1.7453255653381348,1.0675632953643799,0.30619388818740845,1.5170207023620605,2.4441871643066406,14.2528715133667,0.9338099956512451,12.889450073242188,1.0073494911193848,1.8893401622772217,29.900733947753906,8.461414337158203,1.0216585397720337,0.9060652256011963,0.20481014251708984,7.107333183288574,22.7827205657959,0.004549920558929443,29.257326126098633,4.973389625549316,1.3652890920639038,1.3673990964889526,2.557432174682617,1.6796526908874512,1.0834541320800781,3.2226548194885254,0.0,13.844655990600586,0.0,1.1453286409378052,13.57837963104248,5.505982398986816,0.48732247948646545,3.2258050441741943,2.5000951290130615,0.48458123207092285,1.6849244832992554,0.16966727375984192,3.8520052433013916,0.0924973338842392,2.7044684886932373,10.419981002807617,0.0209061149507761,5.319622993469238,0.18072670698165894,0.8079372644424438,0.30825740098953247,0.881051242351532,0.3925366997718811,0.32550570368766785,0.5339742302894592,3.31740140914917,2.5280303955078125,7.281278610229492,9.24341869354248,8.695889472961426,0.31315964460372925,1.1311309337615967,0.9806727766990662,3.7595529556274414,0.13622939586639404,0.8525891304016113,1.374343752861023,0.0,0.304424524307251,0.7484771013259888,0.7597329616546631,0.0,0.3464406132698059,7.801241874694824,0.39558953046798706,1.025728464126587,0.0,0.1981121152639389,0.48266875743865967,0.8566964864730835,1.4183934926986694,0.3933274745941162,1.0117932558059692,0.38081610202789307,6.471473693847656,9.993077278137207,0.3424394130706787,0.5696229934692383,4.5654802322387695,0.8128103613853455,0.04499759525060654,0.9979355335235596,0.10748928785324097,19.972623825073242,4.304131031036377,0.9709146618843079,0.6995581388473511,4.7879109382629395,0.1390310823917389,0.0,54.2913818359375,6.253880977630615,2.3331096172332764,3.544494152069092,0.6134213805198669,1.6308412551879883,1.4730987548828125,0.7788844108581543,0.35487568378448486,0.06459395587444305,0.9586714506149292,0.5189706087112427,0.9975267052650452,0.1257302463054657,1.199378252029419,0.4861662685871124,3.535536527633667,1.133265495300293,1.533478021621704,1.5150848627090454,0.006531927734613419,1.0940711498260498,1.034822940826416,0.26206228137016296,17.45337677001953,1.0677335262298584,1.494002103805542,25.444379806518555,0.04621635004878044,0.006066657602787018,0.03739500045776367,0.15246930718421936,0.005364110693335533,0.0,0.4474281370639801,1.4659689664840698,0.0664646178483963,0.0,0.018236219882965088,3.1552469730377197,0.0,248.3560028076172,142.7493438720703,5.4600911140441895,0.0,4.681889057159424,0.0,0.001948423683643341,7.137354850769043,0.0951332375407219,0.0,6.720188617706299,1.396343469619751,1.9088138341903687,0.0,3.281327247619629,1.086760401725769,2.3916265964508057,2.193223476409912,4.876352787017822,0.0,0.0,3.3709094524383545,0.0,0.0,1.0403945446014404,1.0010075569152832,0.0,0.0,3.9708099365234375,0.0,0.014692582190036774,0.46807610988616943,0.15984688699245453,0.0,9.334572792053223,2.9580516815185547,3.811495542526245,2.0498719215393066,2.2220256328582764,4.863563060760498,1.4201220273971558,14.127416610717773,13.347390174865723,4.050808906555176,19.657371520996094,3.9628751277923584,2.5917298793792725
TEST_00+6일,9.845809936523438,5.263373374938965,12.271974563598633,0.6903144717216492,0.5699270367622375,0.5394271612167358,6.249320030212402,1.0980693101882935,1.9414907693862915,2.859159231185913,0.0,0.3655383288860321,2.4809162616729736,13.474915504455566,20.400190353393555,0.9210461378097534,3.5826544761657715,1.6497305631637573,1.5810381174087524,12.191452980041504,0.20061421394348145,0.6682928800582886,0.8705977201461792,0.29501938819885254,5.085963249206543,15.188155174255371,9.373262405395508,86.31183624267578,6.218127250671387,1.6682294607162476,1.6375443935394287,10.778383255004883,1.2548067569732666,1.436743140220642,2.9837143421173096,0.0,34.07691192626953,0.043669670820236206,1.1453287601470947,22.35820770263672,7.923877716064453,0.5618771314620972,4.008647441864014,1.982426404953003,0.5678755640983582,3.0738372802734375,0.41429147124290466,8.354118347167969,0.12506595253944397,4.893154144287109,14.358122825622559,0.0,6.61904764175415,0.2422063648700714,0.9773683547973633,0.5425662398338318,1.1266658306121826,0.6399512887001038,0.45508208870887756,0.9858558177947998,14.099407196044922,3.3155601024627686,9.524893760681152,10.311310768127441,17.247194290161133,0.3906151056289673,1.1797826290130615,0.0,5.8657708168029785,0.2542547881603241,1.102642297744751,1.7072811126708984,0.0,0.34209883213043213,0.9657529592514038,0.9691727757453918,1.6170690059661865,0.43294280767440796,1.798232913017273,0.4563513398170471,1.3553650379180908,2.1489758491516113,0.39855873584747314,0.426570862531662,1.0673125982284546,1.3240280151367188,0.4454821050167084,1.3566570281982422,0.610057532787323,6.843076229095459,83.88888549804688,0.32395580410957336,1.7992196083068848,20.261226654052734,1.689724087715149,0.0445120595395565,1.82437264919281,0.19179806113243103,21.51818084716797,4.349668502807617,1.0866711139678955,0.9784900546073914,7.11970853805542,0.14791429042816162,0.9543914198875427,55.78190231323242,7.418763160705566,3.1454408168792725,4.201694965362549,0.6626074910163879,6.085408687591553,1.2945563793182373,2.5026917457580566,0.4323464035987854,0.055000707507133484,1.2764892578125,1.2130663394927979,1.201004981994629,0.16770264506340027,2.5965750217437744,1.4067856073379517,1.381641149520874,0.22143232822418213,0.02528691291809082,0.6795404553413391,0.07637868821620941,0.2120457887649536,1.0125856399536133,0.0,6.204550266265869,0.5582311153411865,1.1593258380889893,2.0791664123535156,3.531052589416504,0.020479870960116386,2.300261974334717,1.146262764930725,0.0,1.518499732017517,7.2859063148498535,3.6739282608032227,0.08537120372056961,2.3562657833099365,0.16106659173965454,4.524049282073975,0.0,347.0791015625,146.93658447265625,8.211725234985352,0.0,7.072726726531982,0.31420207023620605,0.0,12.163955688476562,0.026354799047112465,0.0,11.766423225402832,3.412346124649048,1.435957670211792,0.0,7.359378814697266,1.2514162063598633,3.999871253967285,3.4794209003448486,6.836905479431152,0.0,0.13011230528354645,7.068094730377197,0.0,0.7520239353179932,3.586900234222412,6.223872184753418,2.17075777053833,0.04241707921028137,6.421658992767334,1.1687570810317993,0.42113548517227173,1.1083866357803345,2.157862901687622,0.4111357033252716,17.708393096923828,3.940749406814575,7.195425987243652,2.463749885559082,3.372492551803589,8.061079025268555,2.8934497833251953,30.180557250976562,18.247011184692383,5.045098781585693,24.812950134277344,4.420183181762695,6.874868869781494
TEST_00+7일,11.301480293273926,0.0,15.768280982971191,7.957796573638916,0.9702779054641724,0.5540081858634949,0.0,1.6953266859054565,3.3136000633239746,1.2110621929168701,0.4178157150745392,0.6216199398040771,1.8072913885116577,10.769332885742188,35.42083740234375,1.0288159847259521,0.0,2.0023062229156494,1.8315839767456055,0.0,0.0,2.643620491027832,1.423192024230957,0.09840065985918045,0.0,5.52679443359375,3.7147982120513916,7.675668239593506,7.44101619720459,2.678769826889038,2.185654401779175,3.2428078651428223,1.8836760520935059,1.8543274402618408,3.006324052810669,0.0,41.718772888183594,0.06161579489707947,4.026767253875732,39.34009552001953,10.952420234680176,0.5995488166809082,4.289956092834473,0.6144927740097046,0.4878365695476532,2.6825664043426514,0.6218010187149048,5.453009605407715,0.14684049785137177,6.4995880126953125,15.731562614440918,0.2524450719356537,7.451412677764893,0.3512413799762726,2.701077461242676,0.7391543388366699,1.1724845170974731,0.9086964130401611,0.5961541533470154,3.7877185344696045,16.795854568481445,4.457780838012695,18.0604190826416,9.696571350097656,17.841699600219727,0.5047837495803833,0.2414841651916504,1.1416800022125244,6.406254768371582,0.06333485245704651,1.0914815664291382,1.796695590019226,0.0,0.20267321169376373,1.5745060443878174,1.3207287788391113,3.456019639968872,0.7424682974815369,0.7530055642127991,0.47319716215133667,1.2113313674926758,1.7366691827774048,0.4413042962551117,0.7421654462814331,1.4471856355667114,4.306340217590332,0.4220607280731201,1.7486271858215332,0.8952100276947021,7.88167142868042,0.0,0.21814320981502533,9.529995918273926,18.477413177490234,2.2019476890563965,0.04807943478226662,3.7239887714385986,0.6739450693130493,23.14619255065918,7.467601299285889,2.043220043182373,1.0837889909744263,9.608480453491211,0.20348143577575684,92.750244140625,1.744161605834961,12.432146072387695,4.3209919929504395,5.922637462615967,3.33797550201416,5.023338317871094,1.2760376930236816,3.188525676727295,0.14833474159240723,0.050078801810741425,1.3343042135238647,2.115455389022827,1.6188724040985107,0.15669268369674683,1.2362399101257324,1.668861985206604,0.0,0.0,0.0,0.0827425867319107,0.2182714194059372,0.024032600224018097,0.21170032024383545,0.0,3.6218721866607666,0.0,0.0,0.0,4.474573135375977,0.11559776216745377,5.310601711273193,3.2296056747436523,0.0,1.7411729097366333,6.842226028442383,1.8995835781097412,0.10323449224233627,7.1673688888549805,2.2659835815429688,7.166820526123047,0.8417067527770996,120.04724884033203,83.41472625732422,11.194320678710938,0.0,8.836933135986328,0.6003352999687195,0.0007844790816307068,15.607773780822754,0.6843289136886597,0.31892454624176025,16.5434513092041,5.207353591918945,0.0,0.0,10.654653549194336,1.3488370180130005,5.720658302307129,4.135639190673828,8.363139152526855,0.926440954208374,0.21077872812747955,7.220179557800293,6.219110012054443,4.81800651550293,6.723642826080322,9.770957946777344,3.0011441707611084,0.955230712890625,9.996378898620605,3.333559989929199,0.40136605501174927,2.1106045246124268,2.384458065032959,1.9340591430664062,25.76527976989746,6.477392196655273,15.979103088378906,3.2143006324768066,6.6148152351379395,13.242691040039062,3.9603111743927,49.76632308959961,23.221261978149414,4.66124963760376,27.954389572143555,4.619313716888428,10.447667121887207
TEST_01+1일,19.761070251464844,17.521026611328125,12.26499080657959,2.4739115238189697,0.3705260157585144,0.1719581037759781,1.188995361328125,4.351602554321289,1.789693832397461,1.7567479610443115,0.0,1.0006136894226074,2.4534263610839844,9.835870742797852,20.758169174194336,1.62638521194458,0.0,0.08527252078056335,7.738717555999756,5.231522083282471,0.5004863142967224,3.677356481552124,1.0849180221557617,0.4512147605419159,0.0,0.44008344411849976,2.9825809001922607,0.0,4.983140468597412,3.4733352661132812,4.6276445388793945,1.7615954875946045,2.664067506790161,1.2851738929748535,3.0923075675964355,0.0,31.990585327148438,0.0,0.9187487959861755,18.42536163330078,12.760367393493652,0.34147292375564575,2.477275848388672,0.8168131709098816,0.2500867545604706,1.8968151807785034,0.315326452255249,4.047551155090332,0.06869563460350037,6.705582618713379,10.371858596801758,0.3935093879699707,3.6639811992645264,0.30999448895454407,3.135050058364868,0.686814546585083,0.43333110213279724,0.6540443897247314,1.6394644975662231,1.3472349643707275,12.32321834564209,25.235233306884766,13.833319664001465,8.732135772705078,7.242058753967285,0.30268484354019165,0.3953021466732025,1.338444709777832,4.45121955871582,0.14468133449554443,0.6300272941589355,0.12391824275255203,0.01791338436305523,0.15703164041042328,0.7796746492385864,13.015149116516113,0.8428373336791992,0.20458866655826569,0.9068740606307983,0.7801876068115234,1.4149911403656006,0.7018409967422485,0.05831294506788254,0.4743102192878723,2.1575162410736084,4.094213485717773,0.38700929284095764,0.7600611448287964,0.36364609003067017,7.4554948806762695,2.250709056854248,0.1497602015733719,2.1943752765655518,10.9808931350708,0.8949007987976074,0.03546725958585739,0.21639284491539001,0.52207350730896,23.8201847076416,7.597188949584961,0.8553157448768616,1.1172370910644531,9.78682804107666,0.7014074325561523,147.35757446289062,4.147778511047363,26.040407180786133,4.235087871551514,7.431937217712402,0.0,1.3404799699783325,0.10270842909812927,1.973649024963379,2.165205240249634,0.0,0.6082285046577454,4.161017417907715,2.8320016860961914,0.288875550031662,2.2505083084106445,0.6061999201774597,2.584660291671753,0.13820424675941467,0.11899769306182861,0.02848213165998459,0.570111870765686,0.09709416329860687,0.0,0.0,0.06373609602451324,0.9390536546707153,0.0,0.0,0.7287168502807617,1.899369478225708,2.2227258682250977,0.8750700354576111,0.0,0.33429422974586487,3.653073787689209,1.3198387622833252,0.0,2.8767991065979004,0.12953633069992065,9.200332641601562,0.16941389441490173,10.49952507019043,0.0,10.562499046325684,0.0,7.627534866333008,0.1379680633544922,0.0,20.954200744628906,0.27959388494491577,0.4354739487171173,16.158740997314453,7.882494926452637,4.497407913208008,0.0,10.02538013458252,0.5945807695388794,5.894378185272217,4.494060516357422,8.039219856262207,0.10079047083854675,0.1624695509672165,5.692058563232422,3.6725714206695557,1.0700979232788086,7.151956558227539,12.290102005004883,1.9411070346832275,0.762096107006073,21.274431228637695,1.9300124645233154,0.4602336883544922,3.5294549465179443,5.2908430099487305,1.0974395275115967,18.02276611328125,6.9063334465026855,20.556005477905273,8.315500259399414,18.302114486694336,15.686517715454102,12.600810050964355,60.460350036621094,45.83646774291992,4.302281856536865,32.839542388916016,5.510919570922852,13.708256721496582
TEST_01+2일,4.840819835662842,19.147228240966797,3.649041175842285,0.5016277432441711,0.1694999486207962,0.0,3.163435935974121,0.9305269718170166,2.438964605331421,0.5908037424087524,0.0,0.7794415354728699,1.459709644317627,0.0,5.4615559577941895,0.17234420776367188,6.285611629486084,0.13918420672416687,2.725123405456543,11.320775032043457,1.5233405828475952,2.5792489051818848,0.14092057943344116,0.5899763703346252,0.0,5.612136363983154,0.0,0.0,4.477583885192871,2.347158193588257,3.1789698600769043,1.2621104717254639,1.7805017232894897,0.801783561706543,3.298185348510742,0.0,15.236137390136719,0.0,0.4102366268634796,11.211613655090332,11.767073631286621,0.2734784483909607,1.1764612197875977,0.9588120579719543,0.2250758856534958,1.0445635318756104,0.4604611396789551,2.2506418228149414,0.05749861150979996,5.615713596343994,8.155691146850586,0.25338611006736755,2.808189630508423,0.3332810401916504,0.11447379738092422,0.741305947303772,0.2474188208580017,0.484842985868454,1.310723900794983,1.0816274881362915,5.192045211791992,5.695653915405273,10.309906005859375,6.566774368286133,8.607112884521484,0.2158178836107254,0.29646027088165283,0.0,0.7591671943664551,0.09079307317733765,0.22991210222244263,0.0,0.0,0.25422632694244385,0.6651543974876404,0.0,0.6526809930801392,0.22305536270141602,0.5455880165100098,0.42365607619285583,0.9094881415367126,0.7522873282432556,0.11344302445650101,0.2004733383655548,0.84344083070755,0.7953181862831116,0.35754770040512085,0.5380611419677734,0.23443011939525604,1.3219060897827148,13.69578742980957,0.06995165348052979,1.9697575569152832,6.101963043212891,0.43462979793548584,0.011949948966503143,0.19773536920547485,0.49550849199295044,20.297292709350586,8.104618072509766,2.2263741493225098,0.2683669328689575,8.480175018310547,0.6573902368545532,0.0,27.25029182434082,18.21149253845215,2.438431978225708,0.10480449348688126,0.7738580703735352,0.6523953676223755,0.4213225245475769,0.6880382299423218,0.0,0.01941501349210739,0.4613044559955597,0.19005978107452393,4.520174503326416,0.3057021200656891,0.46842432022094727,0.6375800371170044,4.3790459632873535,0.34010523557662964,0.18074095249176025,0.09628736227750778,1.1174426078796387,0.6580393314361572,0.13511905074119568,0.7152933478355408,0.8289975523948669,0.9644250869750977,0.10332804173231125,0.0,0.835105299949646,0.8177611827850342,0.9277857542037964,0.501106858253479,0.0,0.4626721739768982,1.5542614459991455,0.1445196568965912,0.03046533465385437,0.0,0.39408427476882935,7.093205451965332,0.0,29.240802764892578,3.8170735836029053,8.083807945251465,0.0,5.682490348815918,0.024895891547203064,0.0,14.822057723999023,0.0,0.0,12.311747550964355,5.551132678985596,3.2461555004119873,0.0,7.097264289855957,0.47728925943374634,4.455666542053223,2.988975763320923,5.753726005554199,0.0,0.16424593329429626,3.1208648681640625,2.555995225906372,0.0,4.648695945739746,7.9106950759887695,0.0,0.10571636259555817,10.234169006347656,0.0,0.0,0.48893991112709045,2.907928705215454,0.0,5.36086893081665,4.2759809494018555,11.675046920776367,1.604976773262024,12.312738418579102,4.995028972625732,6.396384239196777,35.79280090332031,15.986379623413086,3.427729606628418,11.047647476196289,2.7974233627319336,3.424142360687256
TEST_01+3일,3.7174863815307617,23.77667808532715,5.2982497215271,0.675762414932251,0.4793761968612671,1.0424764156341553,3.5159912109375,1.517385721206665,0.9918532371520996,0.5306557416915894,0.056312195956707,0.6204173564910889,0.39375579357147217,0.0,7.44306755065918,0.4764106869697571,9.223814964294434,0.0,1.5151647329330444,14.787818908691406,3.0966367721557617,1.7625924348831177,0.6142765879631042,0.4208701550960541,0.0,9.082777976989746,0.0,0.0,3.880992889404297,0.9219164848327637,2.1260104179382324,1.2947890758514404,1.5813697576522827,0.6418342590332031,3.3923470973968506,0.0,11.689446449279785,0.0,0.44310227036476135,8.44177532196045,8.973474502563477,0.2823052406311035,1.0077506303787231,0.8716791272163391,0.2686597406864166,0.8989467620849609,0.0,2.027393102645874,0.06027653440833092,4.825205326080322,6.884718894958496,0.025497324764728546,2.240227460861206,0.14133089780807495,0.684237539768219,0.6693188548088074,0.21731816232204437,0.5143334269523621,1.1426055431365967,0.8839758634567261,3.632899045944214,2.402758836746216,8.052412033081055,5.328474998474121,8.239801406860352,0.25677692890167236,0.22218486666679382,0.015867501497268677,1.5319297313690186,0.05831964313983917,0.4019987881183624,0.0,0.022997576743364334,0.0,0.8281389474868774,1.4378160238265991,0.5483112335205078,0.13811378180980682,0.5893888473510742,0.48872488737106323,0.8730150461196899,0.801405668258667,0.094730444252491,0.26450806856155396,0.28194355964660645,0.2201223075389862,0.35167837142944336,0.8319631218910217,0.12161676585674286,3.116427421569824,22.2525634765625,0.28817370533943176,1.9660542011260986,4.997339248657227,0.19691865146160126,0.05321590229868889,0.14980804920196533,0.2990622818470001,19.790861129760742,5.2489399909973145,2.754117488861084,0.39863255620002747,6.270157337188721,0.6254295706748962,1.7515922784805298,12.491106033325195,9.420038223266602,2.6129515171051025,1.4305510520935059,2.160055637359619,0.79048752784729,0.3637368977069855,0.5845154523849487,0.5136281251907349,0.0,0.6620475053787231,1.4001340866088867,2.282747507095337,0.25604447722435,0.7455673813819885,0.6033349633216858,17.60538673400879,0.24640437960624695,0.2693161964416504,0.0,1.023710012435913,1.1522009372711182,1.1111795902252197,1.1688462495803833,2.0200014114379883,1.1230418682098389,0.1626925766468048,2.957797050476074,0.5517714023590088,0.4820730686187744,0.0,0.2970389425754547,0.0,0.3931550979614258,0.5693194270133972,0.0,0.21815000474452972,0.0,0.3436856269836426,5.263672351837158,0.0,143.87103271484375,39.455806732177734,5.144290447235107,0.0,3.8174960613250732,0.0,0.0,8.65532112121582,0.0,0.0,8.475847244262695,3.184880495071411,1.7868648767471313,0.0,2.689924716949463,0.40734997391700745,2.9437835216522217,1.7151588201522827,4.441506385803223,0.0,0.05063430592417717,4.781606197357178,0.0,0.0,1.6532801389694214,4.3513898849487305,0.0,0.0,2.8409180641174316,0.0,0.20456959307193756,0.0,0.8919129967689514,0.0,2.959084987640381,3.0943126678466797,7.540275573730469,0.0,7.899458408355713,5.003661155700684,4.747084140777588,22.954687118530273,12.437427520751953,3.36334228515625,13.224224090576172,2.679532289505005,4.121675491333008
TEST_01+4일,3.242868185043335,23.883455276489258,3.169434070587158,1.3903743028640747,0.057235732674598694,0.28990301489830017,3.3413147926330566,0.0,0.0,0.43519139289855957,0.3655626177787781,0.5643344521522522,0.0,0.0,2.512864589691162,0.0,13.933403015136719,0.0,0.4960184097290039,19.243215560913086,4.558687686920166,1.3983315229415894,0.5255550146102905,0.5446445345878601,0.0,14.419240951538086,0.0,55.72962951660156,3.6161792278289795,0.7754907011985779,1.4446673393249512,1.555668592453003,1.3584288358688354,0.7078173160552979,3.0819406509399414,0.0,12.816658973693848,0.0,0.6663162708282471,9.182608604431152,7.694382667541504,0.25224658846855164,1.238761067390442,1.0699623823165894,0.34912586212158203,0.4547636806964874,0.04738503694534302,2.297834873199463,0.11011719703674316,4.719943523406982,7.171945095062256,0.04067352041602135,2.769778251647949,0.0921829342842102,0.050006166100502014,0.7113527059555054,0.1375049501657486,0.5483872890472412,0.866847574710846,0.3889269232749939,2.5807318687438965,2.336724281311035,6.19950532913208,5.964255332946777,7.18419885635376,0.35194021463394165,0.29593273997306824,1.969261646270752,1.5591660737991333,0.08163094520568848,0.9811539649963379,0.07043489813804626,0.1022280752658844,0.0,0.8575859069824219,6.3007636070251465,0.3114347755908966,0.14851820468902588,0.5235497355461121,1.2902716398239136,1.0006253719329834,0.9126664400100708,0.20208394527435303,0.37038272619247437,0.323387086391449,1.1489273309707642,0.3210354447364807,1.0781536102294922,0.007477577775716782,2.6334142684936523,9.703080177307129,0.5431311130523682,0.7357522249221802,4.012475490570068,0.19199341535568237,0.06031282991170883,0.056971341371536255,0.09344038367271423,19.367046356201172,3.2293121814727783,0.7891876101493835,0.22550684213638306,5.240590572357178,0.5630759000778198,5.853304386138916,24.095983505249023,10.399324417114258,1.1131075620651245,1.6454278230667114,1.6220698356628418,0.8686814308166504,0.12010227888822556,0.6308332085609436,2.009345054626465,0.06824703514575958,0.4140593409538269,0.6686575412750244,1.2016823291778564,0.29189586639404297,0.7977294921875,0.6031255722045898,56.07704544067383,0.14954690635204315,0.35212278366088867,0.14321359992027283,1.13474440574646,0.8608980178833008,0.9085206985473633,0.898581326007843,0.9556393027305603,1.2712658643722534,0.3978838622570038,5.261781692504883,0.5707168579101562,0.11539609730243683,0.0,0.10171622037887573,0.07644659280776978,0.010175663977861404,0.0,0.4088222086429596,0.14629773795604706,0.0,0.06932604312896729,3.7610912322998047,0.0,12.106486320495605,67.31034088134766,3.714121103286743,0.0,3.1351072788238525,0.0,0.0,6.733850479125977,0.0,0.0,7.7228102684021,2.218919515609741,2.915260076522827,0.0,1.8439186811447144,0.4447179138660431,2.383493185043335,1.5732991695404053,3.860156297683716,0.0,0.03638257086277008,2.970792293548584,0.0,0.0,1.3293042182922363,2.4243218898773193,0.0,0.0,1.7991526126861572,0.0,0.0,0.49903661012649536,0.06278014928102493,0.0,2.715852975845337,2.927729606628418,6.963844299316406,0.0,6.846254825592041,3.656344413757324,4.116641521453857,25.60115623474121,13.906648635864258,4.030940532684326,16.181245803833008,2.713083505630493,1.0627083778381348
TEST_01+5일,6.864662170410156,23.13551902770996,2.767472982406616,0.6935805082321167,0.03402283042669296,2.6923961639404297,4.6491193771362305,0.0,0.13858413696289062,0.8800071477890015,0.4963989853858948,0.48074692487716675,1.6326849460601807,1.1605466604232788,10.127195358276367,0.9910666942596436,24.93756866455078,0.0,0.6991745829582214,23.46462059020996,6.9436516761779785,2.02856707572937,0.3431265950202942,0.5149867534637451,0.0,23.92021942138672,0.0,29.314809799194336,3.8925423622131348,0.8426846861839294,0.7895819544792175,1.2269912958145142,1.6488697528839111,0.8225439190864563,3.0250797271728516,0.0,13.433836936950684,0.0,0.556718647480011,12.771041870117188,8.133837699890137,0.3573145866394043,1.9076085090637207,2.075976610183716,0.4644143879413605,0.2903316617012024,2.8996541500091553,2.910552978515625,0.09079157561063766,4.584516525268555,8.26942253112793,0.105095773935318,3.353180408477783,0.0,0.23681534826755524,0.8945222496986389,0.13115505874156952,0.6000669598579407,0.06112576648592949,0.9657207727432251,2.450352907180786,0.0,4.702147006988525,7.729483127593994,7.134243488311768,0.3626072108745575,0.4656868577003479,0.9530512690544128,0.8935987949371338,0.09939342737197876,1.7678632736206055,0.15978452563285828,0.16090244054794312,0.0,1.0748587846755981,4.976053237915039,0.0676039606332779,0.15631140768527985,0.18048372864723206,1.5469443798065186,1.240703821182251,1.2118651866912842,0.24771860241889954,0.5487290024757385,0.5951571464538574,1.7962833642959595,0.3142911195755005,1.096590518951416,0.026536474004387856,1.3559603691101074,22.59511947631836,0.858258843421936,0.6440205574035645,4.315326690673828,0.40511468052864075,0.0477088987827301,0.13477525115013123,0.2350510060787201,20.06181526184082,1.8405559062957764,0.713372528553009,0.02759292908012867,5.324559211730957,0.49745631217956543,0.0,37.042659759521484,7.7903337478637695,1.3990988731384277,1.8488237857818604,0.581597089767456,0.9045773148536682,0.19226789474487305,0.8267543315887451,0.9098448753356934,0.04895380884408951,0.04239138960838318,0.0,0.5539438128471375,0.2969743609428406,0.958816647529602,0.6781342625617981,63.465065002441406,0.16043636202812195,0.43891239166259766,1.060409665107727,1.2376514673233032,1.2500207424163818,0.9777765274047852,1.2608600854873657,5.000552177429199,1.4924547672271729,1.1951696872711182,3.5050301551818848,0.710377037525177,0.06570205837488174,0.0,0.10674453526735306,0.09844733774662018,0.0,0.0,0.0,0.0,0.2809727191925049,0.17474490404129028,3.7403714656829834,0.0,153.19578552246094,77.07121276855469,4.347080707550049,0.0,4.082767486572266,0.0,0.0,9.079269409179688,0.0,0.0,9.727039337158203,2.6034817695617676,4.509071350097656,0.0,3.2443735599517822,0.3807228207588196,2.824233055114746,2.1647021770477295,4.217605113983154,0.0,0.0117200817912817,2.6223983764648438,0.0,0.0,3.751150131225586,3.228715419769287,0.0,0.0,4.2647528648376465,0.0,0.0,0.48500508069992065,1.172509789466858,0.0,8.910554885864258,3.3525848388671875,8.714677810668945,3.169934034347534,9.183198928833008,6.701144695281982,6.743732452392578,32.86935806274414,12.095354080200195,5.538512229919434,18.09623146057129,4.796725273132324,1.2490928173065186
TEST_01+6일,20.272348403930664,17.901517868041992,3.1753711700439453,2.395617961883545,0.0,0.4983607530593872,0.24290220439434052,0.0,1.4282891750335693,2.158402681350708,0.7025204300880432,0.41891151666641235,2.0228099822998047,2.95111346244812,37.369380950927734,1.4742035865783691,21.653493881225586,0.7667762041091919,3.986182451248169,21.345958709716797,3.807067632675171,1.5659648180007935,0.0,0.44488754868507385,0.0,18.693613052368164,0.7825688123703003,125.0599136352539,4.771108150482178,0.9939131736755371,1.485947608947754,3.11110782623291,3.4332923889160156,1.097388505935669,2.715345621109009,0.0,25.059492111206055,0.11486166715621948,0.0,30.39188003540039,10.28166675567627,0.4099387526512146,2.826328754425049,2.146484136581421,0.5080966353416443,3.452310562133789,1.0861961841583252,4.524507999420166,0.15382790565490723,4.9082489013671875,10.289022445678711,0.28466570377349854,3.7205371856689453,0.0,0.9217793941497803,1.097302794456482,0.1644211858510971,0.5462731122970581,6.198614597320557,3.2978715896606445,7.174891471862793,1.8108716011047363,4.538546562194824,9.29564380645752,7.513955116271973,0.46205511689186096,1.382067084312439,0.9364158511161804,0.40994617342948914,0.2080109715461731,2.486816644668579,0.16519026458263397,0.3801332712173462,0.5760244131088257,1.5424742698669434,6.098928451538086,0.11168774217367172,0.1544046252965927,0.3342934250831604,1.4957053661346436,2.383636951446533,1.4281293153762817,0.4538242518901825,0.519830584526062,0.7056808471679688,3.077345371246338,0.32192960381507874,1.4716007709503174,0.13380391895771027,3.1391055583953857,25.23287010192871,0.6418110728263855,0.8690345287322998,7.05183219909668,0.6060317158699036,0.04800816997885704,0.22569099068641663,0.0,20.68317222595215,7.408623695373535,0.5452020168304443,0.47974374890327454,6.501723766326904,0.46254289150238037,0.0,39.189674377441406,7.89190149307251,3.5304911136627197,3.83601713180542,0.0,2.8237040042877197,1.1471567153930664,1.9746861457824707,3.385409116744995,0.02501850575208664,0.5464448928833008,0.0,0.5584789514541626,0.3062398135662079,0.2980138063430786,0.7874540090560913,15.260425567626953,0.24614426493644714,0.4335557222366333,0.7965766191482544,0.557931661605835,0.4577767848968506,1.192514181137085,1.058539867401123,3.808468818664551,0.4203673005104065,0.3242863416671753,2.560573101043701,3.454831838607788,1.5458413362503052,1.8308918476104736,2.4900479316711426,0.05209363251924515,0.3020813763141632,7.269496440887451,1.5093653202056885,0.5090274810791016,1.8947278261184692,0.2260625809431076,5.569326877593994,0.0,183.43141174316406,68.38729095458984,6.674702167510986,0.0,5.777624130249023,0.2676659822463989,0.01993417739868164,13.728796005249023,0.0,0.0,12.420302391052246,4.6377973556518555,2.4828574657440186,0.0,6.656479358673096,0.4192325174808502,3.831733226776123,3.310990810394287,5.226892471313477,0.0,0.07849353551864624,12.093302726745605,0.0,1.9791840314865112,5.665221691131592,7.158012390136719,1.6614164113998413,0.0,8.035177230834961,0.890508234500885,0.0,1.445775032043457,3.3144068717956543,0.19922025501728058,20.468524932861328,6.816201686859131,18.658313751220703,11.670652389526367,18.108213424682617,17.503780364990234,13.192914962768555,68.88581848144531,24.69426727294922,6.743581295013428,40.656280517578125,9.397176742553711,11.613495826721191
TEST_01+7일,8.452571868896484,10.182036399841309,11.029026985168457,7.471218109130859,3.8539600372314453,3.712090015411377,0.0,16.7539005279541,6.170057773590088,0.9453369975090027,0.8846520185470581,0.2418241649866104,2.5556912422180176,2.5882821083068848,48.121498107910156,2.068977117538452,1.5427268743515015,0.6101465821266174,3.1986794471740723,15.682119369506836,2.106293201446533,2.2015600204467773,0.9897366762161255,0.24001915752887726,0.0,9.558526039123535,1.3795528411865234,83.19171905517578,5.6171088218688965,2.2955498695373535,3.6448593139648438,5.86586332321167,5.236641883850098,1.4989051818847656,2.7641520500183105,0.0,42.6646842956543,0.19342008233070374,3.1623878479003906,46.829803466796875,13.259241104125977,0.5273472666740417,3.349114418029785,4.2374725341796875,0.5336142182350159,3.9069342613220215,0.06371492147445679,5.482966899871826,0.13805629312992096,5.709864139556885,10.58302116394043,0.42647480964660645,3.876857280731201,0.36724773049354553,1.0699542760849,0.7512303590774536,0.4858819246292114,0.6562038660049438,2.8435494899749756,0.9982927441596985,13.539448738098145,1.7058701515197754,6.955054759979248,9.232943534851074,10.277942657470703,0.5422165393829346,1.1999472379684448,1.5942490100860596,2.867304563522339,0.06314828991889954,2.0497610569000244,0.2312917709350586,0.9630199670791626,1.067712426185608,2.3017401695251465,4.658707618713379,0.04951437562704086,0.3664497435092926,0.22179335355758667,1.3912768363952637,2.3747823238372803,1.283156156539917,0.441838800907135,0.6850547194480896,0.568671703338623,8.941508293151855,0.3033624589443207,1.766499638557434,0.322909414768219,6.320925712585449,3.7805888652801514,0.7370702028274536,5.972161769866943,16.46082878112793,0.16256827116012573,0.07404418289661407,0.08634534478187561,0.6682284474372864,20.105356216430664,16.214609146118164,1.967332124710083,0.8922913670539856,7.728883743286133,0.417627215385437,113.03302001953125,2.945363759994507,11.47719669342041,10.43460750579834,6.420402526855469,5.710397243499756,3.7242016792297363,4.366266250610352,2.295969009399414,2.2514004707336426,0.2761695384979248,2.0594279766082764,4.3069329261779785,2.5237271785736084,0.4598138630390167,0.8155608773231506,0.8301990032196045,0.0,0.0,0.35832440853118896,0.064186230301857,0.29895246028900146,0.7341522574424744,0.02980886399745941,0.11844876408576965,0.0,0.0,0.0,4.934953212738037,4.890005588531494,3.613751173019409,5.30399751663208,3.7231640815734863,0.271426796913147,1.7708754539489746,7.666383743286133,2.8387653827667236,1.2058420181274414,3.5533623695373535,0.33123350143432617,7.278779029846191,0.30894678831100464,3.231400728225708,36.718170166015625,8.974979400634766,0.0,7.131605625152588,0.4040544629096985,0.045205965638160706,17.241758346557617,0.4689674377441406,0.0,14.919507026672363,7.411352157592773,0.0,0.0,9.598733901977539,0.48691028356552124,5.0191192626953125,3.5530757904052734,6.267756462097168,0.5788355469703674,0.11006443202495575,14.508543014526367,3.7236249446868896,4.005886077880859,8.069695472717285,10.47311019897461,2.466569662094116,0.9700981378555298,17.01378059387207,3.327697277069092,0.0,4.647858142852783,2.900970935821533,1.6677730083465576,30.410219192504883,13.120380401611328,34.207149505615234,18.479646682739258,27.8064022064209,34.82395935058594,17.342248916625977,91.11695098876953,42.48799133300781,6.3512163162231445,59.93960189819336,13.11264705657959,26.759384155273438
TEST_02+1일,4.6776862144470215,0.0,0.7367563247680664,1.8025482892990112,0.0,0.3269079625606537,2.4125380516052246,3.6991376876831055,3.0306756496429443,1.154106616973877,4.807689189910889,1.0082883834838867,0.98712158203125,20.7869930267334,16.462366104125977,0.8584949374198914,38.84912872314453,0.26998648047447205,0.6966099143028259,0.0,6.652766227722168,10.361698150634766,0.2935258448123932,0.3384799361228943,11.158098220825195,4.393033504486084,3.2386624813079834,3.0438036918640137,8.053258895874023,3.257995367050171,2.907378911972046,2.4455628395080566,1.5738697052001953,1.923039436340332,2.3031692504882812,0.2744811773300171,16.98400115966797,2.2922821044921875,0.46741291880607605,18.5866641998291,8.372079849243164,0.9796538949012756,0.7687561511993408,0.5898079872131348,0.48681625723838806,1.293060541152954,0.0,3.2450454235076904,0.4538688659667969,1.6246758699417114,4.073019981384277,0.28902360796928406,3.4250059127807617,0.12881475687026978,2.284287691116333,0.0,1.3791112899780273,0.37998250126838684,0.6995052695274353,0.5376694202423096,5.915511608123779,17.268592834472656,15.237336158752441,7.455082416534424,16.14961051940918,0.4856504201889038,0.5959512591362,0.2732812166213989,2.012322425842285,0.35347938537597656,2.1174683570861816,0.07927175611257553,0.36294612288475037,0.3220246136188507,0.4748789072036743,5.557229518890381,0.11888355016708374,1.6974852085113525,0.666655421257019,3.485276222229004,1.8199471235275269,1.0466228723526,0.31937021017074585,0.6014052629470825,0.257269948720932,1.7354130744934082,0.24797150492668152,1.7664438486099243,0.508133053779602,2.441235065460205,1.2927610874176025,0.847227931022644,0.0,2.226107358932495,0.9826469421386719,0.049110837280750275,0.28247928619384766,0.7608873844146729,16.501012802124023,2.420416831970215,0.8641748428344727,0.4392770528793335,6.106744766235352,0.3190919756889343,193.6394805908203,0.8466176986694336,52.85746383666992,1.0042076110839844,1.7023236751556396,0.0,1.6332594156265259,0.7178874015808105,1.1557563543319702,0.0,0.24356916546821594,1.233093023300171,0.0,1.1242514848709106,0.17257344722747803,0.3648560047149658,1.1770555973052979,0.003465116024017334,0.0,0.05063152313232422,0.0,0.012489356100559235,0.0,0.2538529634475708,0.4079141616821289,0.22263143956661224,0.24405601620674133,0.0,20.982080459594727,0.0,0.0,0.1582389771938324,0.15609651803970337,0.27446186542510986,0.004508592188358307,0.0,0.0,0.20009462535381317,0.0,0.0,14.035224914550781,0.8125523328781128,0.0,44.24845504760742,12.578214645385742,0.0,8.075125694274902,0.8338221311569214,0.0,26.431949615478516,0.16795112192630768,0.8218883872032166,22.38536834716797,8.56657600402832,0.0,0.0,15.534162521362305,1.087284803390503,9.740094184875488,6.007833957672119,16.6260929107666,0.0,0.3146626055240631,5.452278137207031,13.682320594787598,7.827158451080322,11.642065048217773,14.803445816040039,3.2947800159454346,5.593425273895264,49.856971740722656,20.868112564086914,1.2925426959991455,8.540824890136719,4.586253643035889,3.9886040687561035,27.01423454284668,34.11212158203125,37.46065139770508,6.933985710144043,0.0,25.78264808654785,32.596710205078125,134.7086639404297,58.917449951171875,10.133299827575684,77.89568328857422,1.4838950634002686,26.978668212890625
TEST_02+2일,1.8038537502288818,0.12089788913726807,0.0,0.0,0.0,0.014479435980319977,4.609123706817627,0.0,0.0,0.3033205270767212,0.0,0.134781152009964,0.278049111366272,4.512147426605225,0.0168302021920681,0.27356815338134766,0.0,0.0090721994638443,0.479526162147522,0.0,5.0019426345825195,0.5102229118347168,0.5685237050056458,0.3662344217300415,8.278739929199219,2.2553036212921143,0.7870304584503174,6.082046031951904,2.4461820125579834,1.1465795040130615,2.6452977657318115,0.6039013862609863,1.336574912071228,1.4384726285934448,2.4022598266601562,0.18658116459846497,5.955565452575684,1.0068583488464355,0.0,9.26347827911377,4.108928680419922,1.0015126466751099,0.0,0.4777316749095917,0.22211459279060364,0.7724928855895996,0.04157654941082001,1.3937476873397827,0.22156648337841034,0.6923216581344604,1.6983420848846436,0.1177879273891449,1.1989514827728271,0.08637447655200958,0.6760404706001282,0.005507469177246094,1.4022934436798096,0.4066660404205322,0.7450984120368958,0.2668832242488861,0.9476364850997925,3.69191312789917,4.8867573738098145,4.9717793464660645,8.507427215576172,0.49171146750450134,0.1734614074230194,1.08197021484375,0.5278686285018921,0.20656049251556396,0.7298893332481384,0.0,0.0,0.26978862285614014,0.5449626445770264,0.0,0.11181922256946564,1.687211513519287,0.4751955568790436,1.882731556892395,1.1082402467727661,0.6679649353027344,0.19188150763511658,0.4322856068611145,0.1499883234500885,2.0264055728912354,0.21484529972076416,0.0,0.35493597388267517,0.0,21.68705177307129,0.5981594920158386,0.0,0.9141756892204285,0.55246901512146,0.029989369213581085,0.30712610483169556,0.289489209651947,14.92596435546875,0.4313822388648987,0.49898120760917664,0.1357569694519043,5.635466575622559,0.3541260063648224,0.0,56.41450500488281,9.774541854858398,1.5107898712158203,1.5158460140228271,0.0,1.3019018173217773,0.31939512491226196,0.9505581855773926,0.0,0.6365162134170532,1.1787934303283691,0.0,0.3348242938518524,0.24264012277126312,0.0,0.23130813241004944,6.723803520202637,0.0,0.014020085334777832,0.0,0.0,0.03937504068017006,0.1960466504096985,0.7439969778060913,0.22985459864139557,1.017184853553772,0.6735399961471558,0.0,0.0,0.0,0.04335562884807587,0.0,0.0,0.0,0.0,0.0,0.06663905829191208,0.0,0.0,8.694348335266113,0.0,9.90007495880127,54.54749298095703,9.6237211227417,0.0,6.747647285461426,0.669246256351471,0.0,14.401260375976562,0.0,0.0,11.369058609008789,4.791559219360352,0.0,0.0,7.186230182647705,0.9844363927841187,4.089745044708252,3.2203924655914307,7.61624813079834,0.0,0.26793035864830017,0.4325530230998993,3.4395129680633545,2.4693169593811035,8.508256912231445,7.590676307678223,0.3842770457267761,1.2947211265563965,21.57916831970215,9.697904586791992,2.311418056488037,2.053159475326538,3.289436101913452,1.1995924711227417,17.883373260498047,0.0,0.0,0.0,0.0,0.0,0.0,20.619678497314453,35.944488525390625,9.768836975097656,39.133766174316406,3.3978328704833984,0.0
TEST_02+3일,0.6288846731185913,8.13830852508545,1.8270004987716675,0.7201783061027527,0.12561199069023132,0.4215773940086365,2.45524001121521,0.0,0.5323835611343384,0.0,0.2918034493923187,0.5918392539024353,0.5669819116592407,0.0,12.952707290649414,0.0,0.0,0.0,0.9937434196472168,13.80263614654541,0.0669996365904808,1.8037863969802856,0.704979658126831,0.10286371409893036,12.327895164489746,1.399773359298706,0.970588207244873,29.146141052246094,2.446753978729248,1.7508105039596558,2.6535284519195557,0.0,1.1730155944824219,0.9587774872779846,2.2107574939727783,0.1319238543510437,9.01734447479248,0.0,0.0,10.356499671936035,3.620288848876953,1.0702191591262817,0.21680867671966553,0.7111985087394714,0.0,0.4689285457134247,0.15398351848125458,0.7212937474250793,0.1555498242378235,0.0,2.77689266204834,0.054242584854364395,1.7547390460968018,0.16020196676254272,0.5679305791854858,0.3948627710342407,1.4487446546554565,0.4365134835243225,0.9225500822067261,0.19713175296783447,2.219099521636963,2.2947723865509033,0.4470883905887604,4.586305141448975,0.0,0.5779680013656616,0.6014857888221741,1.0766277313232422,1.9171183109283447,0.25419875979423523,0.36118727922439575,0.0,0.34630513191223145,0.216956228017807,0.7512328624725342,5.928069591522217,0.11024113744497299,1.667389154434204,0.4261454939842224,1.7250924110412598,0.9566140174865723,0.7214597463607788,0.35954150557518005,0.3467116355895996,0.03497926890850067,0.8407260775566101,0.18770749866962433,1.21230149269104,0.20550128817558289,0.7418085336685181,49.32749938964844,1.018412470817566,1.008681297302246,0.0,0.028955494984984398,0.09147178381681442,0.2952378988265991,0.031462907791137695,18.47220802307129,3.6719870567321777,0.2719119191169739,0.22115549445152283,4.04217004776001,0.3839620351791382,0.0,30.486431121826172,0.0,0.8993780612945557,1.5512832403182983,0.0,1.4454830884933472,0.21723255515098572,0.8438428044319153,0.0,0.7091114521026611,0.9817340970039368,0.0,0.07710669934749603,0.20315977931022644,0.22516779601573944,0.0,8.707623481750488,0.8370092511177063,0.04945361614227295,0.19818125665187836,0.0,0.08838847279548645,0.0,0.4773772358894348,1.4037116765975952,1.186625599861145,1.7451924085617065,189.51792907714844,0.1014065369963646,0.0,0.09728580713272095,0.0,0.06451252847909927,0.0,0.5843718647956848,0.0,0.06466470658779144,0.11266860365867615,0.7683019638061523,5.347949028015137,0.0,26.306739807128906,83.95724487304688,6.55552339553833,0.0,5.210029125213623,0.0,0.0026648417115211487,3.2361443042755127,0.0,0.0,5.399085998535156,1.1192940473556519,7.041772365570068,0.0,0.0,0.9721235632896423,0.0,1.683358073234558,1.8652610778808594,0.0,0.12444500625133514,0.4428977370262146,0.0,0.0,4.286586284637451,1.85779869556427,0.0,0.0,10.777745246887207,0.0,2.3848977088928223,0.0,1.1604760885238647,0.0,21.042865753173828,19.0455265045166,11.871864318847656,0.0,8.386018753051758,4.221547603607178,3.0952064990997314,45.236576080322266,30.264842987060547,11.46387767791748,50.585479736328125,7.473199844360352,14.887545585632324
TEST_02+4일,5.98899507522583,23.21245765686035,1.284321904182434,0.5612787008285522,1.6936166286468506,1.3227921724319458,0.0,0.0,2.667086362838745,0.0,0.0,0.5123253464698792,0.8126336932182312,0.0,17.08429718017578,0.0,0.6067385673522949,0.026253756135702133,2.106590509414673,0.0,0.0,9.332242012023926,0.5704706907272339,0.2649044990539551,0.31159907579421997,1.1523429155349731,3.344163656234741,36.814064025878906,6.025681495666504,2.4455418586730957,0.0,0.0,1.0103373527526855,0.9087880253791809,2.5919430255889893,0.15964435040950775,7.909511566162109,1.6213927268981934,0.8605099320411682,6.284557819366455,3.6599931716918945,0.7277642488479614,0.2586371600627899,0.7335261702537537,0.22518391907215118,0.0,0.4215979278087616,1.5779873132705688,0.1409911811351776,0.7573529481887817,4.8078789710998535,0.0,3.934312105178833,0.15947553515434265,1.2532012462615967,0.6065308451652527,1.2602660655975342,0.451668381690979,0.839034914970398,0.21027183532714844,2.228231191635132,0.4753130078315735,0.30619773268699646,7.044724464416504,1.5560760498046875,0.7082262635231018,0.5078558921813965,1.4637393951416016,2.331674575805664,0.2249300479888916,0.4688069224357605,0.0009947456419467926,0.4474426507949829,0.2915680706501007,0.7753276824951172,7.34566593170166,0.2252294421195984,1.6046414375305176,0.4470670223236084,0.7564122676849365,0.9469699859619141,0.970655620098114,0.38159704208374023,0.40707311034202576,0.13578759133815765,0.8155025243759155,0.13459128141403198,2.0926239490509033,0.15607835352420807,0.8093971610069275,26.74883460998535,1.356015920639038,2.3390121459960938,1.8907240629196167,0.5399338603019714,0.10441083461046219,0.21898317337036133,0.1886902153491974,21.15407943725586,3.0272836685180664,0.5437215566635132,0.2962595820426941,4.011397361755371,0.3573223948478699,18.02253532409668,38.10176467895508,1.185666561126709,1.4844142198562622,1.2365483045578003,0.10535071790218353,1.4639616012573242,0.15171311795711517,0.9769923090934753,0.2395043820142746,0.3172038197517395,0.5988905429840088,0.0,0.26930466294288635,0.2611430585384369,2.5828535556793213,0.1459299921989441,3.1929514408111572,0.8132434487342834,0.04743051528930664,0.4000903069972992,0.0,0.0,0.8965120911598206,0.20006424188613892,0.8440827131271362,0.3066789209842682,0.504433274269104,60.641849517822266,0.9963858723640442,0.6914164423942566,0.2506459057331085,0.0,0.0822790339589119,0.10866671800613403,1.6471272706985474,0.8008401989936829,0.09842289984226227,0.48324063420295715,0.14512789249420166,4.3929362297058105,0.0,18.266311645507812,103.50988006591797,4.634730339050293,0.0,5.435054779052734,0.17479157447814941,0.0,0.12636804580688477,0.0,0.0,9.126056671142578,0.3714141547679901,7.343447685241699,0.0,0.0,0.8304592370986938,0.0,1.6883662939071655,0.4355529248714447,0.0,0.0,2.1294360160827637,0.0,0.0,2.975274085998535,1.560278296470642,0.0,0.0,6.942952632904053,0.0,3.1884775161743164,1.0732696056365967,0.7570203542709351,0.0,22.551843643188477,15.142680168151855,9.67329216003418,0.0,14.750761032104492,16.34491729736328,5.872097492218018,39.154815673828125,35.2593994140625,16.282865524291992,50.643638610839844,3.5726702213287354,16.176769256591797
TEST_02+5일,9.789640426635742,34.30138397216797,9.915409088134766,0.0,1.6896878480911255,0.5294317603111267,0.0,0.3150899112224579,2.4219393730163574,0.0,3.764275550842285,1.610587477684021,1.0364322662353516,1.0636839866638184,20.444725036621094,0.0,0.0,0.4121007025241852,2.855620861053467,2.8108322620391846,0.0,6.351295471191406,0.2904582619667053,0.17461811006069183,0.0,0.4344463348388672,0.0,101.45332336425781,11.341897010803223,1.7212753295898438,2.9441208839416504,2.630788564682007,0.9938942193984985,0.7391395568847656,2.1989800930023193,0.16547563672065735,17.445158004760742,6.004039764404297,1.4672865867614746,38.02958679199219,15.648992538452148,1.28145170211792,1.0032365322113037,0.734158456325531,1.4084527492523193,2.6563010215759277,0.46046528220176697,2.0446765422821045,0.06364741921424866,1.6394991874694824,7.468954563140869,0.0,6.001204013824463,0.2135067880153656,1.741295576095581,0.39411461353302,1.609536051750183,0.5357402563095093,0.6979764699935913,0.25246113538742065,2.9923698902130127,6.283580303192139,1.7537767887115479,10.856379508972168,1.5062522888183594,0.6928999423980713,0.17109456658363342,0.2109043002128601,1.5040332078933716,0.20796656608581543,1.0900893211364746,0.04202374070882797,0.6912881135940552,0.4008397161960602,1.2334423065185547,4.053745746612549,0.28990232944488525,1.7291409969329834,0.28944993019104004,1.2416279315948486,1.1394720077514648,0.9929490685462952,0.6706891059875488,0.47224268317222595,0.45431041717529297,0.7699930667877197,0.11607587337493896,1.0671885013580322,0.2592131495475769,2.198352813720703,0.0,1.9055554866790771,4.53169584274292,19.70444679260254,0.629582941532135,0.0948755070567131,0.1444251835346222,0.15850451588630676,24.97874641418457,6.937953948974609,0.88221675157547,0.5112954378128052,4.914145469665527,0.3730185925960541,80.15345764160156,22.7955379486084,13.7429780960083,1.5589226484298706,1.8058934211730957,0.5320690870285034,1.8623064756393433,3.690843105316162,1.2796244621276855,0.5978243350982666,2.1630172729492188,0.38665467500686646,0.008442588150501251,0.7995367646217346,0.2609550356864929,1.2658571004867554,2.0498788356781006,4.320220947265625,0.0,0.050064682960510254,0.26521119475364685,0.0,0.2441345751285553,0.0,1.060094952583313,0.0,0.0,0.10800087451934814,0.0,1.081193447113037,1.9131367206573486,0.856242835521698,0.2753898799419403,0.08182615041732788,1.9313181638717651,0.9758208990097046,0.35331839323043823,0.29426419734954834,0.6548377871513367,1.3188745975494385,4.435026168823242,0.0,22.02398681640625,72.67748260498047,6.273292541503906,0.0,7.2158660888671875,0.3721868395805359,0.0,6.079914093017578,0.0,0.0,17.257238388061523,1.9621508121490479,0.0,0.0,2.394822835922241,0.9767053723335266,1.3727636337280273,3.415715217590332,1.765503168106079,0.0,0.0,6.125293731689453,0.0,0.0,5.667663097381592,2.6391024589538574,0.8103526830673218,2.6021130084991455,8.41815185546875,1.2570737600326538,5.021684169769287,2.6622142791748047,2.5247974395751953,0.0,71.45013427734375,15.99489688873291,65.15960693359375,20.049121856689453,47.35267639160156,35.13352584838867,25.7615966796875,104.21580505371094,37.3363151550293,20.945016860961914,45.520538330078125,15.958691596984863,33.63899612426758
TEST_02+6일,10.180370330810547,31.00696563720703,13.233846664428711,0.0011149905622005463,1.7166988849639893,4.299177169799805,0.0,5.920870780944824,4.703848838806152,0.7245293855667114,4.828673839569092,0.3907168507575989,0.7432228326797485,4.535834789276123,39.671695709228516,2.903330087661743,0.0,0.9999832510948181,8.302706718444824,10.667016983032227,0.0,16.9359130859375,1.7036408185958862,0.3103679120540619,0.0,0.008078793063759804,37.81576156616211,88.16453552246094,16.756519317626953,3.2917604446411133,18.91947364807129,6.133968830108643,1.3550151586532593,1.23224937915802,2.0948729515075684,0.22395730018615723,70.23963165283203,9.576656341552734,2.23433256149292,54.2501220703125,36.38080596923828,2.58933162689209,2.1570751667022705,0.8195563554763794,1.9616953134536743,7.424215793609619,0.3292241096496582,11.688689231872559,0.08443576097488403,3.5967838764190674,12.996148109436035,0.957720160484314,8.07005786895752,0.3525446653366089,2.7960376739501953,1.3258447647094727,1.8148733377456665,0.6333605051040649,0.6482585668563843,0.29716870188713074,12.445199012756348,22.041793823242188,4.023755073547363,13.988049507141113,3.3655285835266113,0.8581199049949646,0.6042401194572449,1.2832860946655273,2.9217529296875,0.28195783495903015,1.9840075969696045,0.06740391254425049,0.8033748865127563,0.5911235213279724,1.952462911605835,8.922264099121094,0.43670397996902466,1.7575932741165161,0.7083543539047241,3.9512953758239746,2.2487118244171143,1.3525140285491943,0.5568559169769287,0.44161659479141235,0.5484364032745361,2.352419137954712,0.13269461691379547,3.185590982437134,0.4976630210876465,5.1888203620910645,8.043266296386719,2.032500743865967,8.050881385803223,20.744976043701172,1.3563450574874878,0.10447604954242706,0.08594121038913727,1.099280595779419,26.998592376708984,35.39869689941406,1.3399027585983276,1.0114771127700806,7.486403942108154,0.39980852603912354,175.69866943359375,19.804182052612305,21.11656951904297,7.244912624359131,3.1820857524871826,1.4004567861557007,4.131684303283691,6.453370094299316,1.369041919708252,1.027858853340149,3.1014626026153564,0.40530818700790405,0.1013663113117218,0.808751106262207,0.29268351197242737,2.778017520904541,4.3580322265625,5.265153884887695,0.0,0.07370638847351074,0.0,0.0,0.14078694581985474,0.03132110834121704,0.8152686357498169,0.0,0.10536126792430878,0.0,0.0,1.9355549812316895,3.111764907836914,4.587100505828857,0.5310754179954529,2.205557346343994,0.6057889461517334,9.441493034362793,1.6751317977905273,0.6621507406234741,8.00743293762207,5.91867733001709,12.213717460632324,0.0,38.04265213012695,16.584632873535156,10.738781929016113,0.0,9.904675483703613,0.5612106323242188,0.05553366243839264,18.607257843017578,0.0,0.0,32.03470993041992,6.326725006103516,0.0,0.0,10.578202247619629,1.1655020713806152,6.687919616699219,5.744400501251221,8.639726638793945,0.0,0.0,13.220218658447266,9.185030937194824,7.4571685791015625,9.048176765441895,10.987177848815918,4.038539886474609,8.028072357177734,13.124829292297363,11.01140308380127,6.1580810546875,3.2173900604248047,4.97165060043335,1.84120512008667,112.08843994140625,42.81313705444336,118.12277221679688,63.202232360839844,104.52156829833984,72.71141815185547,68.8547134399414,271.416259765625,48.745121002197266,23.219242095947266,81.78324890136719,40.82638168334961,69.29441833496094
TEST_02+7일,22.691816329956055,17.890670776367188,15.670858383178711,9.135848045349121,0.7719013690948486,6.278597354888916,0.0,16.22711944580078,10.740423202514648,2.56184720993042,1.8613852262496948,2.0049262046813965,1.3783906698226929,4.304043292999268,54.560768127441406,6.290035247802734,0.0,1.071929931640625,2.2551076412200928,23.836435317993164,0.0,11.924643516540527,3.662696599960327,0.13052622973918915,25.8361759185791,0.0,3.6978352069854736,18.105457305908203,18.3238525390625,8.728078842163086,16.44902801513672,3.6371097564697266,2.0598247051239014,1.9519976377487183,2.23215389251709,0.2624537944793701,73.90579223632812,8.908939361572266,8.12559986114502,21.448402404785156,41.71322250366211,3.2900846004486084,3.053190231323242,0.2659298777580261,1.5983266830444336,4.579155921936035,0.19072042405605316,12.295042037963867,0.08403825759887695,7.5199384689331055,14.925603866577148,2.1706271171569824,9.330713272094727,0.5683776140213013,4.260018825531006,1.6984058618545532,1.1385985612869263,0.6108140349388123,0.7151504158973694,0.368848979473114,17.89993667602539,19.129179000854492,5.710995197296143,13.776808738708496,9.992608070373535,0.9932241439819336,0.3817085027694702,3.1541271209716797,7.401316165924072,0.2393445372581482,1.9260042905807495,0.14133034646511078,0.5957074165344238,0.4373285472393036,2.658449649810791,13.4385986328125,0.509981632232666,2.1652841567993164,0.4597793221473694,5.857742786407471,2.1820318698883057,1.5607045888900757,1.153625726699829,0.7185991406440735,0.6627510786056519,4.581745624542236,0.14328692853450775,6.816162109375,0.7950209379196167,8.002792358398438,13.45422649383545,2.2998337745666504,5.557384967803955,9.734439849853516,5.335423946380615,0.13498523831367493,0.16593778133392334,2.2777140140533447,28.401622772216797,12.451363563537598,1.7195419073104858,1.5482107400894165,9.835691452026367,0.43509161472320557,358.04388427734375,0.0,36.36928939819336,5.875799655914307,3.142681360244751,2.3298702239990234,4.153560638427734,2.860576868057251,1.365891933441162,1.6655994653701782,0.7820369005203247,0.7539839744567871,0.27868378162384033,1.387863039970398,0.4041416049003601,1.309249997138977,3.2406539916992188,5.419575214385986,0.08666901290416718,0.0,0.029393982142210007,0.0251019150018692,0.0,0.0016033798456192017,0.030631162226200104,0.0,0.0,0.0,17.730770111083984,4.247857570648193,2.972748041152954,5.2360429763793945,3.3080644607543945,2.6069862842559814,4.800083160400391,15.869257926940918,3.9474387168884277,0.8161594867706299,5.77447509765625,1.2333364486694336,21.781238555908203,0.0,21.309410095214844,0.0,15.314641952514648,0.0,11.744314193725586,1.2114521265029907,0.08756622672080994,29.293928146362305,0.681113064289093,0.0,42.28537368774414,11.803703308105469,11.273207664489746,0.0,20.48833465576172,1.2593034505844116,13.333559036254883,7.716708183288574,16.076629638671875,0.5079551935195923,0.0,11.959031105041504,20.626428604125977,17.816234588623047,12.751757621765137,19.630970001220703,5.344228267669678,11.461586952209473,46.89132308959961,28.189237594604492,6.803567886352539,12.81755256652832,8.307796478271484,6.877985954284668,150.1937255859375,73.29783630371094,161.46734619140625,85.3287353515625,119.88253021240234,146.44309997558594,98.38070678710938,437.03192138671875,64.72254943847656,24.920808792114258,129.83615112304688,51.60541534423828,132.71047973632812
TEST_03+1일,28.822904586791992,0.0,11.683120727539062,3.5309503078460693,2.892618179321289,1.102888822555542,4.528177261352539,2.3713154792785645,11.661041259765625,0.3767696022987366,0.5291163325309753,1.26924729347229,1.716965913772583,1.550233244895935,35.52252197265625,0.7551198601722717,21.463764190673828,2.832392930984497,2.576724052429199,0.0,0.0,0.7942521572113037,1.5442167520523071,0.7621737718582153,29.080169677734375,6.566801071166992,0.0,0.0,46.725135803222656,4.987893104553223,5.6606855392456055,9.16799545288086,4.2887444496154785,1.3310511112213135,2.247999429702759,0.3604045510292053,114.6612777709961,15.646108627319336,2.9033608436584473,71.31352233886719,68.01387786865234,1.7046246528625488,6.197276592254639,0.689314603805542,0.48828554153442383,5.71506404876709,0.5144056081771851,6.668094635009766,0.2816566526889801,2.8233160972595215,20.06003761291504,1.8468213081359863,13.710140228271484,0.949693500995636,8.509418487548828,1.2654099464416504,2.8522231578826904,1.1347928047180176,2.119947671890259,0.05700117349624634,14.555416107177734,27.311378479003906,35.027626037597656,18.92661476135254,24.263032913208008,0.6935009360313416,0.9963430166244507,5.610583782196045,1.2720324993133545,0.0,3.1849119663238525,0.054578203707933426,0.35695257782936096,1.8983073234558105,2.0216705799102783,1.4248770475387573,0.7589946389198303,4.009101867675781,2.5193984508514404,4.1697611808776855,2.1024370193481445,0.4765991270542145,0.4319065809249878,1.0616101026535034,1.71244478225708,0.7966477870941162,0.36423254013061523,2.667454719543457,1.8341655731201172,7.999383449554443,1.3547879457473755,1.2716443538665771,7.008801460266113,19.575851440429688,1.1957846879959106,0.040453821420669556,0.5567764043807983,2.9720418453216553,42.1148567199707,3.649819850921631,1.4308348894119263,0.7989846467971802,16.68234634399414,0.46995675563812256,204.65145874023438,0.0,46.70930099487305,5.248189926147461,4.869440078735352,1.3273801803588867,4.073326110839844,1.6494845151901245,0.21515487134456635,5.072845458984375,0.6595957279205322,2.4559836387634277,2.5789103507995605,1.8769609928131104,0.2763582766056061,0.4176943302154541,2.501305341720581,0.0,0.020319484174251556,0.0,0.0,0.07939516752958298,0.0,0.09136965870857239,0.37142011523246765,0.07824115455150604,0.0518936961889267,0.0,0.0,0.0,0.7044942378997803,0.579743504524231,0.0,0.1704825609922409,0.3714252710342407,0.0,0.0,0.0,0.10654275119304657,0.42795711755752563,14.821653366088867,0.0,0.0,0.0,17.543872833251953,0.0,12.371261596679688,0.3722715973854065,0.0,39.37278366088867,0.5141136646270752,0.0,39.87336730957031,9.687088966369629,7.522879123687744,0.0,17.787288665771484,1.0995073318481445,11.485831260681152,6.2522292137146,13.617466926574707,0.06961416453123093,0.2282111942768097,15.124651908874512,25.769277572631836,2.768062114715576,7.204385280609131,7.682013988494873,1.9457464218139648,24.731863021850586,47.687660217285156,48.298583984375,8.290117263793945,7.631261348724365,7.052316665649414,12.89254379272461,119.2763900756836,88.7662582397461,172.94955444335938,112.7160415649414,87.7645492553711,160.040771484375,131.70994567871094,636.14794921875,133.6066131591797,86.29900360107422,115.1491470336914,17.74913787841797,129.74891662597656
TEST_03+2일,0.0,10.036646842956543,0.0,0.6248285174369812,1.2686254978179932,0.3119853138923645,10.979090690612793,1.2499351501464844,0.0,0.7553505301475525,0.5046507120132446,0.0,0.46051454544067383,0.10371805727481842,20.89566993713379,0.41622012853622437,0.0,0.29888272285461426,0.6864131093025208,12.839485168457031,6.818961143493652,0.7132530808448792,0.0,0.922810435295105,6.290809631347656,7.410354137420654,0.1635623425245285,18.998926162719727,45.184783935546875,6.686148643493652,4.502161026000977,7.037116527557373,1.379366159439087,0.8144587278366089,2.416691541671753,0.36727175116539,85.01483917236328,14.138650894165039,5.4910454750061035,81.73995208740234,49.13699722290039,3.1754822731018066,4.870352745056152,1.0078307390213013,0.46198076009750366,6.420471668243408,0.39491498470306396,6.824829578399658,0.1241716668009758,1.224854826927185,19.6081485748291,1.6297531127929688,12.453338623046875,0.8594420552253723,16.253108978271484,0.9317686557769775,3.779221534729004,0.8467681407928467,2.037993907928467,0.2582884728908539,8.920442581176758,22.1064510345459,29.982646942138672,19.598787307739258,15.72115707397461,0.5366269946098328,1.2553555965423584,0.0,1.7329702377319336,0.0,2.9976701736450195,0.0,0.4413658082485199,1.1047672033309937,0.0,1.268971562385559,0.5984694957733154,4.298139572143555,4.2808685302734375,4.32503604888916,1.468548059463501,0.4282495677471161,0.0,1.1938252449035645,0.0,0.07183188945055008,0.3516322076320648,1.5772738456726074,1.3156222105026245,1.2311718463897705,56.27090072631836,1.4985430240631104,3.9964935779571533,16.801897048950195,0.792252779006958,0.0009581446647644043,0.5671024322509766,1.773579716682434,40.124839782714844,2.675459861755371,3.117187738418579,0.5299133658409119,15.711337089538574,0.4537162780761719,0.0,161.84915161132812,26.89061737060547,4.310885429382324,4.114811420440674,0.9475297331809998,3.8966031074523926,0.9471395611763,2.4347915649414062,0.38504669070243835,0.7499547004699707,2.3590950965881348,1.9640958309173584,1.967147707939148,0.3622737228870392,0.5945551991462708,0.8869581818580627,9.315855979919434,0.14391349256038666,0.17769098281860352,0.19253870844841003,0.0,0.13129714131355286,0.14196982979774475,0.2330360859632492,5.010895729064941,0.48406562209129333,0.1727527529001236,3.4314215183258057,0.0,0.19237852096557617,0.5513960719108582,0.0,0.0,0.15494605898857117,0.0,0.15635618567466736,0.0,0.0,0.0,11.78227710723877,0.0,17.447216033935547,56.7083854675293,14.722134590148926,0.0,10.56129264831543,0.0,0.013204112648963928,30.242542266845703,0.16630618274211884,0.0,36.73931121826172,6.765073776245117,5.047380447387695,0.0,13.537662506103516,0.9743689298629761,9.248875617980957,4.881256580352783,10.404345512390137,0.0,0.1721644252538681,14.19360637664795,20.573320388793945,4.726321220397949,5.867707252502441,7.603767395019531,0.0,15.8146390914917,40.41628646850586,30.109100341796875,7.626223087310791,3.7391390800476074,5.356103897094727,8.947569847106934,113.81159210205078,87.51836395263672,168.21287536621094,109.46185302734375,91.78651428222656,145.35804748535156,140.85826110839844,591.1953125,151.92662048339844,76.05067443847656,124.63469696044922,25.603084564208984,85.08528900146484
TEST_03+3일,0.7220691442489624,3.373213291168213,3.588667392730713,2.2519562244415283,0.27004992961883545,0.0874386578798294,11.663890838623047,0.5746293663978577,2.169808864593506,0.5547827482223511,0.4348982870578766,3.100717544555664,1.613390564918518,0.0,13.910256385803223,0.0,15.54640007019043,1.5922224521636963,1.148987054824829,44.23799133300781,20.74778175354004,0.7190499901771545,0.8392201662063599,0.8697409629821777,2.8423266410827637,0.0,0.0,33.03485107421875,23.311094284057617,8.376869201660156,8.41428279876709,5.395108222961426,0.9679433107376099,0.6080764532089233,2.3845202922821045,0.305422306060791,58.38809585571289,11.759418487548828,4.344016075134277,63.58900451660156,23.27791976928711,6.058430194854736,2.905776262283325,1.4871760606765747,0.446704238653183,1.888093113899231,0.3812827169895172,6.367744445800781,0.03412717580795288,2.1863701343536377,19.43669891357422,0.7919715642929077,10.34801197052002,0.7703573703765869,4.08219051361084,1.6527581214904785,6.699991226196289,0.8502426147460938,2.1467647552490234,0.2673390507698059,6.280846118927002,8.528098106384277,14.202925682067871,22.26584243774414,14.773333549499512,0.5599125623703003,0.9097071886062622,1.7379701137542725,5.250855922698975,0.15855535864830017,3.2436811923980713,0.0,0.5886088609695435,0.6254511475563049,1.819725751876831,1.402724027633667,0.5646559000015259,4.181249141693115,3.178424119949341,1.8642103672027588,1.1963845491409302,0.0,0.0,1.3247778415679932,0.0,0.0,0.36530953645706177,2.054621696472168,1.2354687452316284,12.914904594421387,111.98063659667969,9.282142639160156,2.775567054748535,13.55099868774414,0.7240896821022034,0.05351845175027847,0.5075299143791199,0.4376433193683624,40.805145263671875,2.5909345149993896,1.6126189231872559,0.5255736708641052,13.955865859985352,0.4549105763435364,7.6422505378723145,142.6715850830078,12.268409729003906,2.5233428478240967,4.5071001052856445,0.7656605243682861,3.434497594833374,0.7581455111503601,7.600086212158203,1.2670072317123413,0.7749887704849243,2.7615694999694824,1.6268022060394287,0.41666746139526367,0.33903560042381287,0.4485945701599121,0.791114091873169,25.442564010620117,0.6972041726112366,0.2534143924713135,0.9263831377029419,0.3285522758960724,0.2681984305381775,0.24166786670684814,0.8049904108047485,1.4528729915618896,0.8274988532066345,0.3199402093887329,12.734651565551758,0.0,0.3516441285610199,0.0,0.022009946405887604,0.0,0.0,0.0006603077054023743,0.0,0.0,0.31498056650161743,0.06776955723762512,9.529034614562988,0.0,119.57654571533203,141.8668975830078,12.075094223022461,0.0,8.306787490844727,0.0,0.0,22.038835525512695,0.0,0.0,34.64667892456055,3.598982095718384,6.069632530212402,0.0,8.017131805419922,0.8945143222808838,7.106547832489014,3.586660861968994,7.03244686126709,0.0,0.0,13.904461860656738,11.717666625976562,5.0042219161987305,3.769972085952759,5.86282205581665,0.0,8.90452766418457,34.71046447753906,16.07213592529297,6.887305736541748,3.3213584423065186,2.62231183052063,5.625120162963867,152.64231872558594,79.17172241210938,142.94960021972656,118.63922882080078,112.95697021484375,89.2916030883789,161.07676696777344,645.313720703125,128.93148803710938,69.53632354736328,150.67247009277344,26.16525650024414,58.789154052734375
TEST_03+4일,2.1234562397003174,80.0221939086914,1.437444806098938,1.4663995504379272,0.30028361082077026,0.3147238492965698,32.91948318481445,0.4152100682258606,2.117863178253174,0.23836632072925568,0.3396986424922943,0.5418691039085388,0.0,0.00828540325164795,9.77214527130127,0.0,219.50686645507812,0.7865087389945984,1.1135801076889038,121.26716613769531,43.18292236328125,0.6694585084915161,0.7832570672035217,0.9593145847320557,5.365930080413818,24.614486694335938,0.19198442995548248,29.822954177856445,9.364444732666016,7.163923263549805,9.633064270019531,6.645295143127441,1.3439134359359741,0.8143402934074402,2.5804214477539062,0.3183920681476593,61.408058166503906,10.991511344909668,3.440096378326416,53.07919692993164,19.847692489624023,7.593952178955078,1.585443377494812,1.5883917808532715,0.4959090054035187,1.858893632888794,0.48878687620162964,6.3402581214904785,0.17194858193397522,4.28685998916626,19.347883224487305,0.8857231140136719,9.305997848510742,0.7207512855529785,2.502361536026001,1.3372801542282104,7.90538215637207,0.8164308667182922,2.120251178741455,0.15035763382911682,6.847548007965088,7.2449188232421875,26.073928833007812,25.422571182250977,14.655322074890137,0.6309004426002502,0.5557312965393066,1.9355716705322266,9.812786102294922,0.0,3.679312229156494,0.029861927032470703,0.8886445760726929,0.06179990619421005,3.2735915184020996,1.553016185760498,0.6218630075454712,4.559453010559082,6.185700416564941,2.629577875137329,1.280480980873108,6.126354217529297,0.31792476773262024,1.0411487817764282,0.0,0.9466431140899658,0.37219247221946716,1.6407418251037598,1.530176043510437,14.734599113464355,42.013267517089844,0.9509741067886353,1.269982933998108,10.669584274291992,0.6304044127464294,0.0558282807469368,0.47622382640838623,0.014209628105163574,39.312191009521484,2.186302423477173,0.9038775563240051,0.5709257125854492,12.736992835998535,0.4319695234298706,4.256571292877197,146.07040405273438,17.939393997192383,2.874948501586914,5.096146583557129,0.3288695514202118,2.810439348220825,0.7960463166236877,3.9194633960723877,2.486712694168091,0.8435236215591431,4.045547962188721,1.3291428089141846,0.0,0.4219203293323517,0.5214666724205017,0.7597105503082275,27.91650390625,1.1293977499008179,0.36904478073120117,1.0087919235229492,0.6932645440101624,1.028692603111267,0.7525882124900818,1.1662805080413818,8.660052299499512,1.0041635036468506,0.14542952179908752,24.849775314331055,0.0,0.42344003915786743,0.05986678600311279,0.0,0.41975781321525574,0.08437441289424896,0.4050980806350708,0.0492120087146759,0.03745720535516739,0.0,0.0,8.586601257324219,0.03010687045753002,106.95401763916016,192.77679443359375,10.537299156188965,0.0,7.00572395324707,0.0,0.0,20.01465606689453,0.0,0.0,32.173377990722656,3.083986759185791,6.146538257598877,0.0,5.70208215713501,0.7958629727363586,6.647595405578613,3.362619161605835,5.462038993835449,0.07846447080373764,0.0,12.302087783813477,4.814884662628174,1.9812456369400024,2.045624017715454,4.153157711029053,0.0,7.147324562072754,31.482322692871094,10.406525611877441,7.158566951751709,3.681678533554077,1.270243525505066,3.88895320892334,152.30801391601562,70.7849349975586,138.68067932128906,115.6978988647461,110.53424835205078,115.57845306396484,164.96414184570312,682.4638671875,101.04830932617188,72.7132339477539,160.281982421875,36.63985824584961,90.0152359008789
TEST_03+5일,3.442023754119873,133.92955017089844,0.20001444220542908,0.33937302231788635,0.14423292875289917,0.4211421608924866,41.565914154052734,0.8485240936279297,1.6677970886230469,0.13894830644130707,0.4606613218784332,0.04962616413831711,1.0346630811691284,1.2487351894378662,7.191906452178955,0.0006966292858123779,88.25199890136719,0.2999297082424164,1.0903277397155762,111.54112243652344,54.30635452270508,1.8855093717575073,0.679645299911499,0.9918529987335205,2.9420993328094482,126.12413024902344,0.9241924285888672,81.7740707397461,9.273999214172363,4.4912824630737305,7.300171852111816,6.436184406280518,1.4591811895370483,0.9261698722839355,2.2897210121154785,0.4235406219959259,55.005149841308594,13.11424446105957,5.036655902862549,50.19287109375,22.905298233032227,4.937321662902832,1.9063328504562378,1.7576286792755127,0.49011754989624023,2.3005523681640625,0.5783845782279968,6.726256370544434,0.12317129969596863,2.69990873336792,19.135446548461914,0.7954664826393127,10.06847858428955,0.6683124899864197,3.5111875534057617,1.6205260753631592,2.4694161415100098,0.7953312993049622,1.8386669158935547,0.2848958373069763,7.631341457366943,5.073924541473389,18.40478515625,27.183828353881836,13.499629974365234,0.6939857006072998,1.4987162351608276,2.5521175861358643,6.904654502868652,2.663787364959717,4.273699760437012,0.11223743110895157,0.8792687654495239,2.2146265506744385,2.136768102645874,1.6624857187271118,0.7609353065490723,4.368717193603516,4.843484401702881,4.170803546905518,1.6399013996124268,3.268878936767578,0.0,1.10381019115448,0.6510931849479675,0.546808660030365,0.4152013063430786,5.3702569007873535,2.4860448837280273,12.646743774414062,63.34870529174805,1.4624582529067993,1.566251516342163,10.81812858581543,0.8038468360900879,0.039063710719347,0.49597838521003723,0.21103224158287048,39.59425354003906,2.3234126567840576,0.47028031945228577,0.7915234565734863,11.587198257446289,0.42482978105545044,1.917762279510498,138.22998046875,15.593807220458984,4.448383808135986,3.316880226135254,0.46194007992744446,2.5414557456970215,0.8752722144126892,0.9225703477859497,1.6686311960220337,0.7873601317405701,1.026338815689087,1.6577223539352417,0.10602414608001709,0.4203680455684662,0.24054859578609467,0.7980080246925354,29.98890495300293,1.6424586772918701,0.8407973051071167,0.6911258697509766,0.556918740272522,1.213813066482544,1.2785319089889526,0.7435617446899414,10.599268913269043,0.928239107131958,0.19158656895160675,24.75474739074707,0.0,0.43478134274482727,0.11714690923690796,0.2672249376773834,0.0,0.3350445032119751,0.5082328915596008,0.0,0.0,0.0,0.45441490411758423,9.194269180297852,0.24371196329593658,58.03346252441406,163.29132080078125,11.397965431213379,0.0,7.689228534698486,0.0,0.0,22.47698211669922,0.0,0.0,32.436500549316406,3.771695613861084,6.478642463684082,0.0,7.141414642333984,0.8196012377738953,7.4662251472473145,4.082179546356201,7.238949298858643,0.0,0.0,11.21130084991455,6.867203235626221,7.507220268249512,2.6662867069244385,6.001956462860107,0.0,8.940762519836426,28.283571243286133,16.256929397583008,7.717438697814941,4.532491683959961,1.6295591592788696,3.640554666519165,160.30252075195312,70.15741729736328,157.01956176757812,112.0710220336914,101.6153793334961,116.07096099853516,163.01678466796875,624.6488037109375,123.15038299560547,73.28929138183594,178.1162567138672,42.631553649902344,103.9246597290039
TEST_03+6일,11.435975074768066,67.58352661132812,1.4632612466812134,1.3233481645584106,0.0678698718547821,0.913846492767334,14.564116477966309,1.1591030359268188,2.762376070022583,0.0,0.3398866653442383,0.060169413685798645,0.2460431158542633,1.5198876857757568,13.011475563049316,0.12670278549194336,59.125099182128906,0.0,1.3180434703826904,37.4593505859375,23.398622512817383,4.790011405944824,0.0,0.9344553351402283,4.767605304718018,0.0,1.5448036193847656,140.21263122558594,15.655774116516113,3.749448776245117,4.196541786193848,7.203860282897949,1.9303771257400513,1.338989496231079,2.1643614768981934,0.5160309076309204,49.040794372558594,17.46310043334961,3.443302869796753,52.378570556640625,25.417409896850586,1.5072678327560425,3.4324071407318115,1.4060704708099365,0.5446204543113708,2.8631653785705566,0.5266764163970947,6.861359596252441,0.884291410446167,4.044394016265869,19.94957160949707,0.7548583149909973,11.62981128692627,0.6298534274101257,5.264455795288086,1.0964276790618896,2.382841110229492,0.84383225440979,2.8962771892547607,0.6704385876655579,10.552781105041504,6.621150970458984,22.37620735168457,27.140647888183594,23.06163787841797,0.7869660258293152,1.5223325490951538,0.9605354070663452,2.9279394149780273,15.37932300567627,5.5323262214660645,0.12876597046852112,0.7283675670623779,18.488704681396484,2.9224841594696045,1.697749376296997,1.0458886623382568,4.163666725158691,4.885340690612793,3.4222984313964844,2.3553755283355713,1.9294705390930176,1.6757125854492188,1.139039397239685,1.5828895568847656,10.056034088134766,0.4674241840839386,3.4462995529174805,3.5270023345947266,8.189412117004395,49.92444610595703,2.389599323272705,2.266021728515625,11.542035102844238,0.9674884676933289,0.048868581652641296,0.44616764783859253,0.039757490158081055,39.70259475708008,7.192668437957764,1.4214872121810913,1.057013988494873,13.08919906616211,0.41494691371917725,2.3375251293182373,144.5955047607422,17.51424217224121,10.358022689819336,5.764733791351318,1.1003705263137817,2.3616080284118652,0.8493739366531372,3.1075072288513184,1.9783116579055786,0.7631455659866333,0.4524397850036621,2.056971788406372,6.145582675933838,0.48029381036758423,0.2416566163301468,1.2700550556182861,37.295562744140625,0.8652265667915344,0.8562332391738892,1.0289700031280518,0.24992609024047852,0.5010788440704346,0.43404436111450195,0.4092874825000763,1.0872712135314941,0.0,0.14232897758483887,6.070296287536621,3.1654558181762695,3.3127593994140625,9.778908729553223,2.5929808616638184,4.489401817321777,6.4343791007995605,11.324394226074219,0.8672771453857422,3.5091261863708496,6.362095832824707,1.2569040060043335,11.551139831542969,0.0,139.88296508789062,78.25153350830078,13.744828224182129,0.0,9.857807159423828,0.1848963052034378,0.0,27.896663665771484,0.0,0.0,33.46751403808594,6.056787490844727,6.512145519256592,0.0,9.755955696105957,0.8853159546852112,9.165245056152344,5.299443244934082,9.74622917175293,0.0,0.033285126090049744,13.110738754272461,6.313753128051758,12.658013343811035,3.793306827545166,9.474669456481934,0.6604285836219788,13.043386459350586,28.491249084472656,28.094526290893555,6.938250541687012,6.167433738708496,3.056436061859131,7.4433441162109375,151.45404052734375,73.8237533569336,163.24742126464844,114.23033142089844,102.75064849853516,128.46324157714844,163.3870849609375,636.3568725585938,119.37176513671875,72.27418518066406,161.74525451660156,36.18998718261719,108.8843994140625
TEST_03+7일,8.361462593078613,3.3613998889923096,11.532035827636719,14.847759246826172,0.4468012750148773,2.4049735069274902,0.0,1.7974727153778076,5.181868076324463,0.0,0.15509630739688873,0.5506094694137573,3.658559799194336,2.066180944442749,18.5200138092041,0.01935204491019249,7.775456428527832,0.6295989751815796,1.2737832069396973,0.0,4.955959320068359,3.8296477794647217,0.4141467809677124,0.3884347379207611,3.8207225799560547,26.492107391357422,1.1055008172988892,2.788146495819092,21.079486846923828,6.416337490081787,5.8835015296936035,12.0225191116333,5.030274868011475,1.7975999116897583,2.448211669921875,0.5972129702568054,50.78965377807617,18.3463134765625,2.137604236602783,54.434696197509766,24.052410125732422,1.6067355871200562,5.157685279846191,0.8899370431900024,0.5812050700187683,2.4093306064605713,0.5271831750869751,6.107968330383301,1.6325907707214355,12.469648361206055,20.66436767578125,0.9760698080062866,13.076610565185547,0.6101478934288025,4.857036590576172,1.8115355968475342,3.875852108001709,1.1272555589675903,2.7122128009796143,0.7742056250572205,15.40588665008545,15.948780059814453,72.88353729248047,24.415430068969727,33.219764709472656,0.8950461149215698,0.5590665936470032,2.9833426475524902,0.2104485034942627,10.584965705871582,5.525076389312744,0.1620963215827942,0.4881635308265686,0.0,4.441815376281738,1.7335412502288818,1.0633890628814697,3.57087779045105,3.627547264099121,2.683056354522705,2.7187671661376953,1.676631212234497,0.7895383238792419,1.2260138988494873,1.8025234937667847,2.1325488090515137,0.4538819193840027,0.49134090542793274,4.123649597167969,11.152678489685059,11.301688194274902,1.0453516244888306,6.663522243499756,13.188334465026855,1.0524563789367676,0.0534944050014019,0.45258110761642456,1.02292001247406,39.21342086791992,11.239532470703125,1.2226715087890625,1.1513968706130981,13.722880363464355,0.4103323221206665,165.77398681640625,0.0,25.90793800354004,8.817159652709961,9.580084800720215,2.007828712463379,2.383847951889038,0.43425890803337097,3.215545177459717,2.0567195415496826,0.8305084705352783,0.33109050989151,2.5362460613250732,3.188627243041992,0.6650594472885132,0.7300987243652344,4.243288993835449,38.77580642700195,0.0,0.266086220741272,0.20975039899349213,0.14902140200138092,0.2372327446937561,0.04942706972360611,0.6161407828330994,0.33032339811325073,0.21734583377838135,0.0,0.40891319513320923,5.174091815948486,3.6458773612976074,15.414628028869629,3.8019914627075195,1.5548083782196045,2.7179012298583984,10.89169979095459,1.7551023960113525,0.4593893587589264,5.900117874145508,7.586944103240967,13.140778541564941,1.1794706583023071,15.548287391662598,4.752310752868652,16.262102127075195,0.0,11.797956466674805,0.17041391134262085,0.0,31.952747344970703,0.5540148019790649,0.0,33.0782470703125,9.032095909118652,3.6628599166870117,0.0,12.993630409240723,0.9799208045005798,10.391764640808105,5.8476691246032715,11.746225357055664,0.32456088066101074,0.23270286619663239,13.818338394165039,13.600553512573242,13.287074089050293,6.341813087463379,8.983480453491211,1.6842910051345825,14.65822696685791,33.79045104980469,39.93096923828125,7.144912242889404,10.387557029724121,3.2672195434570312,10.102706909179688,180.33871459960938,69.03849029541016,172.6044464111328,114.88080596923828,107.5151138305664,131.74765014648438,153.20875549316406,641.5341796875,114.97332000732422,74.18435668945312,137.357177734375,17.227724075317383,112.19925689697266
TEST_04+1일,4.1964592933654785,3.6692264080047607,5.582997798919678,2.615173101425171,0.1867777556180954,0.9353080987930298,0.0,0.0,0.6730219125747681,0.060412026941776276,2.7629313468933105,0.5649173259735107,0.20329789817333221,0.07623609900474548,0.4408038854598999,0.0,0.0,0.3658224940299988,0.3043067157268524,6.073970317840576,4.2595391273498535,1.0749801397323608,0.1132999062538147,0.2865622043609619,0.0,4.005346298217773,0.0,0.0,9.783530235290527,2.2401278018951416,2.411288261413574,1.9855939149856567,0.7607458829879761,1.6499545574188232,2.0886638164520264,0.7579323649406433,19.923263549804688,3.4082584381103516,0.06633566319942474,14.153369903564453,9.469327926635742,0.7597215175628662,4.5049262046813965,1.694930911064148,0.350220263004303,0.9486148953437805,0.10399546474218369,0.7703143954277039,0.21518594026565552,1.2064611911773682,7.010709285736084,0.0,4.671952247619629,0.29954129457473755,2.1197750568389893,0.2868812084197998,1.4682234525680542,0.12772583961486816,0.6722428798675537,0.8897899985313416,4.158462047576904,3.7634644508361816,3.219876766204834,5.277401447296143,5.5886006355285645,0.7267704606056213,0.8084091544151306,1.1962987184524536,1.7552516460418701,0.1219823956489563,1.157403588294983,0.2610117197036743,0.10270093381404877,0.6518605947494507,2.214630365371704,0.719506025314331,0.7796623706817627,2.5566413402557373,0.0017644762992858887,4.674829483032227,0.572426974773407,0.43995746970176697,0.32363787293434143,1.9104355573654175,1.0090670585632324,3.021578073501587,0.7882331013679504,1.0424621105194092,2.1432766914367676,3.4070370197296143,0.0,0.7107262015342712,1.4339638948440552,1.786098837852478,0.39147040247917175,0.04300188273191452,0.0,1.3944361209869385,15.720417976379395,3.2194907665252686,1.8534164428710938,0.32592958211898804,8.280205726623535,0.23207521438598633,176.41709899902344,0.0,42.810585021972656,1.1531306505203247,1.1480735540390015,0.5852949619293213,2.1700892448425293,1.1867728233337402,1.4120287895202637,0.24491646885871887,0.0,0.7596845626831055,1.7363736629486084,0.7421929836273193,1.4345943927764893,0.17039424180984497,0.5495496988296509,0.0,0.014748446643352509,0.0,0.0,0.048025406897068024,0.0,0.0,0.3315865695476532,1.1937520503997803,0.3874218463897705,0.0,0.0,0.23809269070625305,1.1718305349349976,0.34599611163139343,0.0,0.0,0.0,0.0,0.1344408094882965,0.0,0.12597115337848663,0.15389806032180786,8.768272399902344,1.1450926065444946,11.5115966796875,20.433509826660156,8.370695114135742,0.6657193899154663,5.456068515777588,1.4652483463287354,0.009381964802742004,16.30565643310547,0.3769354522228241,4.417015075683594,10.75949764251709,5.601114749908447,1.0140374898910522,2.2543444633483887,7.324726581573486,0.5528990030288696,7.751710891723633,3.6057822704315186,6.129475116729736,1.2935614585876465,1.2293521165847778,5.530847072601318,27.153593063354492,21.29070281982422,5.793770790100098,0.0,3.2930989265441895,4.434329032897949,1.5084741115570068,8.795269966125488,2.0078773498535156,0.40843161940574646,0.0,4.901408672332764,13.564934730529785,3.691072463989258,9.6901216506958,7.395619869232178,5.149636745452881,14.342634201049805,9.34283447265625,29.221450805664062,4.771090984344482,5.608720302581787,6.767375469207764,2.131692409515381,5.138888359069824
TEST_04+2일,3.469156265258789,20.119958877563477,2.036278247833252,0.46408700942993164,0.11815709620714188,0.35463398694992065,1.8517935276031494,0.0,0.0,0.0,0.6538467407226562,0.13043293356895447,0.24664677679538727,0.0,0.046401433646678925,0.046169430017471313,5.681821823120117,0.15243923664093018,0.010857414454221725,30.02828025817871,8.651042938232422,0.4706719219684601,0.0,0.42105674743652344,1.7316644191741943,2.388031005859375,0.9608333706855774,0.0,8.397937774658203,1.592786192893982,1.5611090660095215,0.08386950194835663,0.13365547358989716,1.0629093647003174,2.2160751819610596,0.8572549819946289,4.120420455932617,2.565232038497925,0.0,5.207022190093994,7.929579257965088,0.6533361673355103,1.7549768686294556,1.5535017251968384,0.0,0.4291369318962097,2.080660343170166,0.5563095211982727,0.19021210074424744,0.8879014253616333,6.1732378005981445,0.653076171875,2.2098793983459473,0.26106107234954834,0.42261216044425964,0.18084052205085754,0.41430822014808655,0.0,0.46120932698249817,0.12161627411842346,0.8439797759056091,1.7408872842788696,2.465413808822632,3.5894768238067627,2.616356372833252,0.49660801887512207,0.3393285274505615,0.05689176917076111,0.34706175327301025,0.012473464012145996,0.7709514498710632,0.008321460336446762,0.08458127081394196,0.7716758847236633,0.0,0.6796059608459473,0.5242858529090881,0.0,0.0,1.097418189048767,0.3556801378726959,0.06506218016147614,0.1965777575969696,0.0,0.6354473829269409,0.7599440813064575,0.7724643349647522,0.3778531551361084,1.8139314651489258,0.8861600756645203,8.038140296936035,0.22532472014427185,1.6751545667648315,1.6300371885299683,0.0,0.014993511140346527,0.5992252230644226,0.7545204162597656,13.531087875366211,3.2164440155029297,0.512977123260498,0.20626387000083923,6.441215515136719,0.20138242840766907,0.0,85.8923110961914,24.304460525512695,0.753406286239624,0.9195266366004944,0.1872265636920929,0.0,0.6404416561126709,0.7785124182701111,0.09228581190109253,0.2245667427778244,0.6218084692955017,0.26993730664253235,0.15850578248500824,1.1420828104019165,0.37735968828201294,0.3763670325279236,2.615084648132324,0.0378170907497406,0.24104678630828857,0.0,0.26538681983947754,0.04391088709235191,0.10140936076641083,0.8141512870788574,1.1144695281982422,0.5735609531402588,0.11687757074832916,0.0,0.07196596264839172,0.0,0.23639343678951263,0.0,0.10452167689800262,0.1266970932483673,0.0,0.07205846905708313,0.053433001041412354,0.0,0.0,5.754290580749512,0.11386905610561371,13.557441711425781,52.300804138183594,5.064540863037109,0.37753647565841675,3.5519328117370605,0.8581446409225464,0.0,10.758508682250977,0.6160330176353455,3.690906047821045,4.642642021179199,0.999190092086792,0.0,1.7481303215026855,3.6274003982543945,0.48565196990966797,5.478951454162598,2.4098870754241943,3.6176328659057617,0.7567484974861145,1.0826724767684937,3.315188407897949,12.655245780944824,3.227661609649658,3.3801164627075195,0.0,0.0,2.8541746139526367,0.0,3.0285563468933105,1.1204400062561035,0.0,0.0,2.5254642963409424,8.880849838256836,1.9369045495986938,6.0691423416137695,3.3736205101013184,3.8732073307037354,9.92360782623291,4.495493412017822,17.738779067993164,1.4481359720230103,3.334763765335083,4.019136428833008,1.6493442058563232,4.018481731414795
TEST_04+3일,2.642592668533325,1.8130359649658203,1.7177298069000244,0.977519154548645,0.08988550305366516,0.24721238017082214,1.328125238418579,0.0,0.05097980797290802,0.0,0.0,0.02982301265001297,0.3741482198238373,0.0,0.0,0.0,12.813446044921875,0.19657212495803833,0.0,20.957143783569336,11.327133178710938,0.03807767108082771,0.0,0.35138463973999023,9.96312427520752,11.224839210510254,2.4330036640167236,65.91626739501953,6.925336837768555,1.1231565475463867,0.7170748710632324,0.3194354474544525,0.0,0.8270879983901978,2.1734418869018555,0.7685354351997375,2.499845504760742,1.6721711158752441,0.05219796672463417,3.950967788696289,6.652143955230713,0.6938281655311584,1.919990062713623,2.0486152172088623,0.0,0.42984047532081604,0.37013429403305054,0.5051475167274475,0.12033533304929733,0.7837602496147156,5.227288246154785,0.06175806745886803,1.5896143913269043,0.22601956129074097,1.2427687644958496,0.08842773735523224,0.23037603497505188,0.0,0.0,0.0,0.6836245656013489,1.0723552703857422,1.9301568269729614,2.4608969688415527,0.8684020638465881,0.5214817523956299,0.07209113985300064,1.0138189792633057,0.016892634332180023,0.08630417287349701,0.9994551539421082,0.0,0.7095212340354919,0.5269238948822021,2.3961544036865234,0.830527126789093,0.5816740393638611,0.0,0.0,2.274695873260498,0.37688201665878296,0.4314401149749756,0.42268723249435425,0.0,0.44250887632369995,1.1198275089263916,0.7768612504005432,0.44643545150756836,2.236647605895996,2.380551338195801,61.36613464355469,0.3072762191295624,1.3135099411010742,1.53335702419281,0.0,0.051562078297138214,0.15683972835540771,0.0,13.309549331665039,2.212338447570801,0.0,0.17080211639404297,4.676453113555908,0.1936296820640564,5.0511064529418945,28.441431045532227,0.036258526146411896,0.7729924917221069,0.8876115679740906,0.18313156068325043,0.0,0.48569536209106445,0.5173394680023193,0.0,0.0,0.498209148645401,0.0,0.0,0.8470430970191956,0.4740806818008423,0.26249125599861145,0.0,0.18711885809898376,0.2796947956085205,0.5061697363853455,0.0,0.0,0.026004716753959656,0.2478950023651123,0.5849652290344238,0.6607086062431335,0.328144907951355,7.239892959594727,0.0,0.0,0.1864824891090393,0.0,0.10623973608016968,0.1722647100687027,0.40977710485458374,0.0,0.09055092930793762,0.0,0.0739983320236206,3.751708984375,1.0785903930664062,14.415030479431152,86.99357604980469,2.783681631088257,0.19186291098594666,1.9651784896850586,0.6083415150642395,0.0,5.5020880699157715,0.9875480532646179,3.5732569694519043,1.9720354080200195,0.0,0.23488149046897888,1.944337248802185,0.16269338130950928,0.4763072431087494,3.6290183067321777,1.3948556184768677,1.7966907024383545,0.4916510581970215,0.8550430536270142,2.4559566974639893,0.0,0.0,1.053144097328186,0.0,0.0,0.9224759936332703,0.0,0.0,1.3688825368881226,0.0,0.0,0.0,5.214225769042969,1.7482575178146362,3.360955238342285,1.0499800443649292,2.586524248123169,5.21114444732666,2.027419328689575,9.704411506652832,0.5823823809623718,2.317641496658325,3.409318208694458,1.5290340185165405,2.2570149898529053
TEST_04+4일,3.022005319595337,29.248924255371094,1.8084725141525269,1.3729236125946045,0.17383132874965668,0.47299277782440186,7.649664878845215,0.0,0.47381553053855896,0.0,0.0,0.13051341474056244,0.22286048531532288,0.0,0.0,0.020779892802238464,34.35000228881836,0.16824695467948914,0.0,36.60350036621094,10.780813217163086,0.29312726855278015,0.0,0.41769886016845703,17.285907745361328,7.292311668395996,0.0,4.7431640625,6.425415992736816,0.8848322629928589,0.35796961188316345,0.5777944326400757,0.0,0.8694311380386353,2.546125888824463,0.7662637233734131,3.310157537460327,1.3992507457733154,0.15308769047260284,6.0645294189453125,6.210929870605469,0.7333241701126099,3.7877118587493896,1.5262724161148071,0.0,0.33202385902404785,0.2644614577293396,0.4938632845878601,0.1968757063150406,0.6325196027755737,5.327855110168457,0.23935192823410034,2.332202196121216,0.16756945848464966,0.014393270015716553,0.17807269096374512,0.2080383002758026,0.0,0.40990036725997925,0.07589447498321533,1.2444336414337158,1.2182856798171997,1.3602203130722046,2.385996103286743,1.6033986806869507,0.6436502933502197,0.12560446560382843,2.592883586883545,0.0,0.021964311599731445,1.6216411590576172,0.13302481174468994,0.0,0.6141626834869385,4.223274230957031,1.0172362327575684,0.5504770278930664,0.7401147484779358,0.0,1.6212666034698486,0.5392941236495972,1.0047353506088257,0.6179076433181763,0.0,0.4609237313270569,0.0,0.7722135782241821,0.6971980333328247,2.6723122596740723,2.890934467315674,28.679960250854492,0.5118654370307922,0.17618216574192047,1.7732998132705688,0.12518510222434998,0.06189517676830292,0.14520075917243958,0.0,12.585495948791504,3.018551826477051,0.0,0.17716620862483978,3.261415958404541,0.14840960502624512,5.7432780265808105,41.17438507080078,3.8653600215911865,0.7723568677902222,0.010645177215337753,0.045688923448324203,1.3488337993621826,0.3587455153465271,0.5040314197540283,0.10121151804924011,0.03210270404815674,0.4273666441440582,0.0,0.0,0.9436596632003784,0.289176344871521,0.2691032588481903,29.863365173339844,0.7604929208755493,0.5124819278717041,0.0,0.0,0.028842296451330185,0.0,0.0,2.869184732437134,0.0,0.3157482147216797,11.727205276489258,0.2349541187286377,0.14853377640247345,0.08315598964691162,0.0,0.27295824885368347,0.0,0.8958725929260254,0.006561756134033203,0.0,0.0,0.18928074836730957,2.787574052810669,1.502516508102417,28.69506072998047,107.960693359375,4.1849045753479,0.0,1.846630573272705,1.237123966217041,0.0,5.30354118347168,1.4334945678710938,3.321099281311035,3.0905065536499023,0.0,1.3188133239746094,2.6575145721435547,0.37213099002838135,0.5257799625396729,3.475343942642212,1.4001985788345337,1.9677566289901733,1.3939975500106812,0.6951274871826172,2.3832578659057617,11.006182670593262,0.0,0.6540306210517883,0.0,0.0,1.5218608379364014,0.0,0.0,1.0246151685714722,0.0,0.0,0.0,4.3724365234375,1.3764641284942627,1.259365439414978,1.1778929233551025,1.4025766849517822,3.1931498050689697,2.098076820373535,6.260135173797607,0.867316484451294,0.5902995467185974,2.870537519454956,1.1817647218704224,1.569739818572998
TEST_04+5일,3.423286199569702,89.31017303466797,2.183544158935547,0.7609643340110779,0.22475263476371765,0.6082790493965149,34.51864242553711,0.14503061771392822,0.5923811197280884,0.0,0.23673827946186066,0.11804104596376419,0.2979081869125366,0.07838557660579681,0.08542408049106598,0.0459589809179306,63.468544006347656,0.13508136570453644,0.0,76.5230941772461,22.758066177368164,0.37059077620506287,0.0,0.4678947329521179,17.471590042114258,17.404653549194336,0.0,76.63440704345703,6.669670104980469,0.9158791303634644,0.652691662311554,1.0280468463897705,0.0,0.8483632802963257,2.1038479804992676,0.9263436794281006,4.290037631988525,1.9365487098693848,0.17412112653255463,7.506518363952637,6.276872634887695,0.7873383164405823,6.269893169403076,1.65641188621521,0.0,0.40769150853157043,0.24640607833862305,0.5777730345726013,0.10407023876905441,0.8555594086647034,5.757823944091797,0.0,3.074789524078369,0.2182159423828125,0.9521561861038208,0.22664152085781097,0.4823264181613922,0.05008450523018837,0.4503457844257355,0.050144750624895096,0.3281857967376709,1.420473575592041,1.635098934173584,3.183112859725952,2.5409975051879883,0.7630214691162109,0.8966383337974548,2.026524305343628,0.5468646883964539,0.03370434045791626,2.011962413787842,0.4357443153858185,0.7959245443344116,0.6866835355758667,2.6375412940979004,1.0264050960540771,0.496272474527359,0.26450115442276,0.0,0.02175074815750122,0.7132015824317932,0.17618003487586975,0.40487968921661377,0.06964780390262604,0.9258661866188049,8.916852951049805,0.8562865257263184,0.7898186445236206,2.2407586574554443,3.1669538021087646,27.30919647216797,0.9669619202613831,0.0,2.5115604400634766,0.45520973205566406,0.043015629053115845,0.303865522146225,0.0,11.787453651428223,0.0,0.8506898880004883,0.2903434634208679,3.4047441482543945,0.11484336853027344,1.7932357788085938,30.676591873168945,1.3026752471923828,1.022756814956665,0.5373128652572632,0.44740569591522217,0.0,0.413740873336792,0.4413711726665497,0.24337917566299438,0.0,0.19574153423309326,0.7047096490859985,1.468946933746338,1.3314619064331055,0.33432507514953613,0.31096410751342773,59.33904266357422,1.2935869693756104,1.5436375141143799,1.0736984014511108,0.764407217502594,1.215494155883789,0.10923565924167633,0.7586279511451721,8.599029541015625,0.30726557970046997,0.03643137216567993,16.485416412353516,0.08090430498123169,0.0,0.0,0.0,0.0,0.07433846592903137,0.28454819321632385,0.0,0.0,0.012024074792861938,0.0,3.9406967163085938,3.883474826812744,30.591394424438477,104.78926849365234,7.077536106109619,0.0,3.7700390815734863,2.0549476146698,0.0,11.432785034179688,1.4719898700714111,4.561412334442139,7.025962829589844,1.3334304094314575,0.9019563794136047,3.014753580093384,3.0593414306640625,0.5472052097320557,4.8760881423950195,2.4136996269226074,4.268563270568848,1.5573210716247559,0.9620484709739685,2.133192777633667,34.385009765625,11.6733980178833,4.811755180358887,0.0,1.1348756551742554,3.01078462600708,0.0,0.6622950434684753,0.20057614147663116,0.34321218729019165,0.0,0.0,4.071187973022461,1.0841851234436035,0.816974401473999,0.7448167204856873,0.8934072852134705,3.32977557182312,0.7337538003921509,4.488131046295166,2.4099600315093994,1.0877165794372559,3.481577157974243,1.211517572402954,1.6248157024383545
TEST_04+6일,3.488680839538574,52.163394927978516,3.2752304077148438,1.3919073343276978,0.20875734090805054,0.9092505574226379,41.37455749511719,0.2928813695907593,0.8146088719367981,0.0,0.6671828031539917,0.0,0.4311317801475525,0.16326439380645752,0.6960250735282898,0.02578742802143097,34.621002197265625,0.40438640117645264,0.0,51.30939483642578,18.201438903808594,0.0,0.09038697183132172,0.5244489908218384,14.293636322021484,33.00447082519531,74.04022216796875,113.39344787597656,6.641035079956055,0.9972441792488098,0.8873332142829895,2.068270683288574,0.12581311166286469,1.1472017765045166,2.031078577041626,1.0657315254211426,15.213069915771484,3.2612993717193604,0.18113121390342712,11.677005767822266,6.3685688972473145,0.741784930229187,7.229766845703125,1.4782849550247192,0.0,0.7173237204551697,0.10179413855075836,0.6797477602958679,0.14940616488456726,1.3043832778930664,7.086928844451904,0.4976517856121063,4.0400848388671875,0.17391376197338104,0.9823758602142334,0.49719440937042236,0.8093100786209106,0.47200340032577515,0.0,0.5458640456199646,2.77887225151062,1.5087858438491821,1.8066928386688232,4.341014385223389,4.215450763702393,0.9134455919265747,2.805359363555908,1.8436185121536255,6.638891220092773,0.14524057507514954,1.71262526512146,0.7195677757263184,0.4478168785572052,0.8994829654693604,3.800830125808716,1.1866248846054077,0.7583807110786438,1.8566033840179443,0.177151158452034,2.0202226638793945,1.1080673933029175,0.12595218420028687,0.9033788442611694,0.0,1.3080474138259888,0.0,0.8536433577537537,0.9882289171218872,1.954722285270691,4.272363185882568,47.068458557128906,0.6619386076927185,1.4470314979553223,11.505914688110352,0.6424753069877625,0.040580425411462784,2.030142068862915,0.38187435269355774,11.940738677978516,10.90138053894043,2.4846878051757812,0.44672146439552307,4.744208335876465,0.10864228010177612,0.49458956718444824,98.36852264404297,1.3945122957229614,2.0923869609832764,3.809027671813965,0.17462971806526184,4.022539138793945,0.7324563264846802,1.2549514770507812,0.3748340606689453,0.746299147605896,0.2977954149246216,1.6977016925811768,1.7318381071090698,1.4264535903930664,0.0966985672712326,0.5704442262649536,0.9765607118606567,0.37041839957237244,1.5582101345062256,0.8555753231048584,0.7897003889083862,0.4441084861755371,0.7708828449249268,0.6655756235122681,2.1759321689605713,0.9260372519493103,0.13667401671409607,13.73257827758789,2.0944981575012207,1.0477850437164307,1.8340353965759277,1.1715373992919922,0.6919652819633484,1.979374647140503,4.549105167388916,0.0065125711262226105,0.0,1.7895430326461792,1.2316967248916626,7.8050689697265625,8.3457612991333,165.56300354003906,76.0437240600586,12.040225982666016,0.3785097002983093,6.730072975158691,2.5053811073303223,0.0,19.922515869140625,0.9856483340263367,5.960738182067871,15.089095115661621,7.983060359954834,1.1183182001113892,4.318683624267578,6.9022955894470215,0.6009402871131897,7.298607349395752,3.8966457843780518,6.9253387451171875,1.6745615005493164,1.472536325454712,3.490180015563965,72.93692779541016,77.21533966064453,8.731208801269531,71.59943389892578,5.390303134918213,5.68602180480957,0.0,12.845698356628418,0.07608988881111145,0.8834339380264282,8.688525199890137,2.4353084564208984,5.379295825958252,0.3621174097061157,0.7014706134796143,0.1536211371421814,0.0,4.57649564743042,1.714806318283081,4.219806671142578,3.729447841644287,1.0699844360351562,1.6524498462677002,1.096392273902893,2.5398755073547363
TEST_04+7일,3.5688064098358154,0.0,6.438057899475098,4.788116931915283,0.3339785039424896,1.865752935409546,7.08682107925415,0.3160437345504761,1.1997746229171753,0.13126933574676514,0.42577093839645386,0.2826876640319824,0.7152454853057861,0.29189765453338623,0.9600079655647278,0.0061784591525793076,4.503731727600098,0.5905165672302246,0.0,2.9327750205993652,3.446746587753296,2.017301082611084,0.40277543663978577,0.21093903481960297,4.992293834686279,9.368284225463867,11.337860107421875,93.44477844238281,6.952482223510742,1.3609509468078613,1.2138142585754395,5.836390018463135,0.5698369741439819,1.5761597156524658,2.26678729057312,1.1725690364837646,27.970462799072266,3.9483346939086914,0.2942068576812744,22.963882446289062,7.072500705718994,0.7340736389160156,6.198248386383057,0.6054330468177795,0.0,0.9256275296211243,0.029781963676214218,0.48622241616249084,0.717522382736206,1.4065723419189453,6.431820392608643,5.548584461212158,5.156344413757324,0.21911320090293884,8.389098167419434,0.6830170154571533,1.0910049676895142,0.8747032284736633,3.4217255115509033,1.5205333232879639,7.21885871887207,2.3313205242156982,2.0655410289764404,4.394000053405762,5.203185558319092,1.0243957042694092,1.1187711954116821,2.890700340270996,5.722970962524414,0.12768864631652832,0.8562417030334473,0.8004804253578186,3.9876675605773926,0.7136799693107605,5.325019359588623,1.1116952896118164,0.9455620646476746,4.355705261230469,0.1291784644126892,4.722529888153076,1.153252124786377,2.7302029132843018,0.7435840368270874,0.6138750314712524,1.3875678777694702,3.199775218963623,0.7684122323989868,1.3289868831634521,2.5891435146331787,4.859779357910156,0.0,0.8949276804924011,7.36924409866333,15.561958312988281,0.9350734949111938,0.061328914016485214,4.408050060272217,1.8258326053619385,11.494819641113281,17.639326095581055,0.7396814823150635,0.5523914098739624,5.326176643371582,0.11212897300720215,133.08123779296875,5.529922008514404,16.488492965698242,3.6395375728607178,5.430023193359375,0.37412750720977783,7.581912040710449,1.3092741966247559,2.0921435356140137,0.7673084735870361,1.1760520935058594,0.8683274388313293,2.472590923309326,0.545589804649353,2.180022716522217,1.5610418319702148,0.6533655524253845,0.0,0.0,0.28498804569244385,0.0,0.0,0.0,0.08299901336431503,0.0,0.5147024393081665,0.2723843455314636,0.015322482213377953,4.790864944458008,5.01580286026001,3.5778651237487793,7.003527641296387,3.9419679641723633,3.5915045738220215,4.906158924102783,13.3087739944458,1.7138235569000244,1.8831145763397217,8.028167724609375,3.879631996154785,10.93179702758789,11.334549903869629,55.399803161621094,36.31283950805664,15.532390594482422,0.27248474955558777,8.972931861877441,3.1544764041900635,0.0,27.052827835083008,1.5761209726333618,6.9528632164001465,21.247011184692383,12.849360466003418,0.529167652130127,4.90397310256958,9.824782371520996,0.725326657295227,9.053511619567871,4.778666019439697,8.759523391723633,3.460282564163208,1.7291021347045898,5.283374786376953,91.32135009765625,131.05084228515625,12.9688138961792,264.4962158203125,7.094610214233398,7.203104019165039,24.949012756347656,28.21109962463379,0.0,2.5350682735443115,28.092031478881836,13.04317569732666,7.371407508850098,0.0,0.0,1.822043538093567,0.0,7.8205156326293945,3.6177921295166016,2.6166582107543945,4.0845627784729,0.26732906699180603,0.0,0.9117454290390015,1.3138898611068726
TEST_05+1일,4.1960248947143555,0.0,6.821728229522705,2.4054043292999268,0.537194013595581,0.9999492764472961,1.778687834739685,0.0,1.317246913909912,0.16576966643333435,0.4724588692188263,0.46550318598747253,1.059014081954956,0.0,0.35081517696380615,0.0,3.0835561752319336,0.4798130989074707,0.7240270376205444,4.269383430480957,2.433582067489624,1.3058217763900757,0.27272090315818787,0.6370570659637451,0.1313772201538086,0.0,3.142181634902954,5.045517444610596,15.555996894836426,4.097324371337891,3.418412685394287,3.4639413356781006,1.1340066194534302,1.4330322742462158,2.1416499614715576,4.104317665100098,59.94911193847656,7.137136459350586,0.0,31.949174880981445,25.695043563842773,2.136204242706299,2.804903268814087,1.0079175233840942,0.5935962796211243,2.8047335147857666,0.04310179501771927,5.2987823486328125,0.9687848687171936,5.070768356323242,33.35841369628906,1.5489054918289185,8.834074974060059,1.3634238243103027,2.541412591934204,2.022568941116333,4.781441688537598,5.794808387756348,2.40702486038208,2.7685461044311523,33.99686813354492,8.243331909179688,7.556563854217529,18.877893447875977,4.234349250793457,5.134395122528076,0.22550061345100403,0.8205632567405701,3.06986403465271,1.331421136856079,1.6441304683685303,8.14183235168457,0.16673646867275238,0.468386709690094,6.180134296417236,1.8512979745864868,1.0760259628295898,2.315986156463623,0.0,5.613603591918945,1.3627692461013794,1.4325674772262573,6.880875110626221,0.2920622229576111,4.427986145019531,1.0479940176010132,3.150455951690674,1.0639066696166992,4.56473445892334,6.336240768432617,0.8855817914009094,2.2250313758850098,11.457608222961426,20.482208251953125,1.6412674188613892,0.038683898746967316,0.695336639881134,0.9661229848861694,10.369918823242188,7.921716213226318,0.8835494518280029,0.8696705102920532,5.598148822784424,0.13443109393119812,196.0968017578125,0.0,50.70130157470703,12.113624572753906,7.65058708190918,2.8157081604003906,9.078309059143066,4.054958820343018,1.0226142406463623,0.8437363505363464,0.4420015215873718,1.8617205619812012,4.265934944152832,0.5042337775230408,1.807814598083496,6.335320949554443,4.5551605224609375,0.0,0.16572049260139465,0.0,0.0,0.23625531792640686,0.0,0.07016651332378387,0.15119537711143494,0.012074409052729607,0.06971382349729538,0.0974978506565094,0.0,5.706872940063477,6.886343002319336,12.107413291931152,2.0592613220214844,0.513063907623291,4.87238073348999,12.10503101348877,5.807096004486084,1.914017677307129,5.888454437255859,3.9700422286987305,87.0263900756836,121.32684326171875,0.0,0.0,112.69217681884766,62.3428955078125,69.44013977050781,84.02487182617188,2.9274988174438477,256.1726379394531,173.4985809326172,121.06098937988281,89.75142669677734,39.56756591796875,9.590527534484863,88.11932373046875,121.50455474853516,12.374850273132324,77.3910903930664,41.138038635253906,107.90882110595703,99.9627685546875,25.44002914428711,0.169168621301651,873.71484375,827.8955078125,83.43683624267578,172.02296447753906,57.05978775024414,158.82357788085938,97.74162292480469,335.72161865234375,56.19515609741211,18.930946350097656,138.3945770263672,156.21803283691406,0.8374773859977722,0.30182379484176636,0.9418509006500244,0.4399808347225189,1.1202962398529053,0.19122907519340515,0.6489426493644714,1.3625342845916748,0.2060612291097641,0.0,0.0,0.06576710939407349,0.13804052770137787
TEST_05+2일,3.608794927597046,0.0,6.44299840927124,2.243051052093506,0.4812818169593811,0.713224470615387,2.3414273262023926,0.0,0.48619964718818665,0.11405085772275925,0.3982553482055664,0.48845547437667847,1.0882554054260254,0.0,0.0,0.003680773079395294,5.280646324157715,0.48660773038864136,0.674885630607605,9.81839370727539,4.200148582458496,0.656875729560852,0.24138960242271423,0.768470287322998,0.2505757808685303,0.18181073665618896,2.7864723205566406,0.0,13.4963960647583,3.520944833755493,2.8697588443756104,2.534757137298584,1.21095871925354,0.915236234664917,2.2668912410736084,4.339626312255859,35.269466400146484,5.941256046295166,0.6610825061798096,20.9238338470459,24.707530975341797,1.0892589092254639,2.0825154781341553,0.9933760762214661,1.5090886354446411,2.2895126342773438,0.06661735475063324,4.502786636352539,0.8687031269073486,3.7149369716644287,30.5942325592041,2.0520267486572266,8.075318336486816,2.2052152156829834,1.653668761253357,4.600711822509766,4.195906162261963,2.8478732109069824,1.8066447973251343,0.9441064596176147,20.85358238220215,8.23678207397461,3.34829044342041,15.439146995544434,3.374875783920288,1.7426173686981201,0.12324663251638412,1.2281882762908936,1.0878602266311646,1.067032814025879,1.7173388004302979,7.5629353523254395,0.13886591792106628,0.25859373807907104,0.0,0.8007177710533142,0.6417391300201416,2.245659589767456,0.10598456859588623,5.526650905609131,1.1905397176742554,0.0,1.1175339221954346,0.2959901690483093,1.9116203784942627,1.1700938940048218,2.870396137237549,0.8010497689247131,3.3059685230255127,4.242454528808594,9.652902603149414,1.9749985933303833,1.6625514030456543,12.653216361999512,1.257102131843567,0.009070895612239838,0.7215675711631775,0.43770694732666016,10.330873489379883,7.212217807769775,0.35972559452056885,0.6306161284446716,4.975314617156982,0.14687520265579224,75.33674621582031,86.04096221923828,46.73653793334961,4.788115978240967,6.909438610076904,1.8460266590118408,4.604612350463867,0.10529360175132751,0.7540379762649536,0.8667441010475159,0.4588164687156677,3.0406289100646973,5.153921604156494,0.13314631581306458,1.3726252317428589,0.39716848731040955,3.8351199626922607,9.980463027954102,0.0,0.0,0.04456787556409836,0.5833825469017029,0.014584805816411972,0.08932149410247803,0.35981497168540955,0.25140661001205444,0.18483713269233704,0.07801252603530884,0.0,4.411080837249756,3.449747323989868,9.639273643493652,2.397515296936035,0.0,2.388183116912842,8.37513256072998,2.6284234523773193,0.8336414694786072,5.438654899597168,1.4899029731750488,68.57650756835938,80.4560775756836,6.382688999176025,4.671608924865723,98.36654663085938,38.13984680175781,62.964698791503906,58.849525451660156,2.9865660667419434,167.68365478515625,103.6144027709961,71.5969467163086,73.90818786621094,35.60782241821289,6.554688453674316,91.99882507324219,82.80126953125,13.419923782348633,47.70212936401367,32.861045837402344,74.20855712890625,75.22785186767578,13.630019187927246,0.03283337131142616,453.3742980957031,378.631103515625,63.18586349487305,170.89695739746094,43.01295471191406,104.36670684814453,79.70386505126953,168.09005737304688,56.763511657714844,12.209120750427246,95.9549331665039,76.9145736694336,0.0,0.0,0.0636742115020752,0.0,0.4140354096889496,0.07320331037044525,0.0,0.0,0.0,0.0,0.0,0.0,0.0
TEST_05+3일,3.6791818141937256,0.0,5.6748199462890625,2.3924944400787354,0.38562798500061035,0.8286389112472534,3.789271116256714,0.0,0.7109991908073425,0.09188331663608551,0.3849942088127136,0.5189723372459412,1.0784375667572021,0.0,0.0,0.0,8.425529479980469,0.6234234571456909,0.6976720690727234,7.212515354156494,3.083693742752075,0.40906190872192383,0.19407692551612854,0.5609276294708252,1.0443923473358154,3.596884250640869,1.9445236921310425,41.12456130981445,10.80490779876709,3.481938123703003,2.850412130355835,2.115185260772705,1.974584698677063,0.5794909596443176,2.2508463859558105,4.175228118896484,24.65053939819336,4.539220809936523,0.3911893367767334,16.4220027923584,21.464811325073242,0.7207357287406921,1.9198510646820068,1.2566547393798828,0.9244359135627747,1.9864370822906494,0.21338991820812225,3.2244913578033447,1.7794486284255981,2.4846880435943604,19.498519897460938,2.4490699768066406,7.344908237457275,1.6765457391738892,1.4788843393325806,0.6497213840484619,2.6501917839050293,2.0062780380249023,0.603654682636261,0.9443178772926331,7.872921466827393,7.028906345367432,2.746591329574585,11.00110149383545,2.6299684047698975,0.9639689922332764,0.287331759929657,1.0495336055755615,1.596494197845459,1.0313912630081177,1.6318179368972778,7.176211357116699,0.13934440910816193,0.09510298073291779,1.3006294965744019,1.124836802482605,0.67507004737854,1.6238243579864502,0.0,4.753448486328125,1.1444447040557861,0.042547982186079025,2.4966371059417725,0.4016161262989044,1.3312150239944458,0.7030050158500671,2.6486592292785645,0.717367947101593,3.5503697395324707,3.706594228744507,5.09420108795166,2.1469082832336426,0.45670002698898315,8.401543617248535,0.8328083157539368,0.06967523694038391,1.171903371810913,0.8403465747833252,10.6728515625,5.767026901245117,0.03407575562596321,0.5000317692756653,3.4716358184814453,0.15343409776687622,0.0,101.80274963378906,43.566890716552734,3.805572748184204,3.251894950866699,1.5351793766021729,2.6144847869873047,0.7311879396438599,0.4760757386684418,0.6862729787826538,0.44808027148246765,3.5287814140319824,4.456511497497559,0.14018304646015167,1.5127990245819092,0.3032705783843994,3.5171308517456055,11.39070987701416,0.2761250436306,0.018352985382080078,0.32843664288520813,0.6122152805328369,0.026911631226539612,0.17483703792095184,0.16157560050487518,0.1236182376742363,0.0996701791882515,0.0,7.188072681427002,4.239457607269287,3.8599090576171875,6.7425947189331055,3.220762252807617,0.48842960596084595,2.9980337619781494,7.066889762878418,0.8053813576698303,0.3679278492927551,5.146842002868652,3.1605849266052246,54.120155334472656,58.575313568115234,0.0,12.091652870178223,86.29215240478516,35.74152755737305,52.26958465576172,49.50654602050781,3.0614092350006104,147.17971801757812,69.2269287109375,62.65559005737305,71.43428802490234,32.76837921142578,7.479816436767578,89.42730712890625,61.03590393066406,12.842637062072754,41.26636505126953,24.73691177368164,70.58853149414062,56.5325927734375,13.588033676147461,0.0,351.2888488769531,313.2022705078125,48.403472900390625,214.6722869873047,31.821035385131836,67.70117950439453,75.45834350585938,146.39315795898438,53.612396240234375,7.894512176513672,82.91250610351562,61.99794006347656,0.0,0.0,0.0,0.0,0.0,0.0,0.0,0.0,0.0,0.0,0.0,0.04027681052684784,0.0
TEST_05+4일,3.7744619846343994,0.0,5.334434509277344,2.435229778289795,0.31865131855010986,1.1503891944885254,5.122636318206787,0.0,1.1228363513946533,0.11507149785757065,0.6556084156036377,0.49023085832595825,0.9769805073738098,0.0,0.0,0.0,10.449991226196289,0.5860357284545898,0.6586363911628723,6.742559909820557,2.438903570175171,0.7332355976104736,0.2597750127315521,0.6989253759384155,0.41341426968574524,12.009197235107422,1.9580820798873901,34.48752975463867,8.991296768188477,3.5994129180908203,2.3687314987182617,1.7056856155395508,1.1519477367401123,0.5802828669548035,2.575110673904419,4.037886619567871,19.8023738861084,3.5362062454223633,0.49747785925865173,13.900972366333008,18.16852569580078,1.3950234651565552,1.958622694015503,1.1505610942840576,1.028507947921753,1.8930001258850098,0.0,2.416245937347412,1.6752183437347412,2.664656639099121,12.936552047729492,2.155923843383789,7.355860233306885,0.8099502921104431,1.3525269031524658,0.0,2.367697238922119,0.9176462888717651,0.6728498339653015,0.0,8.29329776763916,5.3010125160217285,2.656418561935425,9.645160675048828,2.4622814655303955,2.764397144317627,0.37650245428085327,0.7849612236022949,3.000474691390991,1.090267300605774,1.6472363471984863,6.151523590087891,0.16114680469036102,0.31943440437316895,5.702134609222412,1.633146047592163,0.7386048436164856,1.2148826122283936,0.0,4.161019325256348,1.1212643384933472,0.9269077181816101,1.3418879508972168,0.5315356254577637,1.3047516345977783,0.8238207697868347,2.620836019515991,0.9406977295875549,3.9622366428375244,4.7141218185424805,0.04750896245241165,2.1067709922790527,0.2811651825904846,5.6382927894592285,0.48885539174079895,0.08271902799606323,0.86521315574646,0.9610123634338379,11.936715126037598,3.8276498317718506,0.5377760529518127,0.3996155261993408,2.552104949951172,0.13512149453163147,0.0,136.348876953125,34.4703254699707,0.5247668027877808,2.7470216751098633,0.7336512804031372,2.536487102508545,1.1234599351882935,0.48950332403182983,0.936587929725647,0.4741328954696655,0.1091347262263298,2.865217685699463,0.38578158617019653,1.1383306980133057,0.0,2.8238906860351562,0.0,1.632334589958191,0.034133195877075195,0.5544931888580322,0.09395226836204529,0.03513971343636513,0.43106406927108765,0.5703654885292053,1.0477230548858643,0.11145952343940735,0.0,11.432883262634277,4.458316802978516,1.8162565231323242,5.737888336181641,3.328087568283081,0.15629440546035767,1.4775116443634033,6.080494403839111,0.628431499004364,0.4860115647315979,4.891699314117432,2.507497549057007,56.23408508300781,54.2263298034668,10.043038368225098,20.3503475189209,80.1082992553711,44.44147872924805,44.58740234375,46.63438415527344,2.956009864807129,163.8979949951172,71.69306182861328,68.9835205078125,74.30907440185547,34.14067459106445,9.149548530578613,86.21480560302734,73.04185485839844,11.30674934387207,46.53968811035156,21.968061447143555,70.22871398925781,48.014808654785156,17.006900787353516,0.0,386.3826599121094,316.00897216796875,45.966880798339844,227.43295288085938,30.585691452026367,60.13050079345703,65.02570343017578,108.05826568603516,53.91740798950195,8.254039764404297,80.0048599243164,55.09260177612305,0.0,0.019800309091806412,0.0,0.0,0.0,0.0,0.0,0.0,0.0,0.0,0.0,0.0,0.0
TEST_05+5일,4.723153114318848,0.0,4.360540866851807,2.5262904167175293,0.3200894594192505,1.7210866212844849,7.081077575683594,0.0,1.7687411308288574,0.15518341958522797,0.7669519782066345,0.4478157162666321,0.9644099473953247,0.0,0.13022381067276,0.008899737149477005,10.248329162597656,0.6197400689125061,0.738945722579956,13.042494773864746,5.216498851776123,0.8803840279579163,0.360490620136261,0.6428781747817993,0.6236245632171631,25.61918067932129,2.8065738677978516,14.398009300231934,9.850754737854004,3.337778091430664,1.9014391899108887,1.7083078622817993,1.4679169654846191,0.6355953812599182,2.271613121032715,4.106600761413574,16.955097198486328,4.030673027038574,0.0,17.7816104888916,17.354393005371094,2.946704626083374,2.4003052711486816,0.9608891606330872,2.4646966457366943,1.9013855457305908,0.0,2.6676204204559326,1.0365667343139648,3.2734527587890625,11.938200950622559,1.5146002769470215,7.744129657745361,0.8307976722717285,1.3064645528793335,0.0,1.9857228994369507,0.8016088008880615,1.2618738412857056,0.28030383586883545,10.65506649017334,4.62843132019043,3.6218435764312744,11.124415397644043,3.1947221755981445,3.261406183242798,0.5436715483665466,0.5806698203086853,3.4527368545532227,1.1970044374465942,1.807866096496582,4.9002861976623535,0.17790482938289642,1.2869645357131958,5.728900909423828,2.148381471633911,0.6957019567489624,1.017479658126831,3.472081422805786,4.068792819976807,1.1270647048950195,2.2265665531158447,1.2649916410446167,0.6660051345825195,1.5661051273345947,1.4257227182388306,2.4689478874206543,0.9690737724304199,3.200232744216919,5.002346038818359,21.038394927978516,2.0719380378723145,2.51522159576416,6.446404933929443,0.5333471894264221,0.08923105895519257,0.5517464876174927,0.6298227310180664,13.216297149658203,2.5872137546539307,0.6431829333305359,0.3818722665309906,2.6658334732055664,0.15721610188484192,0.0,112.25553894042969,29.803071975708008,1.7462570667266846,4.173564434051514,0.5745093822479248,2.570327043533325,1.0938615798950195,0.5832246541976929,0.9209420680999756,0.4586579203605652,0.0,1.3167197704315186,0.9672622680664062,1.386799931526184,1.6570837497711182,2.4824674129486084,116.39482879638672,0.9808680415153503,0.06002843379974365,0.17311212420463562,0.03160152584314346,0.02936115488409996,0.4732621908187866,1.3277020454406738,4.537654399871826,0.14431132376194,0.46302205324172974,32.95924758911133,4.567155361175537,1.80963933467865,4.887005805969238,2.9155218601226807,0.35688474774360657,2.4920809268951416,5.448945045471191,1.011746883392334,0.802178144454956,5.255460262298584,2.4506912231445312,56.30214309692383,61.29945755004883,55.489139556884766,19.2714900970459,88.23098754882812,35.67144012451172,48.03975296020508,45.42522048950195,3.078836441040039,150.72352600097656,61.493133544921875,75.22686004638672,69.1800765991211,35.978267669677734,8.496171951293945,79.09530639648438,75.97611236572266,11.377766609191895,40.56525421142578,17.473270416259766,68.08306884765625,41.761966705322266,15.369044303894043,0.11209766566753387,423.390869140625,357.5067138671875,60.4503173828125,311.2008056640625,39.88031768798828,65.25260162353516,55.62266540527344,124.50758361816406,55.56090545654297,2.5536482334136963,101.87811279296875,67.9268798828125,0.0,0.0,0.0,0.0,0.0,0.1251417100429535,0.0,0.0,0.28415781259536743,1.2649810314178467,0.0,0.0,0.0
TEST_05+6일,5.916168212890625,0.0,4.805243492126465,2.922694683074951,0.370201975107193,2.495239496231079,5.238985538482666,0.10508433729410172,3.1851651668548584,0.09516727924346924,0.794596791267395,0.4671807885169983,0.9318774938583374,0.031530365347862244,0.7322568893432617,0.0,6.871808052062988,0.5889411568641663,0.7477832436561584,10.17651653289795,4.196332931518555,0.9614263772964478,0.5404230952262878,0.6365522742271423,0.46799415349960327,19.683565139770508,2.717010498046875,124.28109741210938,11.725038528442383,5.066337585449219,2.226736545562744,1.8792550563812256,6.970546245574951,1.0727005004882812,2.1617655754089355,4.06313943862915,19.895002365112305,6.490030288696289,0.20454442501068115,25.199260711669922,25.399288177490234,4.351090431213379,2.968947410583496,1.0597318410873413,2.7379274368286133,2.087397575378418,1.381339430809021,2.6842379570007324,0.6725493669509888,3.265895128250122,11.739599227905273,1.2088780403137207,7.739433765411377,1.0861773490905762,1.254990577697754,0.10726059973239899,1.9706569910049438,1.0074044466018677,1.4108225107192993,0.5439518094062805,13.290705680847168,4.874006748199463,3.226271390914917,15.234621047973633,4.685828685760498,2.434901714324951,0.9945536851882935,1.5624911785125732,3.3559327125549316,1.2053420543670654,2.085391044616699,4.081027984619141,0.19644366204738617,1.7913339138031006,3.495405435562134,2.2678897380828857,0.883230447769165,1.116194248199463,3.6991562843322754,5.06904935836792,1.1133127212524414,1.380928874015808,0.0,0.6472234725952148,4.605687141418457,1.7503371238708496,2.2714462280273438,1.1525447368621826,3.3862359523773193,5.168774127960205,39.74625778198242,1.8843159675598145,2.2722935676574707,7.44047737121582,0.7380271553993225,0.09262768924236298,0.3944185674190521,0.9917877912521362,14.583366394042969,4.040083885192871,0.859116792678833,0.42911913990974426,4.464286804199219,0.1733056902885437,0.0,138.59437561035156,33.50453186035156,4.425093173980713,2.1406757831573486,1.3081116676330566,5.201907634735107,0.8330762386322021,0.506616473197937,1.088863730430603,0.45629793405532837,0.2951536774635315,1.6530606746673584,0.29323822259902954,1.4855455160140991,0.0,2.2518930435180664,49.21736145019531,0.08106045424938202,0.07038354873657227,0.0,0.06105472892522812,0.04641854017972946,0.24204181134700775,0.6427682638168335,3.2818760871887207,0.2077159285545349,0.5046992301940918,36.865657806396484,5.231589317321777,9.47429370880127,6.8750810623168945,2.2542128562927246,0.06308954954147339,3.624817132949829,10.73781967163086,2.2618985176086426,1.4214882850646973,5.000904560089111,1.7013556957244873,57.99521255493164,71.48555755615234,165.9473419189453,13.969894409179688,97.34251403808594,47.89308547973633,60.0976676940918,52.01323318481445,3.1166417598724365,209.21090698242188,56.82792282104492,110.24159240722656,84.94774627685547,36.775508880615234,9.242505073547363,76.44509887695312,75.7333984375,11.873815536499023,46.8160400390625,23.645503997802734,82.52005004882812,39.353759765625,24.04751205444336,0.36887049674987793,703.7525024414062,628.840087890625,85.28729248046875,628.1434326171875,56.29421615600586,104.52918243408203,139.41732788085938,274.76739501953125,53.46363830566406,12.58041763305664,162.93162536621094,98.16786193847656,0.537844181060791,0.618549644947052,0.45686888694763184,0.0,0.0,0.5416113138198853,0.6624546647071838,4.189781188964844,1.2017543315887451,2.387312173843384,0.0,0.0,1.418136477470398
TEST_05+7일,6.133771896362305,0.0,5.943528652191162,3.0763213634490967,0.4655962884426117,1.4851057529449463,3.2352993488311768,0.07698576152324677,3.797450304031372,0.13177011907100677,0.8193497061729431,0.4459117650985718,0.8615715503692627,0.050768643617630005,1.0685170888900757,0.0,7.4663214683532715,0.5804710388183594,0.6413365006446838,0.0,2.976001262664795,2.4325335025787354,0.5747708082199097,0.4084027409553528,0.0,6.778622627258301,2.174459457397461,35.5803108215332,14.946904182434082,7.417148113250732,3.511411190032959,1.935180425643921,6.212376594543457,1.692210078239441,2.468534231185913,3.8891706466674805,37.345062255859375,8.422719955444336,3.152240037918091,31.98670768737793,36.44003677368164,3.960299015045166,3.0226643085479736,0.5504981875419617,1.7598204612731934,2.2911691665649414,0.5757901668548584,3.1516242027282715,0.4497302770614624,3.837740898132324,16.246334075927734,1.668001651763916,7.495311260223389,2.67153263092041,1.1208574771881104,0.9516556262969971,2.170539379119873,4.0140509605407715,2.299349308013916,1.7003768682479858,25.53597068786621,5.721603870391846,19.76052474975586,18.69806671142578,6.626013278961182,3.9940829277038574,0.6686186790466309,1.3015706539154053,3.810760736465454,1.0670710802078247,2.1967906951904297,3.862649917602539,0.1921265423297882,0.38408663868904114,3.9526047706604004,2.027512550354004,1.0621721744537354,1.215437889099121,0.09569033235311508,5.6075639724731445,1.1143351793289185,1.0366069078445435,2.804824113845825,0.8050803542137146,6.990761756896973,2.8232269287109375,1.7901936769485474,2.223965644836426,3.2111847400665283,5.000051498413086,5.741143226623535,2.258955478668213,3.8957347869873047,11.693991661071777,0.0,0.1396104097366333,0.3006419539451599,1.2857112884521484,14.491849899291992,8.58014965057373,2.4131088256835938,0.5591416954994202,5.823879718780518,0.2208002805709839,75.61456298828125,0.0,28.69903564453125,12.369563102722168,0.398637592792511,3.0764060020446777,10.879100799560547,0.7942336797714233,0.742404580116272,0.7530364990234375,0.4199749231338501,1.4416096210479736,2.110656499862671,0.9710186123847961,1.3417646884918213,2.0548524856567383,2.789445161819458,0.0,0.0,0.055837035179138184,0.0,0.18280397355556488,0.0008788183331489563,0.0,0.0,0.9444373250007629,0.988684356212616,0.06866361945867538,11.570270538330078,7.132090091705322,10.995282173156738,10.622084617614746,4.042786598205566,1.2096338272094727,5.700197219848633,15.500809669494629,1.355210304260254,1.1307400465011597,5.513974189758301,1.1307491064071655,81.01061248779297,111.78347778320312,38.87263488769531,1.3210352659225464,103.17801666259766,100.98234558105469,72.64228057861328,76.61102294921875,3.1696677207946777,309.1724548339844,132.3901824951172,184.00918579101562,109.36477661132812,38.905181884765625,6.772373676300049,69.43441772460938,113.27388763427734,11.77249526977539,82.64445495605469,50.062442779541016,121.50411224365234,71.51873779296875,38.896297454833984,0.4992467761039734,1157.891357421875,998.7999877929688,99.03702545166016,722.9031982421875,64.12825775146484,173.70751953125,243.5704803466797,480.0333557128906,54.188873291015625,38.500064849853516,202.65919494628906,171.1696014404297,1.1581978797912598,0.6637396812438965,1.9234535694122314,0.0,1.0445497035980225,1.9230241775512695,1.1087102890014648,7.3144941329956055,1.446111798286438,2.1084675788879395,0.7209762334823608,0.5382109880447388,2.428217887878418
TEST_06+1일,3.8817954063415527,2.7109761238098145,8.960397720336914,2.8163506984710693,0.9939916729927063,0.29114022850990295,0.0,0.0,1.0119422674179077,0.11052446067333221,0.24391178786754608,0.2549821138381958,0.6303111910820007,0.0,1.0608757734298706,0.0,6.3884196281433105,0.5184661746025085,0.3433247208595276,0.4708656668663025,1.6903985738754272,0.4305703938007355,0.07333134114742279,0.3203146457672119,0.0,0.7530743479728699,1.0494979619979858,7.955714225769043,16.24532127380371,16.957447052001953,12.206526756286621,1.8665342330932617,1.3462653160095215,1.2972463369369507,2.257874011993408,3.292754888534546,70.14381408691406,3.8352134227752686,1.386696696281433,29.92656707763672,35.00630187988281,1.1887540817260742,7.195098400115967,0.06494970619678497,2.14396333694458,2.968618631362915,0.019148923456668854,7.71792459487915,0.08282937854528427,3.2727274894714355,33.64377212524414,2.540220022201538,6.764463424682617,0.0,1.180381178855896,0.6254714727401733,1.3499606847763062,8.005197525024414,2.302307367324829,0.28332817554473877,32.172630310058594,4.757875919342041,8.00136947631836,19.902509689331055,3.4898757934570312,1.1317908763885498,0.18750298023223877,2.8879191875457764,10.344834327697754,1.3267892599105835,1.211107850074768,2.6572771072387695,0.0872538685798645,0.6300073862075806,7.788081645965576,0.10758058726787567,0.3629968762397766,1.4446196556091309,0.7750420570373535,1.694089651107788,2.4301583766937256,0.790076732635498,8.128305435180664,0.971982479095459,1.9145150184631348,3.077907085418701,1.693211555480957,1.694000482559204,6.623770236968994,12.545085906982422,2.3349664211273193,3.3410727977752686,7.224555969238281,25.786895751953125,4.884158134460449,2.705317497253418,1.3446383476257324,1.4890327453613281,13.771878242492676,6.431005477905273,0.0,0.7631492018699646,9.255988121032715,0.7089365720748901,145.22271728515625,0.0,38.399017333984375,6.692665100097656,2.904848337173462,0.4291428327560425,3.3035359382629395,1.4763580560684204,1.083687424659729,0.4635394811630249,0.07409562170505524,2.089238166809082,7.0849080085754395,0.38866662979125977,5.915176868438721,1.3079743385314941,0.6694666743278503,6.998991966247559,0.0,0.0,0.02948591858148575,0.34959477186203003,0.43618664145469666,0.0,0.0,0.0,0.07758024334907532,0.17340952157974243,0.0,2.6906790733337402,0.14201149344444275,2.3070051670074463,3.6327667236328125,1.8090590238571167,1.4624731540679932,8.681476593017578,1.005750298500061,0.11465882509946823,1.7493486404418945,1.613427996635437,100.0283432006836,110.28472900390625,6.401482105255127,0.0,99.97431182861328,77.60415649414062,42.127498626708984,53.280574798583984,5.8916544914245605,237.24070739746094,143.9657440185547,118.13541412353516,97.80970001220703,41.583946228027344,3.152367353439331,33.74414825439453,108.25850677490234,10.267256736755371,79.48831939697266,44.91792678833008,121.02156066894531,94.89729309082031,38.66730880737305,0.29156821966171265,701.5742797851562,348.220947265625,153.41864013671875,389.2319641113281,111.35962677001953,140.62060546875,99.89588165283203,240.61167907714844,48.820709228515625,29.981849670410156,136.4404296875,213.4976348876953,0.9740564227104187,0.31018251180648804,1.2967733144760132,0.8354055881500244,0.8957932591438293,0.8004224300384521,0.7432860136032104,3.1533334255218506,0.8461943864822388,0.2809414863586426,0.0,0.2391286939382553,0.29295945167541504
TEST_06+2일,3.729017734527588,0.0,7.433459758758545,2.2620859146118164,0.26426953077316284,1.355078935623169,2.1649622917175293,0.0,0.7901352047920227,0.07409326732158661,0.11945827305316925,0.18880903720855713,0.5387617349624634,0.0,0.4715454578399658,0.0038523226976394653,18.97240447998047,0.5192515850067139,0.3075811266899109,0.3816030025482178,3.27892804145813,0.2648693919181824,0.013186879456043243,0.37991899251937866,4.756237506866455,1.1596547365188599,0.0,24.760154724121094,15.903855323791504,3.32761549949646,7.9627509117126465,2.145596504211426,1.2107189893722534,0.7607570290565491,2.379141330718994,3.411511182785034,29.68175506591797,3.343496799468994,0.8686829805374146,15.434988975524902,23.739377975463867,1.0941261053085327,8.008255004882812,0.38395899534225464,1.4411907196044922,2.690532922744751,0.3126299977302551,5.440835475921631,0.2113725244998932,4.335967540740967,30.16775894165039,4.352636337280273,6.752021789550781,0.2672380208969116,1.4618433713912964,0.0,1.0897550582885742,5.353711128234863,0.8299327492713928,0.23931756615638733,14.07618522644043,4.428438186645508,7.08808708190918,16.423063278198242,2.962470054626465,0.9789562225341797,0.1057453528046608,0.16410928964614868,5.932486534118652,1.1792316436767578,1.375053882598877,1.9195448160171509,0.14371609687805176,0.6560426354408264,7.207067966461182,0.0,0.2630784809589386,4.265968322753906,0.41558408737182617,0.5530431270599365,1.7843608856201172,0.5628003478050232,1.28208589553833,0.5524042248725891,0.781684398651123,7.687526702880859,1.66134774684906,0.8215978145599365,5.917880535125732,1.6178343296051025,3.5143017768859863,0.25054141879081726,1.0159292221069336,14.434456825256348,14.580657958984375,0.7528008222579956,1.781893014907837,0.7072803974151611,11.961997985839844,5.786646842956543,0.4135666489601135,0.12551812827587128,8.617022514343262,0.7194597721099854,19.110157012939453,75.17333984375,34.97959899902344,2.633350372314453,2.2277028560638428,0.34971076250076294,2.975731611251831,1.0780454874038696,0.6701014041900635,0.47260618209838867,0.1795128732919693,0.8834976553916931,2.051647663116455,0.3076897859573364,7.176014423370361,1.5926634073257446,0.5761841535568237,9.095820426940918,0.0,0.24157297611236572,0.0,0.7995333075523376,0.0,0.0,0.0,2.7141027450561523,0.05063337832689285,0.0,0.0,3.153320074081421,0.11351189017295837,1.3097481727600098,3.7240700721740723,0.8254386186599731,1.4807205200195312,2.602668046951294,0.8454066514968872,0.044824764132499695,0.6177040934562683,0.5927236080169678,59.661109924316406,57.99197769165039,0.0,3.9109673500061035,83.81645202636719,45.66535949707031,37.19557571411133,42.34223937988281,5.540193557739258,159.43890380859375,98.35503387451172,73.63716888427734,74.07320404052734,31.421663284301758,0.0,34.92635726928711,74.96073150634766,11.041479110717773,47.66763687133789,27.591747283935547,61.50038528442383,87.06849670410156,18.694927215576172,0.2369236797094345,358.1898193359375,219.9999237060547,108.16720581054688,314.82568359375,69.00912475585938,96.1176986694336,93.13860321044922,166.2001953125,47.034427642822266,20.573360443115234,121.50682830810547,116.51844024658203,0.007542110979557037,0.0,0.9041733741760254,0.17018721997737885,0.6049451231956482,0.7696624994277954,0.0,0.0,0.18209606409072876,0.0,0.0,0.03651771694421768,0.30569154024124146
TEST_06+3일,3.864687919616699,0.0,3.6083855628967285,2.2907304763793945,1.1457756757736206,2.129711866378784,0.7566118240356445,0.0,0.6018543839454651,0.03940755873918533,0.0943007692694664,0.1821378767490387,0.42107507586479187,0.0,0.15819916129112244,0.0,0.0,0.8197109699249268,0.3050122559070587,0.0,4.320159435272217,0.27323201298713684,0.0,0.16096735000610352,0.47240492701530457,1.846091866493225,2.784588575363159,50.22202682495117,12.367735862731934,7.4795379638671875,3.3098154067993164,3.2929654121398926,1.7923388481140137,0.6106313467025757,2.368847608566284,3.0943517684936523,29.008686065673828,2.8535232543945312,0.8777757883071899,12.742524147033691,16.91180992126465,1.8520543575286865,7.678412914276123,2.651158332824707,0.8616894483566284,1.7127366065979004,0.00310591422021389,3.6740686893463135,0.18442559242248535,5.133780002593994,24.381492614746094,9.847291946411133,6.006381511688232,0.5274344086647034,1.1328177452087402,0.32447564601898193,0.9984936714172363,3.132650136947632,1.094422698020935,0.22434130311012268,5.341460704803467,3.5432610511779785,5.930582523345947,12.319180488586426,2.3408288955688477,1.066893219947815,0.17334869503974915,0.8520610928535461,0.0,1.2096749544143677,1.7151163816452026,1.4904865026474,0.2353667914867401,0.762847900390625,7.086230278015137,0.09804442524909973,0.29916197061538696,4.536802768707275,0.4596034586429596,2.9145119190216064,1.2641754150390625,0.5489860773086548,3.661911964416504,0.4875929653644562,0.7011231780052185,3.3965370655059814,1.6401344537734985,0.7471692562103271,5.013853549957275,3.0183212757110596,45.07833480834961,0.2916388213634491,0.35237830877304077,7.30167293548584,0.0,0.0,0.341586172580719,1.1113014221191406,13.493425369262695,3.8153584003448486,0.4662895202636719,0.42100435495376587,6.999141216278076,0.7307488322257996,10.286738395690918,48.73889923095703,17.703298568725586,2.7768077850341797,1.9020030498504639,0.4313727021217346,1.9233253002166748,1.3136866092681885,0.8278024196624756,0.47696924209594727,0.0,0.1845177859067917,1.016748070716858,0.16541506350040436,2.94623064994812,1.3581346273422241,0.6456553936004639,0.0,0.06033860892057419,0.30158162117004395,0.62532639503479,0.6270743608474731,0.1813550442457199,0.28729844093322754,0.0,0.0,0.03740231692790985,0.0,1.3889580965042114,3.250993251800537,0.16374804079532623,0.7514467835426331,2.7104427814483643,0.0,1.472730040550232,2.7341928482055664,0.433710515499115,0.0,0.0,0.48705387115478516,43.08064270019531,48.494380950927734,13.888365745544434,18.60915756225586,66.39093780517578,34.927207946777344,31.511741638183594,39.588504791259766,5.221113204956055,113.56717681884766,44.97014617919922,64.05123901367188,49.87514877319336,18.674339294433594,0.0,35.63059997558594,51.34633255004883,10.254386901855469,32.285057067871094,21.231592178344727,53.639259338378906,36.48838424682617,19.413436889648438,0.0474911630153656,278.3578186035156,181.28834533691406,78.67434692382812,285.09698486328125,39.13699722290039,55.89761734008789,80.17386627197266,150.78749084472656,46.55100631713867,12.730978012084961,107.5207290649414,76.6872787475586,0.00966813787817955,0.0,0.0,0.05359310284256935,0.11827261745929718,0.0016732054064050317,0.0,0.0,0.0,0.0,0.0,0.2491704523563385,0.0
TEST_06+4일,4.037415027618408,0.0,3.1714415550231934,2.5295684337615967,0.42090708017349243,2.75994873046875,3.6245782375335693,0.0,0.5780736207962036,0.05100278556346893,0.18663965165615082,0.1607716977596283,0.15946930646896362,0.0,0.0,0.0,24.123201370239258,1.0437664985656738,0.28373613953590393,6.496555805206299,2.489964246749878,0.23636265099048615,0.01566966623067856,0.2686503231525421,0.0,3.8827903270721436,5.441112518310547,9.0633544921875,9.833906173706055,3.746493101119995,4.406856060028076,4.515260696411133,1.3366843461990356,0.716275691986084,2.6376895904541016,2.8395304679870605,18.55742645263672,3.3657870292663574,0.9148690104484558,12.374396324157715,16.79804229736328,3.1576945781707764,7.456072807312012,5.48641300201416,0.4827437996864319,0.8886128067970276,0.0,3.521057605743408,0.3114272654056549,4.602818489074707,22.135011672973633,4.416375160217285,5.963079929351807,1.1958755254745483,1.3473877906799316,0.03174903988838196,0.8505802750587463,3.82311749458313,1.3345187902450562,0.24376672506332397,5.821101665496826,3.5355865955352783,5.9471235275268555,11.575020790100098,2.535004138946533,1.2196457386016846,0.306755930185318,1.736527681350708,1.0824105739593506,1.2303155660629272,2.552671432495117,1.9314069747924805,0.26976191997528076,0.7318896055221558,5.343278884887695,0.3095625042915344,0.25298595428466797,3.1857542991638184,0.35315489768981934,4.660837650299072,0.9228615760803223,0.7369160056114197,2.8016555309295654,0.2769208252429962,0.8298332691192627,0.43678468465805054,1.6157358884811401,1.5799331665039062,4.133514404296875,5.825294017791748,25.81424331665039,0.4546411633491516,1.1421624422073364,4.91002893447876,2.891775369644165,2.3280746936798096,0.6681910753250122,0.9309799671173096,13.599662780761719,2.412904739379883,0.5348342061042786,0.4337584972381592,6.684768199920654,0.7029577493667603,8.151098251342773,44.7200813293457,21.019546508789062,2.9923932552337646,1.8621902465820312,0.5080609321594238,2.4647505283355713,0.8477190136909485,0.633224606513977,0.5578811168670654,0.12157539278268814,0.9200878143310547,0.7827442288398743,0.8346575498580933,0.3735564649105072,2.830754041671753,0.6595208644866943,74.31607055664062,0.5059585571289062,0.5031721591949463,0.567604660987854,0.7546451687812805,1.0530221462249756,0.24956461787223816,0.3756735026836395,19.57408332824707,0.0,0.6255797743797302,2.356729030609131,3.71936297416687,0.17179010808467865,0.9952410459518433,2.661313533782959,0.0,1.312770962715149,2.650343418121338,1.0983538627624512,0.06542958319187164,1.0638887882232666,0.6098039150238037,47.10071563720703,52.174278259277344,0.0,32.29744338989258,57.12166976928711,59.68690490722656,28.271047592163086,36.089359283447266,4.995917797088623,115.50531005859375,49.26731872558594,73.64134979248047,45.988853454589844,18.793840408325195,2.57352352142334,35.730262756347656,57.0942497253418,9.06657886505127,38.972599029541016,18.02400016784668,52.4270133972168,28.43143653869629,28.428735733032227,0.07289410382509232,285.3049011230469,166.95370483398438,79.44004821777344,256.81451416015625,43.69660186767578,58.610286712646484,74.57493591308594,130.49705505371094,45.35825729370117,6.979461669921875,109.3350830078125,60.983802795410156,0.0,0.0,0.0,0.0,0.0,0.0,0.0,0.0,0.0,0.0,0.0,0.0,0.0
TEST_06+5일,3.892573356628418,55.78886795043945,2.667825222015381,2.315277099609375,0.4914993643760681,2.275250196456909,12.817070960998535,0.0097820945084095,0.6294932961463928,0.07887184619903564,0.3979848623275757,0.18359264731407166,0.10516242682933807,0.0,0.0395311564207077,0.003402121365070343,88.19392395019531,0.9731088876724243,0.33521556854248047,22.782941818237305,8.419544219970703,0.17170029878616333,0.04157529026269913,0.22830334305763245,7.050684452056885,5.162529945373535,6.764157295227051,55.29344940185547,10.294183731079102,2.1392390727996826,3.1911497116088867,5.591057777404785,1.1683729887008667,0.8113928437232971,2.3010988235473633,2.8199994564056396,15.157066345214844,5.0319719314575195,1.0729577541351318,17.239877700805664,21.723512649536133,3.3924713134765625,6.7360076904296875,6.236772060394287,0.4880979359149933,0.8519234657287598,3.2127726078033447,4.436438083648682,0.3500824570655823,5.077744960784912,20.335420608520508,1.9958739280700684,10.045231819152832,0.0,1.5416278839111328,1.0991575717926025,1.0918415784835815,2.783872127532959,1.8770561218261719,0.3611534535884857,6.427464962005615,4.275496482849121,8.359609603881836,14.128028869628906,3.4818761348724365,1.5387847423553467,0.4078063368797302,1.1138298511505127,1.4589396715164185,1.261548399925232,3.2666704654693604,2.5882222652435303,0.187464639544487,0.8048443794250488,2.815056085586548,0.42131948471069336,0.7038483023643494,3.83320951461792,0.0,7.31141471862793,0.9957692623138428,0.7247501015663147,1.0436983108520508,0.505293071269989,1.4006657600402832,1.4071800708770752,1.661626935005188,0.8665046095848083,3.3300232887268066,3.7911734580993652,117.03759765625,1.1203651428222656,3.167722702026367,5.919473171234131,0.986276388168335,4.388158798217773,1.2673901319503784,3.460665702819824,14.731486320495605,2.2125041484832764,0.5275343656539917,0.6227323412895203,6.818946361541748,0.6978368759155273,8.500118255615234,46.53460693359375,22.614036560058594,3.01979660987854,2.396061420440674,0.5305163264274597,0.3904816806316376,1.982242465019226,1.04293692111969,0.6135225296020508,0.0,1.2614619731903076,1.2949564456939697,0.0,1.1515874862670898,3.6140975952148438,0.9872190952301025,89.91230010986328,1.6093006134033203,1.187455415725708,1.0840448141098022,1.0025160312652588,0.9913504719734192,1.5757778882980347,1.1839361190795898,3.1379964351654053,0.24192583560943604,1.227997064590454,3.248467206954956,3.267958641052246,0.10455364733934402,1.4711875915527344,2.766329765319824,0.0,0.99807208776474,3.581753730773926,0.8889462947845459,0.21594345569610596,0.8324816823005676,0.5064074993133545,40.37528991699219,48.95940399169922,105.61376190185547,36.3635139465332,66.17899322509766,48.64522933959961,29.57950782775879,37.97408676147461,4.8246636390686035,112.77983093261719,48.59374237060547,78.30245971679688,51.432411193847656,21.733192443847656,2.6655709743499756,36.04674530029297,59.257911682128906,8.990220069885254,35.11252975463867,18.73532485961914,51.710723876953125,37.91670608520508,22.57080841064453,0.10651346296072006,341.0493469238281,207.13613891601562,114.23282623291016,249.36459350585938,73.00897979736328,69.56200408935547,66.65396118164062,161.82427978515625,44.32585906982422,1.0231417417526245,134.9225616455078,75.56715393066406,0.0,0.0,0.01656961441040039,0.0,0.0,0.8222779631614685,0.0,0.0,0.48337113857269287,0.5268577933311462,0.0,0.11017028242349625,0.0
TEST_06+6일,4.538182735443115,72.13902282714844,3.1381990909576416,2.8986947536468506,0.42239683866500854,1.0848768949508667,9.897832870483398,0.14851704239845276,0.5448277592658997,0.03622880578041077,0.2953765392303467,0.16144976019859314,0.2614145278930664,0.017178714275360107,0.3926607370376587,0.0,10.06151008605957,0.8050739765167236,0.3988380432128906,5.651763439178467,11.156102180480957,0.10514318197965622,0.0773230493068695,0.26565760374069214,9.933185577392578,5.222299098968506,2.0141043663024902,129.45399475097656,13.584142684936523,11.172616958618164,4.462454319000244,11.79527759552002,3.661375045776367,1.0751429796218872,2.1649882793426514,2.714226245880127,9.770914077758789,6.799840450286865,1.1430057287216187,21.46786117553711,34.231510162353516,2.726558208465576,5.535961151123047,2.273019552230835,0.6128700375556946,4.5139689445495605,0.6491000652313232,4.792080402374268,0.5265436172485352,4.630178451538086,22.494539260864258,3.900550365447998,16.040952682495117,0.5646104216575623,2.8835418224334717,0.0,1.1492369174957275,2.4057459831237793,0.0,0.4757102131843567,7.292485237121582,7.197814464569092,9.98801040649414,18.41260528564453,5.162600517272949,2.213521957397461,0.49225571751594543,0.6367478966712952,2.3087620735168457,1.2759830951690674,3.458688259124756,3.090879440307617,0.055065639317035675,0.820933997631073,3.334641933441162,0.6105303168296814,1.6454005241394043,3.9174020290374756,0.27611324191093445,11.007936477661133,1.3143229484558105,1.3653817176818848,0.0,0.4026043117046356,2.09958815574646,1.719992756843567,1.5769548416137695,4.782658576965332,2.632758855819702,4.002570629119873,87.11351013183594,2.042903184890747,2.2262237071990967,9.2824125289917,0.03880546987056732,3.7201924324035645,1.591217279434204,0.8235790729522705,15.094611167907715,2.9466841220855713,5.128458023071289,1.5296505689620972,8.482817649841309,0.681350588798523,10.960199356079102,32.8179817199707,24.464412689208984,2.6456589698791504,1.893418550491333,0.580848753452301,10.939716339111328,1.465101957321167,1.6173954010009766,0.5131571292877197,2.0499391555786133,1.3349379301071167,3.9595227241516113,1.823779582977295,2.2224950790405273,1.9149761199951172,1.3311097621917725,1.4646023511886597,0.7261924147605896,1.3412775993347168,1.2447543144226074,0.0,0.3842238485813141,0.4558778405189514,1.6614751815795898,2.2442595958709717,1.1036851406097412,1.782555103302002,0.9621206521987915,6.132828712463379,0.024882281199097633,3.901639461517334,3.9398045539855957,0.0,1.99308180809021,10.02034854888916,0.0,0.29382166266441345,0.9381768107414246,2.142335891723633,45.15365982055664,60.030677795410156,294.6722717285156,24.754905700683594,81.1861572265625,56.04539108276367,32.31233596801758,48.693294525146484,4.412022590637207,139.04100036621094,44.69380187988281,134.06565856933594,57.96334457397461,26.550195693969727,0.0,36.95357894897461,63.99074935913086,9.383045196533203,29.756967544555664,24.337324142456055,62.22248840332031,37.666412353515625,34.82081604003906,0.24037104845046997,498.32269287109375,294.3011474609375,159.27943420410156,451.0753173828125,115.82179260253906,84.28529357910156,288.23822021484375,272.78594970703125,42.80459213256836,52.62622833251953,203.44290161132812,132.1181640625,0.34129202365875244,0.6928116083145142,0.7727844715118408,0.0,0.0,1.5521482229232788,0.584821879863739,2.906917095184326,1.103484869003296,1.732285976409912,0.0,0.4899727404117584,1.297390341758728
TEST_06+7일,4.6469244956970215,15.464397430419922,3.585211753845215,3.7547831535339355,0.5275216698646545,0.46126675605773926,2.1766843795776367,0.10380202531814575,0.4035932719707489,0.033760324120521545,0.21520690619945526,0.13791224360466003,1.2389459609985352,0.0448329895734787,0.5224990248680115,0.0,0.0,0.47877585887908936,0.4450504779815674,0.0,4.009971618652344,0.05351134389638901,0.06237123906612396,0.06366121768951416,8.368422508239746,3.2649848461151123,0.014971241354942322,37.586647033691406,16.566204071044922,10.418407440185547,3.4358158111572266,8.551254272460938,4.828325271606445,1.4875450134277344,2.4227352142333984,2.673673629760742,39.55852508544922,6.73786735534668,2.4448299407958984,48.34016418457031,39.9783821105957,1.9205658435821533,4.097357273101807,0.0,0.4476052522659302,3.600281238555908,0.0,7.165224075317383,1.323825478553772,5.526498794555664,31.169090270996094,4.559730529785156,18.70819091796875,0.15687039494514465,5.464768409729004,2.6343600749969482,2.7279300689697266,2.2561936378479004,2.1950230598449707,0.5180953741073608,17.083112716674805,10.53227710723877,18.754417419433594,20.243139266967773,8.023715019226074,2.386641502380371,0.4358322024345398,2.682309627532959,4.339893817901611,1.0330541133880615,2.888888120651245,2.6105782985687256,0.016275253146886826,0.6611039042472839,5.130270481109619,0.6165470480918884,1.562934398651123,3.201648235321045,0.17147177457809448,11.731952667236328,1.9884374141693115,2.087578773498535,0.6596893072128296,0.5345841646194458,2.370746612548828,2.2713544368743896,1.3612611293792725,8.356606483459473,2.0311739444732666,7.349339008331299,2.789731740951538,1.8226900100708008,5.6954569816589355,15.412293434143066,1.1069839000701904,3.4882092475891113,0.9237822890281677,0.6096739172935486,15.458568572998047,7.129765510559082,1.0440897941589355,2.0112507343292236,9.599132537841797,0.6628685593605042,92.63967895507812,1.5666310787200928,25.371829986572266,5.323668003082275,1.5662848949432373,0.6161395311355591,10.349782943725586,1.7569313049316406,1.7444136142730713,0.43565645813941956,1.8158767223358154,3.0949935913085938,6.068045139312744,5.083288192749023,4.967201232910156,3.6212215423583984,1.2808712720870972,12.131158828735352,0.8638097047805786,0.6525008678436279,0.015491154044866562,0.0938630998134613,0.0,0.14416034519672394,0.0,0.0,0.5774011015892029,0.2734084129333496,2.7176902294158936,14.476259231567383,0.0,5.399239540100098,6.332935810089111,0.6360907554626465,4.683346748352051,15.190930366516113,3.8219125270843506,0.43912526965141296,3.0328683853149414,5.924137592315674,85.59286499023438,110.64553833007812,0.0,0.0,92.4341049194336,161.59783935546875,33.57773971557617,59.593360900878906,4.238536834716797,201.81304931640625,72.22917175292969,235.39064025878906,74.24095916748047,38.25584411621094,0.0,36.096500396728516,90.71781921386719,8.993350982666016,55.13071823120117,35.58296203613281,122.73257446289062,35.0242805480957,58.320648193359375,0.3436271548271179,675.1122436523438,348.48284912109375,177.0341796875,502.919921875,131.6895294189453,105.14094543457031,308.0899658203125,304.0270690917969,41.19340896606445,36.459896087646484,195.7565155029297,194.9425811767578,0.7250032424926758,0.5965118408203125,1.5021438598632812,0.0,0.09013275802135468,3.25095272064209,0.4594048261642456,4.691730499267578,1.0280605554580688,1.4878489971160889,1.3908360004425049,0.5356770753860474,2.3284196853637695
TEST_07+1일,1.189058780670166,10.795306205749512,4.2036638259887695,0.7946218848228455,0.014588983729481697,0.18947578966617584,0.0,0.0,0.19170066714286804,0.0914580449461937,0.08965612947940826,0.13612283766269684,0.0,0.0,0.5065352916717529,0.0,9.957077980041504,0.38360103964805603,0.2956908941268921,9.408246040344238,0.0,0.4631567597389221,0.11738429963588715,0.4732881784439087,7.107956886291504,0.4798019230365753,0.0,0.0,2.8643062114715576,1.1693480014801025,2.4221081733703613,0.0,0.7408136129379272,0.877098560333252,2.4863250255584717,0.2624221444129944,12.552114486694336,2.853839874267578,1.0858073234558105,13.740789413452148,4.673310279846191,0.8704854249954224,2.305649995803833,0.11301198601722717,0.40153616666793823,1.8925851583480835,0.0005495920777320862,1.3142739534378052,0.18053488433361053,0.3596220910549164,6.9014458656311035,0.6030701994895935,2.023905038833618,0.2199324369430542,1.1263028383255005,0.2465716302394867,0.615896999835968,0.12230342626571655,0.5865814685821533,0.49813365936279297,7.602266788482666,4.196199417114258,7.405727386474609,3.8505780696868896,2.6907896995544434,0.0,0.23685944080352783,0.3753373324871063,1.0983256101608276,0.0583842396736145,3.7472667694091797,0.4532780647277832,0.0,0.414931058883667,2.18618106842041,0.09989576041698456,0.3790101110935211,0.34879830479621887,0.2417515069246292,0.381960928440094,0.019203979521989822,0.690575897693634,0.5298851132392883,0.1849597692489624,1.0449494123458862,0.5900883674621582,0.30677318572998047,0.9574475884437561,1.7712604999542236,4.126766204833984,1.6796754598617554,0.19659018516540527,0.14296436309814453,0.7660812735557556,0.4573422968387604,0.0,0.0,0.5264542102813721,5.253211498260498,0.8223037719726562,0.08528338372707367,0.9415304660797119,2.6294686794281006,0.0,72.99267578125,0.0,22.582889556884766,0.0,2.0926990509033203,0.040398161858320236,1.3749208450317383,0.0,0.19691629707813263,0.10459288209676743,0.006830647587776184,0.08167554438114166,0.0,0.0,1.640756368637085,0.5926671028137207,0.35846567153930664,2.4690840244293213,0.17100036144256592,0.14744329452514648,0.0,0.15412956476211548,0.0,0.059228211641311646,0.3980786204338074,0.314940869808197,0.6236229538917542,0.45936843752861023,85.79106903076172,0.08384688943624496,0.7149736881256104,0.0,0.04583030939102173,0.04237283021211624,0.0,0.0,1.0083640813827515,0.0,0.0,0.0,4.938708305358887,0.6994330883026123,331.4070739746094,196.98748779296875,3.5047640800476074,0.17550793290138245,3.649463415145874,0.0,0.0,5.082934856414795,0.0,1.783064365386963,8.679184913635254,3.3986358642578125,69.76829528808594,0.31699103116989136,2.360852003097534,0.2298412322998047,2.2183353900909424,1.804344892501831,3.2512705326080322,0.5774276256561279,0.0,0.6995030641555786,0.0,0.0,0.6214529871940613,1.305171251296997,0.0,0.0,0.0,0.0,0.0,0.0,0.0,0.0,0.14284822344779968,0.7082385420799255,0.22575116157531738,0.278408020734787,0.48375630378723145,0.3010638952255249,1.0743718147277832,0.4355943500995636,0.0,0.0,0.0,0.5013321042060852,0.5868895053863525
TEST_07+2일,0.05851418152451515,75.65293884277344,0.6100254058837891,0.08715257048606873,0.0,0.16611337661743164,9.895674705505371,0.0,0.0,0.08596692979335785,0.023805107921361923,0.16056039929389954,0.0,0.0,0.0018230639398097992,0.003049355000257492,40.76325225830078,0.08179952949285507,0.0927419364452362,34.64080047607422,12.692567825317383,0.44661518931388855,0.0,0.5479249954223633,0.0,2.100743532180786,0.0,5.54738712310791,2.088796615600586,1.1641970872879028,2.0465047359466553,0.8344409465789795,0.3437195420265198,0.3874703645706177,2.956467628479004,0.36895960569381714,0.0,2.6685972213745117,0.39558136463165283,0.0,3.8482701778411865,0.5029177069664001,2.2966418266296387,0.32566794753074646,0.3407536745071411,0.9270548224449158,0.0,0.9071446657180786,0.10521185398101807,0.28230780363082886,4.769546985626221,0.38243579864501953,2.015206813812256,0.17751352488994598,1.2156987190246582,0.0,0.30798056721687317,0.0,0.13163399696350098,0.2087913602590561,0.0,2.333954334259033,12.606552124023438,2.9504504203796387,2.2958171367645264,0.0,0.151842400431633,0.1223142147064209,0.21482659876346588,0.0865936279296875,0.9103537797927856,0.16852496564388275,0.0,0.4846983253955841,0.0,0.14413300156593323,0.3763163387775421,0.1615569144487381,0.07105892151594162,0.27029669284820557,0.0,0.32833558320999146,0.0,0.0,0.4963086247444153,0.03450040519237518,0.30686429142951965,0.0,0.9484578371047974,0.0,13.133420944213867,0.1040719673037529,1.0338900089263916,0.5025652050971985,0.05347786471247673,0.0,0.0,0.5183202028274536,5.850461483001709,0.2710072994232178,0.0,0.23808574676513672,1.5546245574951172,0.0,0.0,21.807960510253906,6.028102874755859,0.14713677763938904,0.4936444163322449,0.06147580221295357,0.20130173861980438,0.16999228298664093,0.14740429818630219,0.0,0.037374503910541534,0.03713065758347511,0.0,0.0,0.15900662541389465,0.9929988384246826,0.40743324160575867,4.204256057739258,0.0,0.23194026947021484,0.060619451105594635,1.2536742687225342,0.22475741803646088,0.09076148271560669,0.40064436197280884,0.5866430401802063,0.3706868290901184,0.08156263828277588,109.48250579833984,0.13778525590896606,0.6797735095024109,0.0119028240442276,0.0,0.0,0.0,0.0,0.16397133469581604,0.0,0.25412291288375854,0.0,3.8185150623321533,0.0,0.0,127.68688201904297,2.015543222427368,0.12035369873046875,2.004509687423706,0.0,0.0,2.146728992462158,0.0,1.63215172290802,5.5992350578308105,1.2188541889190674,40.242069244384766,0.0,0.3751146197319031,0.028844472020864487,1.4713894128799438,1.0849696397781372,1.8973006010055542,0.0,0.0,0.4568231701850891,0.0,0.0,0.0,0.4790288209915161,0.0,0.0,0.0,0.0,0.0,0.0,0.0,0.0,0.0,0.0,0.0,0.0,0.010995947755873203,0.327502578496933,0.0,0.0,0.0,0.0,0.0,0.18344667553901672,0.4351973235607147
TEST_07+3일,0.8698513507843018,23.841236114501953,1.3932220935821533,0.05350423604249954,0.20188601315021515,0.14858585596084595,0.0,0.0,0.0,0.07709504663944244,0.0207485631108284,0.17639796435832977,0.12038536369800568,0.0,0.0,0.0,2.197920799255371,0.02551865763962269,0.016610920429229736,27.74169158935547,2.5704867839813232,0.40216395258903503,0.0,0.3712913691997528,54.31140899658203,4.182852268218994,0.0,0.38224196434020996,1.576660394668579,1.1520164012908936,1.1295288801193237,0.27817708253860474,0.3229278028011322,0.30238839983940125,3.208134174346924,0.3866381049156189,0.38795357942581177,2.1957454681396484,0.0,0.5272637605667114,3.067312240600586,0.4699033200740814,2.6816043853759766,0.6083796620368958,0.3882642984390259,0.84952712059021,0.0,0.8795372247695923,0.04504665359854698,0.27340030670166016,3.4056942462921143,0.2585933804512024,2.2514941692352295,0.14888352155685425,0.825858473777771,0.05061136186122894,0.31129586696624756,0.0,0.0,0.2182074636220932,0.0,1.2364124059677124,2.1309828758239746,2.4471354484558105,0.567546546459198,0.0,0.18263006210327148,0.2026883363723755,0.6415539979934692,0.15084050595760345,0.15321272611618042,0.2543448507785797,0.0,0.5453251004219055,1.2862129211425781,0.28434234857559204,0.40006813406944275,0.08046922087669373,0.2706301510334015,0.1933526247739792,0.0,0.28791043162345886,0.10577358305454254,0.09284262359142303,0.32524269819259644,0.0,0.31638723611831665,0.4099242389202118,0.6569024920463562,2.368011951446533,12.886994361877441,0.19597525894641876,1.1228294372558594,1.4055418968200684,0.0,0.24040722846984863,0.18630480766296387,0.4713428318500519,5.147110939025879,0.09882281720638275,0.0,0.42200592160224915,0.8094901442527771,0.0,0.0,15.697720527648926,0.0,0.638473629951477,0.7802715301513672,0.09559269994497299,0.3593082129955292,0.12515988945960999,0.12125424295663834,0.0,0.03024454414844513,0.0939953550696373,0.0,0.0099140964448452,0.4195641279220581,1.702238917350769,0.40688514709472656,4.324978828430176,0.13996568322181702,0.36590003967285156,1.0290954113006592,1.232486605644226,1.0893549919128418,0.13922780752182007,0.2068728506565094,0.804230272769928,0.0,0.14620457589626312,40.96039962768555,0.06978219002485275,0.67341548204422,0.1856060028076172,0.0,0.0,0.0,0.2690514624118805,0.0,0.036809250712394714,0.15938133001327515,0.0,2.914010763168335,0.0,0.0,56.572998046875,0.997953474521637,0.0,0.09356653690338135,0.0,0.0,0.0,0.0,1.8209128379821777,2.2388501167297363,0.0,20.47520637512207,0.0,0.0,0.0,0.6866900324821472,0.21401777863502502,0.2535736560821533,0.0,0.0,0.26619791984558105,0.0,0.0,0.0,0.0,0.0,0.0,0.0,0.0,0.0,0.0,0.0,0.0,0.0,0.0,0.0,0.0,0.0,0.0,0.0,0.0,0.0,0.0,0.0,0.30914562940597534,0.11322671175003052
TEST_07+4일,0.0,56.544734954833984,1.5346801280975342,0.6573457717895508,0.0,0.14423996210098267,4.473437786102295,0.0,0.08366582542657852,0.08900561928749084,0.0026348652318120003,0.16864340007305145,0.0,0.0,0.0,0.0,22.867748260498047,0.031919851899147034,0.10968947410583496,12.733343124389648,0.0,0.38994094729423523,0.0,0.47488370537757874,47.85818099975586,7.8033528327941895,3.836763381958008,65.2558822631836,1.6965856552124023,1.2507084608078003,0.5621216297149658,1.1401646137237549,0.5039409399032593,0.4239007234573364,3.1055068969726562,0.40912672877311707,1.7979693412780762,1.949905514717102,0.23083189129829407,2.9562580585479736,2.8692080974578857,0.6145126223564148,3.2980878353118896,0.7747222185134888,0.45924216508865356,0.6277004480361938,0.003410038072615862,1.1399143934249878,0.06429529935121536,0.2506195604801178,4.129398345947266,0.2667245864868164,3.0932531356811523,0.1403009593486786,1.073405146598816,0.2903047800064087,0.6238088011741638,0.0,0.0,0.3548651337623596,1.1944304704666138,1.4505232572555542,0.0,2.86909556388855,0.1376144289970398,0.05460426211357117,0.25406256318092346,0.26363566517829895,0.3146251440048218,0.18542110919952393,0.23128628730773926,0.5874118804931641,0.0,0.5908710956573486,1.9699236154556274,0.5606426000595093,0.4036913514137268,0.2713606059551239,0.46547114849090576,0.4599458575248718,0.03158168867230415,0.47440317273139954,0.053224869072437286,0.2578677237033844,0.39814913272857666,0.3810123801231384,0.3343423008918762,0.495552659034729,1.2091556787490845,0.5635631084442139,3.114152193069458,0.3778701722621918,0.9548840522766113,0.6912508606910706,0.13807764649391174,0.8725115060806274,0.9262557029724121,0.4817862808704376,6.113201141357422,0.09577588737010956,0.6571856141090393,0.4931912124156952,0.11707369238138199,0.0,3.288590431213379,22.969985961914062,3.439044952392578,0.6403220891952515,0.5936728715896606,0.028314989060163498,0.8765230178833008,0.11295605450868607,0.0597352534532547,0.0,0.05005042254924774,0.07228037714958191,0.0,0.0,0.0,2.2695541381835938,0.40050008893013,5.237537384033203,1.1118848323822021,0.5857305526733398,0.5901985764503479,0.8503949046134949,0.06827214360237122,0.16440710425376892,0.3382503390312195,2.529670238494873,0.0,0.38846665620803833,706.3514404296875,0.22219210863113403,0.7685545682907104,0.0711410641670227,0.0,0.0,0.0,0.47569847106933594,0.0025665611028671265,0.036730438470840454,0.27733421325683594,0.03732064366340637,2.6187782287597656,0.0,11.476272583007812,46.39124298095703,1.3837233781814575,0.0,0.0,0.04722941666841507,0.0,0.0,0.0,1.7333612442016602,2.1450133323669434,0.0,0.0,0.0,0.0,0.0,0.626314103603363,0.34260326623916626,0.6355552673339844,0.08839929103851318,0.0,0.21848350763320923,0.0,0.0,0.0,0.0,0.0,0.0,0.0,0.0,0.0,0.03538225591182709,0.0,0.0,0.0,0.0,0.0,0.0,0.0,0.0,0.0,0.0,0.0,0.0,0.0,0.007229045033454895,0.0
TEST_07+5일,5.792899131774902,167.14059448242188,0.0,0.9971351027488708,0.05263789743185043,0.24802371859550476,36.37333297729492,0.0,0.3487128019332886,0.11424370110034943,0.03137396648526192,0.35467272996902466,0.0,0.031847983598709106,0.0,0.0010472536087036133,157.4516143798828,0.14543846249580383,0.4124082028865814,139.9382781982422,35.10233688354492,0.45823970437049866,0.040304750204086304,0.44333815574645996,31.248088836669922,9.643330574035645,32.33442687988281,61.14487838745117,2.4849307537078857,1.535460352897644,0.6605331301689148,1.1090407371520996,0.994930624961853,0.6852920651435852,3.1434381008148193,0.6389122605323792,3.0390965938568115,2.272369861602783,0.0,5.757321834564209,3.948828935623169,0.6546646356582642,4.600671768188477,0.7306152582168579,0.4433407783508301,0.9128605723381042,0.011572502553462982,1.8413550853729248,0.07146285474300385,0.4914846420288086,5.431509971618652,0.39973193407058716,3.8404061794281006,0.09760618954896927,2.0644760131835938,0.26124778389930725,1.128220796585083,0.18122254312038422,0.36619964241981506,0.6034600138664246,0.0,1.9850962162017822,1.446540355682373,4.118903636932373,0.9095089435577393,0.10926679521799088,0.27347058057785034,0.20724433660507202,0.0,0.19210904836654663,0.33371269702911377,1.1468136310577393,0.03508538007736206,0.6307176351547241,0.2905072569847107,0.6277011632919312,0.4320299029350281,0.36313024163246155,0.2742196023464203,0.706123948097229,0.12353985756635666,0.318298876285553,0.06483636796474457,0.3390951454639435,1.009281039237976,0.9323299527168274,0.38322708010673523,0.18227079510688782,2.242551803588867,0.909250795841217,25.414255142211914,0.6056792736053467,0.5206009745597839,0.987601101398468,0.4009549021720886,0.5466873645782471,0.30817046761512756,0.48845022916793823,7.669391632080078,0.0,0.6935908198356628,0.6903988122940063,0.4335671663284302,0.0,0.0,25.84610366821289,2.2842700481414795,0.6681192517280579,0.9073732495307922,0.09769271314144135,0.25784289836883545,0.05094006657600403,0.33574917912483215,0.1338564157485962,0.06269209086894989,0.022278718650341034,0.0,0.028719812631607056,0.6130304336547852,1.7151992321014404,0.45382407307624817,6.316009998321533,0.29742878675460815,0.7464245557785034,1.2011747360229492,1.0166573524475098,0.9485969543457031,0.1380183845758438,0.7325663566589355,6.077172756195068,0.9447170495986938,0.5146141648292542,32.3839111328125,0.0,0.0,0.0,0.001820465549826622,0.0,0.011085402220487595,0.39601725339889526,0.0,0.03228569030761719,0.0,0.0029635727405548096,2.5166122913360596,0.0,21.490177154541016,63.21887969970703,2.4530272483825684,0.0,0.031237676739692688,0.27069422602653503,0.0,1.4694253206253052,0.12873712182044983,2.204559803009033,4.2065582275390625,0.894976794719696,0.0,0.0,1.1865168809890747,0.0,1.561213731765747,1.0877572298049927,2.117891550064087,0.3312825560569763,0.0,0.46893784403800964,0.0,1.3636153936386108,0.0,0.0,0.0,0.03894650191068649,0.0,0.5606303215026855,0.0,0.0,0.0,0.0,0.0,0.0,0.0,0.0,0.0,0.0,0.0,0.0,0.0,0.8186308145523071,0.0,0.0,0.0
TEST_07+6일,19.17216682434082,41.299720764160156,5.761515140533447,6.168741226196289,0.6620451807975769,0.7313342094421387,35.51445388793945,0.13553954660892487,1.0215133428573608,0.10395628213882446,0.0,0.6909576058387756,0.1919599175453186,0.03139450401067734,0.21669764816761017,0.0,11.574993133544922,0.6875750422477722,0.7463258504867554,32.447818756103516,17.95516014099121,0.5459190607070923,0.18061411380767822,0.4845644235610962,15.135666847229004,8.238444328308105,47.94864273071289,70.04571533203125,3.427602767944336,1.4745795726776123,1.1926076412200928,2.622711420059204,1.7466983795166016,0.9651176929473877,3.0913116931915283,0.7935445308685303,22.4632511138916,3.1668453216552734,0.0,10.956640243530273,6.001505374908447,0.6104856133460999,5.572469711303711,0.6668022274971008,0.4065484404563904,1.9867795705795288,0.049852170050144196,2.851233959197998,0.14644676446914673,0.8700496554374695,7.924615383148193,0.61365807056427,3.9721388816833496,0.15296900272369385,3.008981943130493,0.9397963285446167,1.5558834075927734,0.3374764025211334,1.4886157512664795,0.8885085582733154,4.514801025390625,3.4145987033843994,0.6929454207420349,5.828577995300293,2.4372267723083496,0.24048878252506256,0.4004419445991516,0.6401506066322327,2.216871976852417,0.4172597825527191,1.351412296295166,1.4611945152282715,0.0840710699558258,0.5646944046020508,2.94610333442688,0.8782458901405334,0.4725995361804962,0.8581761717796326,0.6733832359313965,0.8653437495231628,0.19823922216892242,0.22253865003585815,0.29695236682891846,0.0,1.519128441810608,1.1401218175888062,0.4272361099720001,0.727838397026062,3.2448716163635254,4.181576728820801,28.50020408630371,0.6371241211891174,0.9399741888046265,5.5264482498168945,0.6115682125091553,5.076896667480469,0.4090575575828552,0.4881573021411896,8.840316772460938,1.6484941244125366,1.6545116901397705,1.4889357089996338,2.272864818572998,0.0,0.7795047163963318,30.47739601135254,1.328726053237915,2.5516810417175293,3.576423406600952,0.08717397600412369,2.6139955520629883,0.9613161087036133,0.5022924542427063,0.5625938177108765,0.02660679817199707,0.2921980023384094,0.004325062036514282,0.004215724766254425,0.0,1.1606783866882324,0.607237696647644,7.336165428161621,0.0,0.5473613739013672,0.3532990515232086,1.2013695240020752,0.23270437121391296,0.13146759569644928,0.06094256788492203,1.3475927114486694,0.8023614287376404,0.17062592506408691,0.0,3.4296793937683105,2.7829227447509766,1.6314936876296997,1.8920295238494873,0.0,0.5476163029670715,6.371569633483887,0.2694675326347351,0.34411054849624634,2.006190776824951,0.24519449472427368,3.6224207878112793,0.0,83.81623077392578,37.80362319946289,5.08548641204834,0.3793387711048126,2.2502384185791016,0.5546028017997742,0.0,5.854470729827881,0.8363720774650574,3.3628809452056885,8.132625579833984,3.0258395671844482,0.0,0.0,3.7476766109466553,0.0,2.9367051124572754,2.1849591732025146,4.201030731201172,0.759747326374054,0.13786135613918304,1.2317733764648438,0.0,9.275815963745117,0.6838301420211792,0.8404147624969482,1.4959014654159546,0.6658242344856262,0.21256466209888458,1.8347575664520264,0.34853968024253845,0.03570082038640976,0.0,1.2333052158355713,0.102524533867836,0.0,0.054361581802368164,0.0,0.0,0.138165682554245,0.03128569573163986,3.5049238204956055,1.012498140335083,2.1782593727111816,0.0,0.02439231052994728,1.2146846055984497
TEST_07+7일,9.87413215637207,15.93349552154541,11.693977355957031,10.199398040771484,1.8392574787139893,1.2276828289031982,0.0,0.13575024902820587,2.367224931716919,0.19338837265968323,0.0,0.7496172785758972,0.7388564348220825,0.053571976721286774,0.5948756337165833,0.0,0.23895889520645142,0.6351838707923889,1.1971373558044434,0.0,0.0,0.6680310368537903,0.36132949590682983,0.28547659516334534,0.0,4.198482036590576,0.0,31.806657791137695,4.375666618347168,1.9719358682632446,1.440540075302124,7.6818623542785645,2.5742568969726562,1.368845820426941,3.171358823776245,0.8941086530685425,39.52344512939453,3.710066556930542,2.4766831398010254,26.031387329101562,7.867437362670898,0.4716222882270813,5.748533248901367,0.4702475965023041,0.31695300340652466,2.5672340393066406,0.04435790702700615,3.178156614303589,0.26669400930404663,0.9399333000183105,8.167189598083496,0.8070794939994812,4.013619899749756,0.203341543674469,1.898909330368042,1.2440662384033203,1.4900346994400024,0.5393887162208557,2.7229552268981934,1.2192206382751465,14.622008323669434,5.68516206741333,0.004122760146856308,6.646426200866699,5.059225559234619,0.33007845282554626,0.3897225558757782,1.27247953414917,6.261199474334717,0.04234775900840759,2.369164228439331,1.3688409328460693,0.17850133776664734,0.3779238164424896,4.182398319244385,0.8684443235397339,0.40754300355911255,1.5298100709915161,0.48237279057502747,0.9878507852554321,0.27366170287132263,0.21574243903160095,2.6352407932281494,2.4903504848480225,1.7657289505004883,2.572171211242676,0.4269799590110779,1.4140045642852783,3.289485216140747,7.387920379638672,2.121513605117798,0.5832882523536682,2.7930784225463867,13.019709587097168,0.9322350025177002,0.9597705602645874,5.3189697265625,0.5915526151657104,9.915958404541016,5.04082727432251,2.6278884410858154,1.8681871891021729,3.0355122089385986,0.018411874771118164,71.25242614746094,2.988659381866455,15.160651206970215,4.219017505645752,5.132730007171631,0.11786885559558868,3.245072841644287,2.5701985359191895,0.670014500617981,1.3665142059326172,0.045462265610694885,1.0103877782821655,0.03244701772928238,0.026642460376024246,2.897073984146118,5.983356475830078,0.6268844604492188,6.939603328704834,0.15298551321029663,0.27986133098602295,0.009491171687841415,0.3112359642982483,0.0,0.0010743886232376099,0.0,0.0,0.0,0.029223835095763206,0.0,6.541092872619629,7.624035358428955,5.957839012145996,3.599256992340088,0.9090161323547363,2.1002707481384277,11.689154624938965,2.009547710418701,0.7223165035247803,3.859342098236084,2.7345645427703857,4.4116644859313965,0.08842537552118301,43.831912994384766,0.0,6.73730993270874,0.6299523711204529,4.254288673400879,0.9497668147087097,0.0,9.41761302947998,1.696021556854248,4.314227104187012,10.20511245727539,4.40197229385376,0.0,0.0,5.712386131286621,0.10040975362062454,4.150892734527588,2.678953170776367,5.5471391677856445,2.2911970615386963,0.24322937428951263,1.6672859191894531,13.424818992614746,12.139973640441895,3.4704337120056152,2.240732192993164,2.7556216716766357,1.51313054561615,2.2992682456970215,4.005308151245117,0.4887375831604004,0.2604532241821289,0.0,1.7268378734588623,0.6258830428123474,0.511681318283081,2.971395969390869,0.18592515587806702,0.4597213566303253,2.4300315380096436,1.4788944721221924,9.435929298400879,2.1776371002197266,2.349839687347412,0.1973004937171936,1.2485730648040771,3.62918758392334
TEST_08+1일,2.9129114151000977,0.0,6.019235134124756,3.8135154247283936,0.2816884517669678,0.2914108633995056,3.187230110168457,0.0,2.947582721710205,0.5200353860855103,0.5153124928474426,0.5320534706115723,0.40589576959609985,2.5821540355682373,13.622207641601562,0.172162726521492,16.065738677978516,0.8320010900497437,1.329094648361206,13.267833709716797,0.0,1.3403995037078857,0.3805091381072998,0.8463274240493774,0.0,7.826835632324219,1.4654533863067627,4.132565975189209,11.00910758972168,4.052231788635254,5.188906192779541,3.392258405685425,1.0186140537261963,1.2945506572723389,2.656708002090454,3.048198699951172,38.615299224853516,0.0845320075750351,2.5755696296691895,25.142492294311523,11.395445823669434,1.1776823997497559,2.112598180770874,0.05586051195859909,0.20662471652030945,1.0467512607574463,0.03283092752099037,4.572022438049316,0.0,2.1028149127960205,17.616695404052734,0.6018766760826111,5.183102607727051,0.674403190612793,1.304728388786316,0.5527462959289551,1.5049983263015747,0.8511971235275269,0.8578504323959351,0.8424819707870483,11.172476768493652,22.928300857543945,33.31704330444336,13.32045841217041,34.44920349121094,0.859102725982666,1.5404953956604004,1.3439149856567383,5.530030250549316,0.45719802379608154,3.603060483932495,1.7828938961029053,4.0356645584106445,0.4393739104270935,1.7797075510025024,1.657400131225586,0.1855982542037964,0.8982807397842407,0.8071758151054382,1.2936714887619019,0.6794582605361938,0.0,0.6691979765892029,1.3146307468414307,1.557845115661621,2.647407293319702,2.402723789215088,2.7941958904266357,3.9141533374786377,5.678942680358887,0.0,7.845243453979492,1.145570993423462,3.4332351684570312,0.9076639413833618,0.7299589514732361,0.0062808990478515625,0.18781062960624695,15.022884368896484,2.458214282989502,0.3421984910964966,2.4231643676757812,6.972132205963135,0.14761370420455933,202.04627990722656,0.0,36.06309509277344,1.8077654838562012,2.4491240978240967,0.3458411991596222,2.2064566612243652,1.0297026634216309,3.434695243835449,0.5482350587844849,0.14442171156406403,1.333633303642273,0.6650487780570984,0.0,2.8692712783813477,0.7940167188644409,1.0314581394195557,22.366025924682617,0.0,0.0,0.17676928639411926,0.0,0.8328530788421631,0.03240802139043808,0.9476523399353027,0.0,0.0,0.29466715455055237,1.3403117656707764,0.36411750316619873,0.3482257127761841,0.6547261476516724,0.35178637504577637,0.0,0.0,0.0,0.009501166641712189,0.5759270191192627,0.0,0.12847650051116943,8.415594100952148,0.6410185694694519,0.0,8.466700553894043,10.901152610778809,0.20078378915786743,7.598621368408203,0.5734421610832214,0.014762643724679947,21.899330139160156,0.551887571811676,1.170339584350586,23.708189010620117,4.630606174468994,6.728898048400879,0.0,11.039287567138672,0.4481714069843292,7.715109825134277,4.131139278411865,8.326982498168945,0.45976847410202026,0.2711161971092224,10.613012313842773,13.4196195602417,9.454174041748047,3.0820109844207764,12.874873161315918,1.9046531915664673,7.0139665603637695,18.78635025024414,21.256816864013672,2.802119016647339,2.6574041843414307,3.863194704055786,5.967879772186279,78.85062408447266,35.1770133972168,115.39581298828125,9.829794883728027,57.37131118774414,60.09798812866211,66.5510482788086,362.7540588378906,34.453128814697266,62.898887634277344,45.52336502075195,8.744246482849121,45.5025520324707
TEST_08+2일,2.7033064365386963,71.65142822265625,0.0,0.0,0.0439753383398056,0.09125262498855591,11.710030555725098,1.2923128604888916,1.9734278917312622,0.35234755277633667,0.2861042618751526,0.0938793271780014,0.06926722824573517,0.6011298298835754,0.0,0.0,94.1287612915039,0.040053591132164,0.48693448305130005,46.51071548461914,22.134418487548828,0.0,0.26253369450569153,0.7997491359710693,0.0,5.763774871826172,1.0118937492370605,0.0,7.606602668762207,1.2611504793167114,5.624258995056152,0.5938211679458618,0.7692203521728516,0.763562023639679,2.9162709712982178,3.1226282119750977,14.836122512817383,0.0,0.6712773442268372,14.364126205444336,9.877930641174316,0.6071300506591797,1.4382704496383667,0.2194492369890213,0.0,0.43299415707588196,0.03269493579864502,3.0579147338867188,0.0,1.5516539812088013,9.093572616577148,0.3849739730358124,3.5868008136749268,0.4184496998786926,0.6231423616409302,0.29457151889801025,2.6030173301696777,0.7168651819229126,0.6176921129226685,0.4756017029285431,2.597703456878662,3.414020538330078,14.278754234313965,9.211089134216309,25.429922103881836,0.6681721806526184,0.8750002980232239,0.0135822594165802,0.012626349925994873,0.3835362195968628,2.3385841846466064,0.7407866716384888,2.5401604175567627,0.4094213843345642,0.0,0.6751676201820374,0.05202172324061394,0.937900722026825,0.78736412525177,0.8481123447418213,0.3828059434890747,0.0,0.37382304668426514,2.4549620151519775,1.0058953762054443,0.0,2.474825143814087,2.95877742767334,2.8592183589935303,0.07484839111566544,1.226120114326477,0.0,1.0190731287002563,3.1603710651397705,0.2174995392560959,0.015360154211521149,0.0,0.3333331048488617,13.153904914855957,1.6216888427734375,0.33895939588546753,0.6026315689086914,5.764678001403809,0.1451689600944519,3.2492623329162598,35.28826141357422,7.991568088531494,1.2885961532592773,2.019909620285034,0.21668940782546997,1.5539979934692383,0.7588655352592468,1.091465711593628,1.4008774757385254,0.11477626115083694,0.18694528937339783,0.11152397096157074,0.0,2.479349374771118,0.2528500556945801,0.19090932607650757,0.0,0.02209131419658661,0.0,0.4689556062221527,1.1818205118179321,1.1787632703781128,0.5550996661186218,1.0599128007888794,0.8293594717979431,0.3523145020008087,0.22806893289089203,11.062957763671875,0.0,0.0029240399599075317,0.31289589405059814,0.12622535228729248,0.0,0.07077635824680328,0.0,0.0,0.0,0.0,0.0,3.4820163249969482,0.0,0.0,48.549686431884766,8.869355201721191,0.0,5.801403522491455,0.18108411133289337,0.03550299257040024,15.234304428100586,0.0,0.0,15.770533561706543,1.700385332107544,2.665919780731201,0.0,6.690652847290039,0.44140028953552246,5.28188419342041,2.739938735961914,5.31051778793335,0.0,0.20464101433753967,4.257602214813232,7.272745132446289,5.0820231437683105,0.9589083790779114,8.348899841308594,0.0,3.9581875801086426,7.189260005950928,11.194106101989746,2.6538796424865723,0.8236779570579529,1.8589677810668945,3.9662370681762695,22.163925170898438,7.442789077758789,0.0,10.280111312866211,18.447786331176758,25.80196762084961,3.9715631008148193,12.355571746826172,25.03428077697754,57.216339111328125,32.589500427246094,3.8723294734954834,11.393176078796387
TEST_08+3일,3.0698230266571045,0.0,0.5642761588096619,1.2213963270187378,0.0,0.0,5.309602737426758,3.421454906463623,1.6622693538665771,0.0,0.7839827537536621,0.18995480239391327,0.6718127727508545,0.08591657131910324,5.109988689422607,0.3380708396434784,0.0,0.0,0.290810227394104,17.469158172607422,3.2446305751800537,1.4091717004776,0.1761528104543686,0.6762920618057251,0.44365787506103516,9.879504203796387,0.7042757272720337,27.733068466186523,4.878604412078857,0.7848614454269409,5.539282321929932,0.8264703750610352,0.8045921325683594,0.6109129786491394,2.788754940032959,2.9839656352996826,14.506951332092285,0.0,0.0,13.327048301696777,8.586926460266113,0.2994411885738373,1.5073529481887817,0.6425610184669495,0.0,0.34423184394836426,0.03242165222764015,2.4524178504943848,0.0,0.9848706722259521,5.439884662628174,0.3585546016693115,2.582306385040283,0.357661634683609,0.7021455764770508,0.2467212975025177,3.855149745941162,0.8561182022094727,0.28199517726898193,0.3326502740383148,3.4406275749206543,1.9992380142211914,11.746970176696777,7.2604522705078125,11.020620346069336,0.6480509638786316,0.9865293502807617,0.4473879933357239,0.3244000971317291,0.3785642981529236,2.0699844360351562,0.35303887724876404,0.0,0.38661447167396545,1.1511993408203125,0.4723345935344696,0.0,0.7805700302124023,1.4357277154922485,0.6782034635543823,0.2536123991012573,0.0,0.10911703109741211,1.8892384767532349,0.6018839478492737,1.643059492111206,2.4728879928588867,2.472771644592285,2.3024561405181885,5.278916358947754,48.219642639160156,0.0,0.1804269254207611,3.2508625984191895,0.0,0.0,0.0,0.43115952610969543,15.052328109741211,1.4096282720565796,0.2576378583908081,1.0389031171798706,4.803488254547119,0.16766607761383057,2.3853683471679688,31.00177764892578,1.7549718618392944,1.4642785787582397,2.4493541717529297,0.05293593555688858,1.3667999505996704,0.6558089256286621,1.0007615089416504,0.8819218873977661,0.10578981041908264,0.7105878591537476,0.0,0.0,1.5382459163665771,0.11107288300991058,0.0,193.49009704589844,0.0,0.06862092018127441,1.2936300039291382,0.8671764135360718,0.8444080948829651,0.9123793244361877,1.3249785900115967,1.6853394508361816,0.738649845123291,0.082966148853302,28.41305160522461,0.0,0.002670835703611374,0.0,0.04447035491466522,0.02960393764078617,0.07111954689025879,0.4587503969669342,0.0,0.0,0.09637784957885742,0.0,1.2285715341567993,0.0,40.84387969970703,93.93293762207031,6.71757698059082,0.0,4.0095295906066895,0.0,0.019780956208705902,8.49254035949707,0.0,0.0,10.943477630615234,0.0,2.3868653774261475,0.0,2.3147671222686768,0.3896612823009491,3.1455631256103516,1.6732512712478638,3.045750141143799,0.0,0.12814626097679138,2.600823402404785,0.0,0.6692075729370117,0.0,3.862863063812256,0.0,1.4552072286605835,5.7627949714660645,0.0,2.3834526538848877,0.0,0.14687007665634155,1.1426948308944702,19.992219924926758,10.685078620910645,52.71001052856445,22.03879165649414,18.072725296020508,19.41598129272461,20.327476501464844,153.74403381347656,24.617145538330078,55.82308578491211,64.24359130859375,24.392778396606445,13.847811698913574
TEST_08+4일,3.2441959381103516,27.062381744384766,0.12323261797428131,0.625218391418457,0.09716500341892242,0.14058274030685425,12.236574172973633,1.5508817434310913,1.9421052932739258,0.18194684386253357,1.5384103059768677,0.2626374363899231,0.3011859953403473,1.1394248008728027,8.161827087402344,0.8874398469924927,30.671716690063477,0.0,0.3813135325908661,19.129409790039062,7.1547956466674805,0.7544520497322083,0.22549541294574738,0.8327211141586304,0.0,0.0,0.7838070392608643,9.898181915283203,4.866771221160889,2.927971839904785,3.636610507965088,2.026104688644409,0.5352873206138611,0.8456022143363953,2.7978715896606445,2.791487216949463,18.94891929626465,0.0,0.0,17.433765411376953,8.695515632629395,0.4517185688018799,1.6338536739349365,0.6744295954704285,0.0,0.2565756142139435,0.0415247343480587,2.6617860794067383,0.0,0.9949178695678711,7.637889862060547,0.4104267954826355,3.449781656265259,0.23516428470611572,0.36618730425834656,0.37476658821105957,2.3274168968200684,0.8047419190406799,0.5465906262397766,0.3022090196609497,4.531283855438232,3.4701294898986816,6.6528449058532715,7.550653457641602,11.88565444946289,0.6028287410736084,0.5846080780029297,1.1534398794174194,0.9734693169593811,0.4530319571495056,2.6722517013549805,0.8850229978561401,1.7880223989486694,0.6378211379051208,2.618090867996216,0.44693198800086975,0.0018793623894453049,0.8378874063491821,2.221069812774658,0.9754549264907837,0.35185855627059937,0.5384466648101807,0.33580854535102844,1.1165802478790283,0.4895675778388977,9.190924644470215,2.616786241531372,1.3014224767684937,2.167844533920288,5.092968463897705,71.21846008300781,0.6112171411514282,0.13185536861419678,2.5058605670928955,0.0,0.02925044298171997,0.0,0.3716188967227936,15.481284141540527,0.9134921431541443,0.18671809136867523,1.3425408601760864,4.105844497680664,0.15234655141830444,10.811073303222656,45.05192947387695,8.002967834472656,1.1656713485717773,2.439638137817383,0.16689467430114746,1.2778208255767822,0.47139987349510193,0.7192729711532593,0.13825161755084991,0.09709039330482483,0.42084699869155884,0.0,0.04351792484521866,1.52671480178833,0.05929514765739441,0.05078653246164322,101.13204956054688,0.0,0.0,0.06793724745512009,0.3062313497066498,0.9507812261581421,1.000319480895996,1.7091293334960938,2.5583138465881348,1.142486333847046,0.13395839929580688,21.415138244628906,0.0,0.12341239303350449,0.0,0.1488143503665924,0.21468281745910645,0.1662381887435913,0.6749038100242615,0.0014882907271385193,0.04793885350227356,0.0,0.0,3.164499521255493,0.0,123.05535125732422,121.71652221679688,5.684985637664795,0.0,3.1695728302001953,0.0,0.034016311168670654,6.615688800811768,0.0,0.0,11.530628204345703,0.0,4.726077079772949,0.0,1.7919483184814453,0.44448497891426086,2.4932894706726074,1.647952914237976,2.8025317192077637,0.0,0.0,3.9045164585113525,0.0,0.0,0.0,4.420901298522949,0.0,1.1649925708770752,5.786839962005615,0.0,2.1546711921691895,0.7202609777450562,0.0,0.0,30.12289810180664,14.9028959274292,42.36165237426758,25.42238998413086,33.244659423828125,36.47331619262695,23.64261245727539,186.86703491210938,30.975299835205078,59.858726501464844,71.37821960449219,18.6043643951416,17.53040313720703
TEST_08+5일,3.6862707138061523,164.20623779296875,0.03976649418473244,0.0,0.4588015675544739,0.6102936267852783,48.76605224609375,0.0,2.337344169616699,0.046306416392326355,1.3181902170181274,0.2639010548591614,0.5584001541137695,2.6519322395324707,9.921302795410156,0.8647269010543823,211.74118041992188,0.0,0.600828230381012,196.60092163085938,62.13801956176758,0.826308012008667,0.7025986909866333,0.8798007965087891,7.642332077026367,37.593814849853516,0.7877621054649353,19.348506927490234,7.00175142288208,5.187363147735596,3.766246795654297,2.584289312362671,0.640529215335846,0.9632140398025513,2.6841423511505127,2.7930448055267334,18.30974578857422,0.07034191489219666,0.0,22.54979133605957,9.097397804260254,1.1814990043640137,1.9288527965545654,0.6028752326965332,0.0,0.3701671361923218,0.033930372446775436,3.1909708976745605,0.03481629490852356,1.3685290813446045,7.765995979309082,0.772602379322052,4.141408920288086,0.23319406807422638,0.9815861582756042,0.3698434829711914,0.4726910889148712,1.2826337814331055,0.4678828716278076,0.46530115604400635,3.4310953617095947,2.321403980255127,9.610170364379883,9.77743148803711,10.670242309570312,0.6720022559165955,0.4662078320980072,0.639094889163971,0.44697147607803345,0.5576497316360474,2.7151389122009277,1.7665729522705078,0.5996263027191162,0.5600938200950623,1.7104439735412598,0.8175735473632812,0.17002634704113007,0.8779761791229248,1.311743974685669,1.1843019723892212,0.45228636264801025,0.458774209022522,1.0355267524719238,2.244340181350708,0.8878816366195679,0.08590758591890335,2.7121052742004395,3.0608983039855957,1.946919322013855,3.7367444038391113,38.508934020996094,0.641452968120575,0.3432808518409729,2.8831284046173096,0.21164491772651672,0.03180358558893204,0.0,0.26937955617904663,15.268166542053223,0.7726376056671143,0.12583747506141663,0.22123034298419952,4.214734077453613,0.1536586880683899,13.561668395996094,25.887277603149414,8.071221351623535,1.3374364376068115,2.4974842071533203,0.31828978657722473,0.9636718034744263,0.5618921518325806,0.8370231986045837,0.0,0.12208418548107147,0.16673968732357025,0.1143428385257721,0.09626705944538116,1.909148097038269,0.3710230886936188,0.2138136625289917,28.898218154907227,0.0,0.10725438594818115,0.5983608961105347,0.9967465400695801,0.937847375869751,0.8964164853096008,0.4419955611228943,3.0396993160247803,1.3422174453735352,0.33624666929244995,121.25012969970703,0.04406934976577759,0.1394755095243454,0.0,0.45961347222328186,0.0,0.3815234899520874,0.0,0.0,0.06536726653575897,0.0,0.28788304328918457,2.721644163131714,0.0,118.96214294433594,112.1340560913086,6.87137508392334,0.0,4.130011558532715,0.0,0.005445890128612518,9.791910171508789,0.13088645040988922,0.0,15.289971351623535,1.5999559164047241,3.5118558406829834,0.0,4.087837219238281,0.45123884081840515,3.65970778465271,2.5676701068878174,4.098287582397461,0.0,0.0,3.0284109115600586,1.5836594104766846,0.0,0.13174587488174438,5.318596363067627,0.0,1.9480870962142944,6.659637451171875,0.0,2.3564670085906982,0.8853959441184998,1.132631778717041,0.0,25.61809730529785,14.125349044799805,66.78411865234375,44.44813537597656,23.626358032226562,37.225318908691406,23.37186050415039,135.445068359375,36.229148864746094,61.69059371948242,72.98042297363281,19.603275299072266,24.465892791748047
TEST_08+6일,5.808642387390137,149.49998474121094,1.7617672681808472,0.3330933451652527,0.40453648567199707,2.2194137573242188,24.506240844726562,8.4344482421875,2.4251749515533447,0.0,2.2093868255615234,0.4965555667877197,0.3972668945789337,3.541043996810913,24.007829666137695,5.244060516357422,29.056514739990234,0.43968379497528076,1.3669524192810059,34.41766357421875,13.840058326721191,1.5385761260986328,1.3542118072509766,1.1561895608901978,0.0,45.85456085205078,1.3762880563735962,88.03152465820312,10.150842666625977,4.401882648468018,4.665144443511963,5.686125755310059,1.4226043224334717,1.344525933265686,2.57669997215271,2.691192150115967,40.53858184814453,0.16058135032653809,0.08235001564025879,33.63051986694336,10.520635604858398,2.1593666076660156,2.354372024536133,0.5818336009979248,0.0,2.4131088256835938,0.04532786086201668,4.064355373382568,0.12438000738620758,2.113690137863159,11.592086791992188,0.9100465178489685,4.405787467956543,0.43890321254730225,0.5378378033638,0.7069134712219238,0.646327018737793,2.3107714653015137,0.27692046761512756,0.7827361822128296,8.90457820892334,4.105398654937744,10.528057098388672,11.864776611328125,6.376407623291016,0.782228410243988,0.29068806767463684,0.4680476784706116,1.4690253734588623,0.7146097421646118,2.895084857940674,2.471921682357788,0.7400283217430115,1.7827024459838867,2.2515268325805664,1.0629262924194336,0.7578901648521423,1.1474788188934326,1.3238017559051514,1.3712053298950195,0.6725518703460693,1.2572381496429443,1.0993577241897583,1.2202702760696411,1.5640064477920532,2.170041799545288,2.607759952545166,1.3437669277191162,1.7834737300872803,4.6691484451293945,168.2045440673828,2.585237503051758,1.7882986068725586,5.762550354003906,0.6662707924842834,0.08558826148509979,0.0,0.3435163199901581,15.740787506103516,2.804394483566284,0.04974035918712616,0.7788746356964111,5.860650062561035,0.16593095660209656,22.47225570678711,42.89193344116211,12.644861221313477,2.1148767471313477,5.199374675750732,0.5223922729492188,1.7754491567611694,0.31167590618133545,3.384204864501953,4.263832092285156,0.07922206073999405,0.39426353573799133,0.5470556020736694,0.15729375183582306,1.9685606956481934,0.6935756206512451,0.7053152918815613,25.42173957824707,1.1466008424758911,0.4659442901611328,1.070287823677063,0.8618361353874207,0.6559087634086609,1.0220590829849243,0.07039128243923187,4.667601108551025,1.5231053829193115,0.2489711344242096,110.93438720703125,2.182894468307495,0.445502907037735,1.4652113914489746,1.4104876518249512,1.948791265487671,1.5060031414031982,7.172729015350342,0.0,0.08826222270727158,2.529696226119995,0.8874340057373047,6.772319793701172,0.0,24.186365127563477,67.99207305908203,9.440832138061523,0.0,6.02052640914917,0.25214844942092896,0.019200526177883148,16.05183982849121,0.049556534737348557,0.0,20.763338088989258,4.571614742279053,2.172355890274048,0.0,8.34487533569336,0.4870361089706421,5.8961992263793945,3.788344383239746,6.081766605377197,0.0,0.15369319915771484,5.239633560180664,4.3865461349487305,4.754880905151367,2.467876434326172,11.470233917236328,1.5826648473739624,4.20731782913208,20.563743591308594,4.866922378540039,2.212165355682373,2.9052155017852783,3.2571208477020264,2.097665548324585,43.48451232910156,16.725830078125,88.1645278930664,76.56378173828125,28.64984703063965,51.88585662841797,50.18838119506836,212.81336975097656,41.38173294067383,60.823429107666016,110.04710388183594,42.33126449584961,49.573116302490234
TEST_08+7일,7.6653289794921875,0.0,7.91355562210083,10.999168395996094,3.8957269191741943,2.1369214057922363,0.0,13.032102584838867,2.3171708583831787,1.9126871824264526,4.277765274047852,1.2047621011734009,2.120630979537964,6.484309196472168,37.569793701171875,12.389583587646484,10.008746147155762,0.6076467633247375,3.368298053741455,0.0,0.0,4.391613006591797,1.1193455457687378,0.1540992110967636,11.305296897888184,0.0,1.9968706369400024,88.9301528930664,12.61579418182373,2.9039714336395264,6.212628364562988,17.124963760375977,3.325775146484375,1.800189733505249,2.60719895362854,2.570744752883911,77.48191833496094,0.25679147243499756,1.5663466453552246,56.32139205932617,12.1694974899292,2.261366844177246,2.681549072265625,0.08167657256126404,0.0,3.04577898979187,0.021556168794631958,5.0037336349487305,0.29770803451538086,3.325035810470581,18.042724609375,0.9646127820014954,4.549589157104492,0.5870662927627563,1.9470372200012207,1.2359073162078857,2.167329788208008,2.0944347381591797,1.0108561515808105,1.042906403541565,17.79352378845215,8.009946823120117,16.126848220825195,11.489361763000488,7.329906463623047,0.782925009727478,1.211254596710205,0.9620558023452759,4.389289855957031,0.6513314247131348,3.196165084838867,2.660848617553711,1.606019139289856,2.0165486335754395,3.0662784576416016,0.8787907361984253,0.9331745505332947,1.762351155281067,0.5131546258926392,1.4038808345794678,0.7962788343429565,2.0960586071014404,1.0449938774108887,2.003751039505005,2.1154160499572754,4.27498722076416,2.3123815059661865,3.7902779579162598,2.489175796508789,8.317248344421387,19.884048461914062,2.7146108150482178,7.351038455963135,12.835406303405762,1.5033398866653442,0.7341880798339844,0.3132726550102234,0.04411110281944275,14.963190078735352,7.5584564208984375,0.2823742926120758,2.4666595458984375,6.528453350067139,0.19123142957687378,170.7448272705078,5.866790771484375,30.4654598236084,4.260915756225586,6.429025650024414,1.5738826990127563,3.227465867996216,1.9368064403533936,3.9879045486450195,4.0610761642456055,0.07436393946409225,2.4489333629608154,0.8241449594497681,0.09143957495689392,3.7507519721984863,0.9512109756469727,1.353051781654358,0.0,0.47735631465911865,0.2976464033126831,0.26971471309661865,0.0,1.1207139492034912,0.0,0.0927545577287674,0.9979144930839539,0.3298551142215729,0.15375198423862457,0.0,5.188305377960205,0.5192293524742126,3.9200615882873535,1.856053352355957,1.8743864297866821,1.7952308654785156,12.238940238952637,0.0,0.9541984796524048,2.4007608890533447,2.175018310546875,14.610361099243164,0.9932040572166443,23.061668395996094,17.223379135131836,11.137728691101074,0.0,7.299868106842041,0.4340102970600128,0.002129925414919853,19.855070114135742,0.5784531831741333,0.6161139607429504,24.752273559570312,6.985263347625732,0.0,0.0,11.388431549072266,0.4989558756351471,7.729455947875977,4.266953945159912,7.937870979309082,1.1316336393356323,0.24241586029529572,11.618168830871582,13.139958381652832,11.007180213928223,5.361944198608398,15.45749282836914,2.558790445327759,5.650268077850342,56.733314514160156,16.160062789916992,2.1771395206451416,9.051671981811523,4.557426929473877,5.885201454162598,66.46585845947266,34.61029052734375,119.53157043457031,99.91281127929688,54.34641647338867,98.2275390625,82.21125030517578,339.288818359375,57.70173645019531,59.45009994506836,161.6616973876953,62.27916717529297,104.4542007446289
TEST_09+1일,4.200878620147705,0.0,3.359283924102783,0.9047977328300476,0.10972149670124054,1.1308096647262573,1.6603238582611084,1.5708379745483398,2.854402542114258,0.4111921191215515,3.827178716659546,0.3673737943172455,0.32718223333358765,2.0400443077087402,14.707106590270996,0.7801791429519653,0.0,0.0,1.1259301900863647,0.0,2.233598470687866,5.127861976623535,0.28806817531585693,0.37137725949287415,4.486541748046875,5.194911479949951,7.991143703460693,20.416410446166992,3.129624843597412,9.383724212646484,2.2022650241851807,2.267756223678589,1.2713916301727295,1.390387773513794,2.9533774852752686,2.330899238586426,34.259761810302734,0.03814248740673065,1.2479392290115356,10.414900779724121,10.414258003234863,1.0845178365707397,4.308001518249512,0.0,0.2835651934146881,1.4855053424835205,0.06690710783004761,4.206728935241699,0.21745991706848145,2.248936176300049,15.31089973449707,0.799627959728241,7.133163928985596,0.241964191198349,0.5057416558265686,0.385041743516922,1.6322252750396729,0.0,0.5677463412284851,0.5212177038192749,6.195612907409668,12.139482498168945,18.17498779296875,15.493597984313965,22.453750610351562,0.18576005101203918,0.20943096280097961,1.3421968221664429,4.735998153686523,0.31854182481765747,0.040955450385808945,0.9905047416687012,0.0,0.2805277407169342,2.0046300888061523,1.932690143585205,0.4511916935443878,0.12147384881973267,1.9338968992233276,1.1507694721221924,0.5723599195480347,0.3875056207180023,1.0434989929199219,1.0934733152389526,1.3514595031738281,1.5047341585159302,0.8508886098861694,1.0635720491409302,2.5082035064697266,2.440345525741577,0.0,2.219970226287842,1.18911874294281,1.7846715450286865,1.1964635848999023,1.8322486877441406,0.29594066739082336,0.2596416771411896,18.41808319091797,2.858827590942383,0.155300110578537,0.5454415678977966,7.619694232940674,0.36356014013290405,209.54774475097656,0.0,47.64104080200195,0.2322533130645752,1.5735077857971191,0.0,2.6064889430999756,0.018425751477479935,1.450981855392456,4.9589643478393555,1.4477121829986572,0.33179205656051636,1.1246459484100342,0.6690521836280823,3.980649471282959,0.021809011697769165,0.5630778074264526,11.386964797973633,0.2413691282272339,0.0,0.0,0.0,0.0,0.0,0.3882473409175873,0.0,0.0,0.19980546832084656,0.0,1.316564679145813,0.6511563658714294,1.9761306047439575,0.3575911819934845,0.0,0.0,1.1432559490203857,0.024016879498958588,0.05240068584680557,0.0,0.0651368498802185,5.953012466430664,0.27824950218200684,0.0,14.864684104919434,10.676965713500977,0.15453198552131653,8.883415222167969,0.5684986710548401,0.0,20.425764083862305,0.5623611807823181,1.4673900604248047,18.53058624267578,8.76164436340332,1.4939298629760742,0.0,15.209033012390137,1.117061734199524,7.355810642242432,5.007384300231934,8.398017883300781,0.6903316378593445,0.3290146589279175,8.70595645904541,12.944600105285645,10.085647583007812,5.275411605834961,13.19909954071045,2.558558702468872,4.0850725173950195,34.392269134521484,13.567266464233398,1.7018890380859375,11.520058631896973,4.546394348144531,5.609527587890625,48.66773223876953,27.702911376953125,57.79827880859375,16.464923858642578,40.47310256958008,52.40446090698242,25.49619483947754,179.7312469482422,40.13344192504883,19.53940773010254,60.50468826293945,20.19114112854004,28.657764434814453
TEST_09+2일,0.7957674860954285,8.79270076751709,0.5500662922859192,0.01934140920639038,0.0,0.7007398009300232,3.963923692703247,0.7695519328117371,1.6290867328643799,0.06732222437858582,1.0101842880249023,0.12737086415290833,0.34381043910980225,1.4604713916778564,0.0,0.00038759782910346985,18.439735412597656,0.0,0.3941302001476288,35.96269226074219,4.359864711761475,1.2420825958251953,0.12735067307949066,0.46382856369018555,0.9753667116165161,4.001394748687744,0.0,0.0,4.4883623123168945,3.4587793350219727,2.278311014175415,1.820413589477539,2.8884079456329346,0.8684642910957336,3.249596118927002,2.462580919265747,18.990686416625977,0.0,0.7810350060462952,17.379032135009766,8.603302001953125,0.6830049157142639,3.7413411140441895,0.09290297329425812,0.11934182047843933,0.8504995703697205,0.17038650810718536,4.441911697387695,0.020190004259347916,1.6292939186096191,9.36902904510498,0.4509510099887848,6.399504661560059,0.18719813227653503,1.0178831815719604,0.361761212348938,0.7238879203796387,0.0,0.6126919984817505,0.3328268826007843,1.6702966690063477,5.413336753845215,10.588708877563477,12.005186080932617,6.789813041687012,0.11599685996770859,0.3045583963394165,0.5295296907424927,1.4915492534637451,0.31996309757232666,0.4110279083251953,0.26825153827667236,0.17987731099128723,0.458950936794281,0.0,1.6169041395187378,0.2997692823410034,0.1185944527387619,1.5558853149414062,0.6804101467132568,0.3520859181880951,0.3192628026008606,0.14456838369369507,0.41017594933509827,0.7319656014442444,1.018971562385559,0.8171464204788208,0.43009471893310547,1.348289132118225,0.0,0.0,0.0,0.6567261219024658,0.8878854513168335,0.5122239589691162,0.8560069799423218,0.2891242206096649,0.3047740161418915,17.94089126586914,1.5577223300933838,0.7016111612319946,0.2508956789970398,6.588301181793213,0.3716490566730499,18.202285766601562,52.16633987426758,19.048337936401367,1.2898166179656982,0.663769543170929,0.07339997589588165,1.2344260215759277,0.0,0.7039844989776611,0.0,0.7356378436088562,0.2877212464809418,0.7921925187110901,0.3853212893009186,2.0981173515319824,0.18993167579174042,0.24111630022525787,15.652812957763672,0.1632222682237625,0.28133344650268555,0.03390450030565262,0.019480295479297638,0.0,0.044118862599134445,1.0539966821670532,2.0501208305358887,0.0,0.313836932182312,0.0,0.05267847329378128,0.3479797840118408,0.2693871259689331,0.10392572730779648,0.1831708401441574,0.0,0.0,0.3841157555580139,0.0,0.012138605117797852,0.1370145082473755,4.317012786865234,0.0,0.0,35.120540618896484,8.300233840942383,0.0,7.097899913787842,0.13101114332675934,0.010185152292251587,13.525716781616211,0.1352294385433197,0.514424741268158,10.933006286621094,5.617494583129883,0.0,0.0,10.136029243469238,1.0576707124710083,4.94238805770874,3.032620906829834,5.478346824645996,0.07623116672039032,0.25198596715927124,4.703043460845947,7.113506317138672,5.358731746673584,3.080947160720825,7.93538761138916,0.0,2.5745017528533936,16.639341354370117,7.4067511558532715,1.4335492849349976,2.5414867401123047,3.181936740875244,3.8216395378112793,10.377603530883789,7.284400463104248,17.77678680419922,7.62880802154541,18.51500701904297,18.3770809173584,13.133487701416016,48.31269073486328,16.314847946166992,18.534536361694336,12.782486915588379,8.31146240234375,12.099747657775879
TEST_09+3일,0.8366197347640991,40.814510345458984,0.9486956596374512,0.43373817205429077,0.05125501751899719,2.046229362487793,4.265925407409668,1.7728098630905151,0.0,0.0,0.09839124977588654,0.22273752093315125,0.2146213799715042,1.6929614543914795,4.731866836547852,0.10856041312217712,4.054356575012207,0.03720758110284805,0.35811060667037964,32.76871109008789,7.169663906097412,0.05503501743078232,0.3517916202545166,0.2368464171886444,36.35443115234375,3.7108349800109863,70.16473388671875,20.678239822387695,6.206511974334717,5.444227695465088,1.6942944526672363,1.1069860458374023,2.6931369304656982,0.707436203956604,3.1866707801818848,2.2960329055786133,19.455493927001953,0.0,0.7130748629570007,8.951643943786621,5.7451677322387695,1.2975972890853882,3.4767725467681885,0.5127022862434387,0.13360513746738434,0.5814421772956848,0.05846916884183884,3.895979166030884,0.0,5.689346790313721,6.819540500640869,0.6726475954055786,6.513474464416504,0.0581582710146904,1.0272164344787598,0.33290618658065796,0.29855769872665405,0.056491486728191376,0.6507634520530701,0.26760751008987427,2.178626537322998,3.444766044616699,6.761517524719238,8.424230575561523,1.4043262004852295,0.09899227321147919,0.47675150632858276,0.8591251969337463,0.5523914098739624,0.3194499611854553,0.9579890966415405,0.058978330343961716,0.4131516218185425,0.898987889289856,0.5663703680038452,2.5936672687530518,0.23373183608055115,0.07193470001220703,1.524012565612793,1.274597406387329,0.30488038063049316,0.44083577394485474,0.6158531904220581,0.8783738613128662,0.34250789880752563,0.3103850781917572,0.8055763840675354,0.6509321928024292,1.5194815397262573,2.5574488639831543,64.13341522216797,0.6878243684768677,0.8693196177482605,1.8444948196411133,0.07583615183830261,0.5346871614456177,0.27892929315567017,0.2092648446559906,18.565603256225586,1.253831386566162,0.4036484360694885,0.15931633114814758,5.6030988693237305,0.3821524381637573,0.0,18.022939682006836,5.11539363861084,0.7749820947647095,0.46081575751304626,0.1659519523382187,1.239806890487671,0.13958066701889038,0.31958210468292236,0.23142197728157043,0.557380735874176,0.34479856491088867,0.7892629504203796,0.2858878970146179,2.3163301944732666,0.0,0.011517459526658058,17.113065719604492,0.1572321355342865,0.24436795711517334,0.08081907778978348,0.08893474191427231,0.68369060754776,0.04924092814326286,1.1599316596984863,9.269821166992188,1.0953137874603271,0.17685262858867645,10.280525207519531,0.060671500861644745,0.0,0.36964792013168335,0.026012025773525238,0.3439744710922241,0.0,0.0,0.12103962153196335,0.021640464663505554,0.22120803594589233,0.08012813329696655,2.4161221981048584,0.0,80.76387023925781,74.65300750732422,6.251938819885254,0.0,5.549513816833496,0.0,0.0,7.427648544311523,0.0,0.0068953558802604675,6.969776153564453,2.7271571159362793,0.0,0.0,4.977480411529541,1.1189239025115967,3.0000619888305664,1.5038750171661377,3.5082547664642334,0.0,0.18203583359718323,5.7763166427612305,0.0,1.3164204359054565,0.3732101619243622,4.686570167541504,0.0,1.038902759552002,9.251411437988281,0.019737161695957184,1.4421504735946655,0.09083901345729828,1.0910212993621826,0.9018287062644958,15.658721923828125,10.029991149902344,26.30880355834961,5.979401588439941,12.648640632629395,20.480871200561523,10.009780883789062,63.19029235839844,25.156320571899414,18.555551528930664,65.57373809814453,9.494318008422852,12.967460632324219
TEST_09+4일,1.6363319158554077,33.45008087158203,0.0,0.725117027759552,0.0,2.6272976398468018,13.123680114746094,0.448179692029953,0.0,0.009600596502423286,0.0,0.2793169617652893,0.19570595026016235,2.27129864692688,7.170965671539307,0.9209617972373962,14.269350051879883,0.5622327327728271,0.42374154925346375,17.961523056030273,5.791872024536133,1.5581390857696533,0.49303311109542847,0.3572741150856018,44.34299850463867,3.9746570587158203,12.481968879699707,36.35060501098633,7.393367767333984,3.4542183876037598,1.0127841234207153,1.032374620437622,0.8893673419952393,1.0488122701644897,2.999924659729004,2.1812903881073,21.511131286621094,0.0,0.71308434009552,10.296062469482422,5.029942512512207,2.784475803375244,3.1519412994384766,1.0823018550872803,0.2778976559638977,0.3970909118652344,0.3158402740955353,8.474466323852539,0.0,7.61211633682251,8.786864280700684,1.2335463762283325,7.993874549865723,0.18330267071723938,0.3995952308177948,0.4131271243095398,0.3272041082382202,0.6135201454162598,0.5740556120872498,0.2953939139842987,2.8476364612579346,3.5423808097839355,4.03286075592041,7.810163974761963,5.50055456161499,0.15262845158576965,0.3100184202194214,0.7762510776519775,2.078779458999634,0.4045933485031128,2.8616416454315186,0.5049488544464111,0.6966730952262878,0.0,2.0088722705841064,3.5836024284362793,0.23637497425079346,0.11493127048015594,1.3484009504318237,2.635021209716797,0.4703068137168884,0.06815774738788605,0.5483883023262024,2.662698268890381,0.2800109386444092,1.3475574254989624,0.8346622586250305,0.8629735708236694,2.3980748653411865,4.488201141357422,103.18888092041016,1.076524257659912,1.6454228162765503,1.0004141330718994,0.1960400938987732,0.7755438089370728,0.23366136848926544,0.15913423895835876,19.051748275756836,1.3440800905227661,0.5015519261360168,0.2524526119232178,5.107558250427246,0.3728792071342468,14.238502502441406,41.27763366699219,13.898533821105957,2.5258443355560303,0.2062201350927353,0.09152036905288696,1.5595118999481201,0.14320559799671173,0.30344653129577637,0.0,1.1879920959472656,0.18813541531562805,0.9829035401344299,0.3602071702480316,1.3310394287109375,1.2931169271469116,0.10539191961288452,19.121248245239258,0.13224224746227264,0.45583057403564453,0.021024182438850403,0.1203140914440155,1.0014351606369019,0.053180284798145294,0.9609341621398926,1.708930253982544,1.5966302156448364,0.017732180655002594,18.530014038085938,0.5344650149345398,1.14638090133667,0.38893914222717285,0.11853568255901337,0.5071974396705627,0.6887785196304321,0.0,0.5739505887031555,0.04463772475719452,0.45735955238342285,0.1709633469581604,2.8735764026641846,0.0,85.68510437011719,116.55889892578125,5.677804946899414,0.0,5.191512584686279,0.0,0.0,6.9773406982421875,0.0,0.0,8.990921020507812,2.0518760681152344,1.3081086874008179,0.0,3.9928178787231445,1.0637340545654297,2.533552646636963,1.3177450895309448,3.199692964553833,0.2834731638431549,0.027219677343964577,4.0251665115356445,0.0,0.0,0.22083890438079834,5.105996131896973,0.0,0.838150143623352,9.58165454864502,0.0,1.3287755250930786,1.0908663272857666,0.42577114701271057,0.0,18.27823829650879,12.620677947998047,25.58501434326172,7.10951042175293,17.95749282836914,25.1870059967041,10.467491149902344,85.3847427368164,30.26422119140625,19.73811912536621,51.0472526550293,12.979751586914062,17.012378692626953
TEST_09+5일,2.220726490020752,51.82080841064453,2.9771435260772705,0.46797308325767517,0.6149713397026062,2.6686978340148926,18.318525314331055,2.6147561073303223,10.356975555419922,0.26982128620147705,0.22370395064353943,0.1657528132200241,0.0,4.08957576751709,12.259734153747559,1.0239781141281128,57.437774658203125,0.6588231921195984,0.578734815120697,55.12538528442383,9.299205780029297,3.4743118286132812,0.6504873037338257,0.36305931210517883,28.74486541748047,3.8106203079223633,0.0,75.60102081298828,7.410923004150391,3.2182540893554688,0.6480633020401001,0.03928881883621216,1.4665144681930542,1.1866357326507568,2.8809781074523926,2.365830183029175,24.799287796020508,0.0,0.8957465887069702,6.064362525939941,4.887551784515381,3.415968656539917,3.208934783935547,2.0353808403015137,0.3096257448196411,0.6197664737701416,0.49223649501800537,8.576031684875488,0.0,4.432985782623291,9.657882690429688,2.110483169555664,10.17223072052002,0.6152774095535278,1.2712655067443848,0.4777824878692627,0.5429213047027588,1.07505464553833,0.4923284649848938,0.2562398612499237,4.070971488952637,3.8061671257019043,6.309932231903076,10.58834457397461,3.915541648864746,0.16601598262786865,0.3792099058628082,0.29877036809921265,2.677983283996582,0.5359378457069397,4.120570659637451,1.2057121992111206,1.0087467432022095,14.044371604919434,1.4925057888031006,4.886256217956543,0.37559789419174194,0.1703222692012787,1.1225996017456055,3.217472553253174,0.6160499453544617,0.0,1.2076303958892822,11.213836669921875,0.6734522581100464,0.09752903878688812,0.8561815023422241,0.6952248215675354,3.4173712730407715,6.423108100891113,171.34664916992188,2.484401226043701,2.1775104999542236,1.7029430866241455,0.5064228177070618,0.4963915944099426,0.2632084786891937,0.14130298793315887,19.583114624023438,2.057110071182251,0.8171677589416504,0.3548029661178589,5.112232685089111,0.37501633167266846,10.433899879455566,6.465962886810303,7.219941139221191,3.344115734100342,0.8904049396514893,0.16815155744552612,1.2893275022506714,0.0,0.295744389295578,0.2731460928916931,0.8943973779678345,0.1400323063135147,1.318907618522644,0.6012238264083862,0.848283052444458,0.0,0.06380439549684525,16.42215347290039,0.06974004954099655,0.9704059362411499,0.1480272114276886,0.7164822816848755,1.011362075805664,0.0,0.9668318033218384,7.599250316619873,0.2769218683242798,0.14114022254943848,33.28828048706055,0.8293502926826477,0.5584292411804199,0.638713538646698,0.16739636659622192,0.0609331950545311,1.2203879356384277,1.3525534868240356,0.2102741003036499,0.02426670864224434,0.9532935619354248,0.26392698287963867,4.244045257568359,0.0,91.37138366699219,127.14995574951172,7.140015602111816,0.0,6.597142696380615,0.0,0.010836392641067505,11.588953018188477,0.0,0.009241621941328049,14.431384086608887,3.3202900886535645,0.07691748440265656,0.0,7.2209153175354,1.1924712657928467,3.7743470668792725,2.4979946613311768,5.078034400939941,0.227473646402359,0.0,6.27097225189209,2.011894464492798,0.0,2.4058194160461426,8.266681671142578,0.0,1.4232327938079834,11.273273468017578,1.8805170059204102,1.2229543924331665,2.073195219039917,2.107365369796753,0.0,18.365768432617188,12.113629341125488,20.070903778076172,8.040011405944824,13.489602088928223,23.298187255859375,11.79932689666748,69.83673858642578,33.08598709106445,21.215173721313477,72.53446197509766,14.23468017578125,21.48668098449707
TEST_09+6일,7.755326747894287,44.767578125,12.780742645263672,3.383140802383423,0.37767499685287476,1.36719810962677,7.077624797821045,7.532495498657227,27.565105438232422,1.0714716911315918,5.163488388061523,1.1903666257858276,2.255740165710449,5.060445308685303,30.340576171875,1.9786109924316406,28.594362258911133,1.4448282718658447,1.6347445249557495,34.24481964111328,4.230801105499268,5.329323768615723,0.9000518321990967,0.4176695942878723,47.324222564697266,3.037778854370117,15.851645469665527,178.2762451171875,6.4000630378723145,6.306821346282959,0.7460905909538269,2.991659164428711,1.8080010414123535,1.618789553642273,2.576550006866455,2.368377923965454,42.538795471191406,0.02238231897354126,0.9961515069007874,16.311817169189453,5.915768623352051,3.0957770347595215,3.3124277591705322,2.13680362701416,0.3389674723148346,1.813288927078247,1.3245798349380493,4.785183429718018,0.0,4.537621021270752,13.466781616210938,2.1933555603027344,10.709959030151367,0.749073326587677,0.45210543274879456,0.6671484112739563,1.8054993152618408,1.2877627611160278,0.49490416049957275,0.22665095329284668,11.824783325195312,5.91439151763916,5.492204666137695,15.176182746887207,4.790966987609863,0.21764594316482544,0.49661046266555786,0.3949669301509857,2.602571487426758,0.7203112840652466,2.9619765281677246,1.6637685298919678,1.4440014362335205,1.0292712450027466,1.4177461862564087,5.334085464477539,0.558847188949585,0.08401548117399216,1.0039489269256592,3.053769111633301,0.8363180160522461,1.8338464498519897,1.2945259809494019,3.541226387023926,1.1972002983093262,8.66165542602539,0.9095321297645569,1.2905391454696655,3.9259865283966064,7.310546398162842,111.57366180419922,2.9289867877960205,3.4880642890930176,3.982882022857666,0.9396280646324158,0.41384583711624146,0.26491057872772217,0.24162086844444275,19.8725528717041,0.27454400062561035,1.0352972745895386,0.7062922716140747,7.146922588348389,0.39080631732940674,0.7870685458183289,67.78450012207031,5.766324520111084,6.613306045532227,3.1812591552734375,0.4599743187427521,3.1077351570129395,0.05330541729927063,0.8605751395225525,0.5972074270248413,0.29920583963394165,0.7289813756942749,1.8677003383636475,0.9922623038291931,0.20853227376937866,0.6743578910827637,0.310225248336792,15.204328536987305,0.05344283580780029,0.6937704086303711,0.21840742230415344,0.5704101324081421,0.9127032160758972,0.20629718899726868,0.47441565990448,5.609249114990234,0.0,0.12432356178760529,9.746582984924316,1.7936053276062012,2.1348166465759277,1.1652240753173828,0.6786231994628906,2.02414870262146,1.6101820468902588,5.764960289001465,1.0135071277618408,0.29555124044418335,6.5577802658081055,0.3146539032459259,6.7521748542785645,0.0,115.72552490234375,91.67609405517578,9.916386604309082,0.0,8.695108413696289,0.10641194880008698,0.0,19.448665618896484,0.0,0.5649719834327698,21.71240234375,6.653416633605957,0.09796075522899628,0.0,12.717199325561523,1.2550561428070068,5.942312717437744,4.246180534362793,7.4602885246276855,0.20660701394081116,0.23711006343364716,15.557066917419434,3.6039867401123047,6.7456278800964355,4.785721778869629,15.662543296813965,2.190711259841919,2.6727890968322754,19.15639877319336,7.197213172912598,1.1921861171722412,2.251898765563965,4.468356609344482,3.384061813354492,33.48223876953125,16.175996780395508,31.292804718017578,12.699361801147461,21.418493270874023,29.477787017822266,18.123992919921875,134.46316528320312,45.55484390258789,21.34008026123047,91.65595245361328,20.23970603942871,35.272544860839844
TEST_09+7일,9.804412841796875,6.293338775634766,16.665544509887695,11.407069206237793,1.582801103591919,1.520430564880371,0.0,20.78264808654785,2.993391752243042,1.4112523794174194,11.759424209594727,2.370683193206787,2.2704315185546875,14.55189037322998,43.360679626464844,4.157529830932617,1.186460256576538,1.9455232620239258,3.6859686374664307,6.897552490234375,0.29123827815055847,9.746054649353027,1.2567205429077148,0.22234906256198883,32.60353469848633,1.6589853763580322,26.69085121154785,20.914735794067383,5.503493785858154,8.311603546142578,1.4594230651855469,4.042941093444824,3.078184127807617,2.034088134765625,2.593238592147827,2.3671696186065674,55.7830810546875,0.07925820350646973,0.913581907749176,34.33729553222656,7.499937534332275,2.003444194793701,3.3431031703948975,1.4162460565567017,0.3213946223258972,2.0328190326690674,1.1954303979873657,4.249980449676514,0.0,6.0677714347839355,19.187726974487305,1.5009921789169312,13.108987808227539,0.9525359272956848,7.990828990936279,0.7041143774986267,3.344722270965576,1.3851220607757568,0.4709959328174591,0.156241774559021,15.801390647888184,10.812853813171387,10.084370613098145,18.084774017333984,8.846329689025879,0.3388832211494446,0.7568212151527405,1.3001309633255005,1.9717178344726562,0.5156004428863525,1.052404522895813,1.7468690872192383,3.998096466064453,0.8448437452316284,2.089728832244873,4.518734455108643,0.5308563113212585,0.2799631357192993,0.7523790597915649,2.006251573562622,0.9654545187950134,1.9329906702041626,0.2147168666124344,0.12192081660032272,1.6628741025924683,5.1557722091674805,0.8824963569641113,2.353590965270996,3.725036144256592,7.166950225830078,19.604877471923828,3.0560264587402344,5.289505958557129,14.665855407714844,1.5211964845657349,1.094409704208374,0.320862352848053,0.22357673943042755,19.270523071289062,2.1838042736053467,1.3042099475860596,1.0330501794815063,7.770248889923096,0.38996630907058716,134.19754028320312,10.237990379333496,21.231103897094727,3.8457233905792236,4.497634410858154,1.1016851663589478,4.97648286819458,0.48235952854156494,1.4266225099563599,0.4550192356109619,2.492682456970215,0.9004059433937073,2.112327814102173,1.0107247829437256,0.7389189004898071,3.5362441539764404,0.6628290414810181,13.25495719909668,0.10940015316009521,0.0,0.14474107325077057,0.14862549304962158,0.0,0.4082689881324768,0.0,0.0,0.0,0.03632909059524536,0.0,2.681337594985962,6.589216232299805,4.202725887298584,2.6671290397644043,2.6021947860717773,3.2833194732666016,7.32508659362793,2.028830051422119,0.788852334022522,4.257284164428711,3.1876273155212402,7.523130893707275,1.1922889947891235,0.0,27.73714828491211,11.792745590209961,0.0,10.128215789794922,0.2278686761856079,0.0,23.676837921142578,0.6474071741104126,1.132820725440979,25.704927444458008,9.90756607055664,0.9233439564704895,0.0,16.559951782226562,1.4092979431152344,7.549182415008545,5.0082831382751465,8.944270133972168,1.2890069484710693,0.33751988410949707,15.75346851348877,10.671600341796875,11.686783790588379,7.339928150177002,18.38622283935547,3.4263620376586914,3.60224986076355,50.05452346801758,12.029151916503906,1.0486187934875488,4.076064109802246,4.954131603240967,5.9557061195373535,49.20024490356445,24.871967315673828,55.7178955078125,19.725234985351562,38.51515579223633,44.85124206542969,24.748300552368164,199.9772491455078,60.97160720825195,21.658376693725586,94.46363830566406,24.634593963623047,49.67294692993164
